{"__type":"$$EventMessageWorkflow","id":"168739c0-1815-4bad-9ac9-7203fc566abd","ts":"2026-04-04T16:28:10.354-04:00","eventName":"n8n.workflow.started","message":"n8n.workflow.started","payload":{"executionId":"7","workflowId":"YIYJI8ZkPUi59kQQ","isManual":false,"mode":"manual","workflowName":"My workflow"}}
{"__type":"$$EventMessageConfirm","confirm":"168739c0-1815-4bad-9ac9-7203fc566abd","ts":"2026-04-04T16:28:10.355-04:00","source":{"id":"0","name":"eventBus"}}
{"__type":"$$EventMessageAudit","id":"b5e81dd9-c72b-4edd-9009-6af61b92393f","ts":"2026-04-04T16:28:10.356-04:00","eventName":"n8n.audit.workflow.executed","message":"n8n.audit.workflow.executed","payload":{"workflowId":"YIYJI8ZkPUi59kQQ","workflowName":"My workflow","executionId":"7","source":"webhook"}}
{"__type":"$$EventMessageConfirm","confirm":"b5e81dd9-c72b-4edd-9009-6af61b92393f","ts":"2026-04-04T16:28:10.356-04:00","source":{"id":"0","name":"eventBus"}}
{"__type":"$$EventMessageNode","id":"f168eac4-3d21-4542-b5ea-77bb9e4ae9f3","ts":"2026-04-04T16:28:10.359-04:00","eventName":"n8n.node.started","message":"n8n.node.started","payload":{"workflowId":"YIYJI8ZkPUi59kQQ","workflowName":"My workflow","executionId":"7","nodeType":"n8n-nodes-base.webhook","nodeName":"Webhook","nodeId":"209ba0bd-158f-46b3-92d3-3e67fbfaeb46"}}
{"__type":"$$EventMessageConfirm","confirm":"f168eac4-3d21-4542-b5ea-77bb9e4ae9f3","ts":"2026-04-04T16:28:10.360-04:00","source":{"id":"0","name":"eventBus"}}
{"__type":"$$EventMessageNode","id":"5285daa1-7bd1-42aa-bdb9-b4daa4010d09","ts":"2026-04-04T16:28:10.362-04:00","eventName":"n8n.node.finished","message":"n8n.node.finished","payload":{"workflowId":"YIYJI8ZkPUi59kQQ","workflowName":"My workflow","executionId":"7","nodeType":"n8n-nodes-base.webhook","nodeName":"Webhook","nodeId":"209ba0bd-158f-46b3-92d3-3e67fbfaeb46"}}
{"__type":"$$EventMessageConfirm","confirm":"5285daa1-7bd1-42aa-bdb9-b4daa4010d09","ts":"2026-04-04T16:28:10.362-04:00","source":{"id":"0","name":"eventBus"}}
{"__type":"$$EventMessageWorkflow","id":"ecd82f37-3536-42ea-b6e6-d03a37976a0c","ts":"2026-04-04T16:28:10.378-04:00","eventName":"n8n.workflow.success","message":"n8n.workflow.success","payload":{"executionId":"7","success":true,"isManual":true,"mode":"manual","workflowId":"YIYJI8ZkPUi59kQQ","workflowName":"My workflow"}}
{"__type":"$$EventMessageConfirm","confirm":"ecd82f37-3536-42ea-b6e6-d03a37976a0c","ts":"2026-04-04T16:28:10.379-04:00","source":{"id":"0","name":"eventBus"}}
{"__type":"$$EventMessageWorkflow","id":"9498db83-101f-47ee-8176-1c9b9a9cedbb","ts":"2026-04-04T16:28:13.292-04:00","eventName":"n8n.workflow.started","message":"n8n.workflow.started","payload":{"executionId":"8","workflowId":"YIYJI8ZkPUi59kQQ","isManual":false,"mode":"manual","workflowName":"My workflow"}}
{"__type":"$$EventMessageConfirm","confirm":"9498db83-101f-47ee-8176-1c9b9a9cedbb","ts":"2026-04-04T16:28:13.293-04:00","source":{"id":"0","name":"eventBus"}}
{"__type":"$$EventMessageAudit","id":"aa1679fe-d01e-46e7-82bd-65534b8730e4","ts":"2026-04-04T16:28:13.295-04:00","eventName":"n8n.audit.workflow.executed","message":"n8n.audit.workflow.executed","payload":{"userId":"5dbe17fd-2bf6-4d1e-ad71-13ee612d9454","_email":"joao.basa.18@gmail.com","_firstName":"Joao","_lastName":"Basanta","globalRole":"global:owner","workflowId":"YIYJI8ZkPUi59kQQ","workflowName":"My workflow","executionId":"8","source":"user-manual"}}
{"__type":"$$EventMessageConfirm","confirm":"aa1679fe-d01e-46e7-82bd-65534b8730e4","ts":"2026-04-04T16:28:13.296-04:00","source":{"id":"0","name":"eventBus"}}
{"__type":"$$EventMessageNode","id":"979063d1-8914-49fc-8676-b643c9ae6b34","ts":"2026-04-04T16:28:13.317-04:00","eventName":"n8n.node.started","message":"n8n.node.started","payload":{"workflowId":"YIYJI8ZkPUi59kQQ","workflowName":"My workflow","executionId":"8","nodeType":"@n8n/n8n-nodes-langchain.agent","nodeName":"AI Agent","nodeId":"9a07d0c0-fee7-4cf3-bf7c-e89cbd9d96c9"}}
{"__type":"$$EventMessageConfirm","confirm":"979063d1-8914-49fc-8676-b643c9ae6b34","ts":"2026-04-04T16:28:13.317-04:00","source":{"id":"0","name":"eventBus"}}
{"__type":"$$EventMessageAudit","id":"782eb4d0-d82b-41cc-9c2f-8e95ce537b3f","ts":"2026-04-04T16:28:39.673-04:00","eventName":"n8n.audit.workflow.updated","message":"n8n.audit.workflow.updated","payload":{"userId":"5dbe17fd-2bf6-4d1e-ad71-13ee612d9454","_email":"joao.basa.18@gmail.com","_firstName":"Joao","_lastName":"Basanta","globalRole":"global:owner","workflowId":"YIYJI8ZkPUi59kQQ","workflowName":"My workflow"}}
{"__type":"$$EventMessageConfirm","confirm":"782eb4d0-d82b-41cc-9c2f-8e95ce537b3f","ts":"2026-04-04T16:28:39.674-04:00","source":{"id":"0","name":"eventBus"}}
{"__type":"$$EventMessageAudit","id":"edf2b508-276b-434c-8b73-e42b499d0ce6","ts":"2026-04-04T16:28:41.518-04:00","eventName":"n8n.audit.workflow.updated","message":"n8n.audit.workflow.updated","payload":{"userId":"5dbe17fd-2bf6-4d1e-ad71-13ee612d9454","_email":"joao.basa.18@gmail.com","_firstName":"Joao","_lastName":"Basanta","globalRole":"global:owner","workflowId":"YIYJI8ZkPUi59kQQ","workflowName":"My workflow"}}
{"__type":"$$EventMessageConfirm","confirm":"edf2b508-276b-434c-8b73-e42b499d0ce6","ts":"2026-04-04T16:28:41.519-04:00","source":{"id":"0","name":"eventBus"}}
{"__type":"$$EventMessageNode","id":"1ad11581-745f-4ab3-9283-e687eede25e6","ts":"2026-04-04T16:28:41.841-04:00","eventName":"n8n.node.started","message":"n8n.node.started","payload":{"workflowId":"YIYJI8ZkPUi59kQQ","workflowName":"My workflow","executionId":"8","nodeType":"@n8n/n8n-nodes-langchain.memoryMongoDbChat","nodeName":"MongoDB Chat Memory","nodeId":"754b91b0-51fa-4134-b475-fabea68a7ceb"}}
{"__type":"$$EventMessageConfirm","confirm":"1ad11581-745f-4ab3-9283-e687eede25e6","ts":"2026-04-04T16:28:41.841-04:00","source":{"id":"0","name":"eventBus"}}
{"__type":"$$EventMessageNode","id":"79a16247-b7cc-4407-b712-6db07989b674","ts":"2026-04-04T16:28:41.843-04:00","eventName":"n8n.node.finished","message":"n8n.node.finished","payload":{"workflowId":"YIYJI8ZkPUi59kQQ","workflowName":"My workflow","executionId":"8","nodeType":"@n8n/n8n-nodes-langchain.memoryMongoDbChat","nodeName":"MongoDB Chat Memory","nodeId":"754b91b0-51fa-4134-b475-fabea68a7ceb"}}
{"__type":"$$EventMessageConfirm","confirm":"79a16247-b7cc-4407-b712-6db07989b674","ts":"2026-04-04T16:28:41.843-04:00","source":{"id":"0","name":"eventBus"}}
{"__type":"$$EventMessageNode","id":"314a89bf-9cd1-4c86-97ce-7f50a6dec04a","ts":"2026-04-04T16:28:41.903-04:00","eventName":"n8n.node.finished","message":"n8n.node.finished","payload":{"workflowId":"YIYJI8ZkPUi59kQQ","workflowName":"My workflow","executionId":"8","nodeType":"@n8n/n8n-nodes-langchain.agent","nodeName":"AI Agent","nodeId":"9a07d0c0-fee7-4cf3-bf7c-e89cbd9d96c9"}}
{"__type":"$$EventMessageConfirm","confirm":"314a89bf-9cd1-4c86-97ce-7f50a6dec04a","ts":"2026-04-04T16:28:41.903-04:00","source":{"id":"0","name":"eventBus"}}
{"__type":"$$EventMessageWorkflow","id":"1879a4af-dcd7-446c-adcc-4c5182033a0f","ts":"2026-04-04T16:28:41.913-04:00","eventName":"n8n.workflow.failed","message":"n8n.workflow.failed","payload":{"userId":"5dbe17fd-2bf6-4d1e-ad71-13ee612d9454","executionId":"8","success":false,"isManual":true,"mode":"manual","workflowId":"YIYJI8ZkPUi59kQQ","workflowName":"My workflow","lastNodeExecuted":"AI Agent","errorNodeType":"@n8n/n8n-nodes-langchain.memoryMongoDbChat","errorMessage":"Error in sub-node MongoDB Chat Memory"}}
{"__type":"$$EventMessageConfirm","confirm":"1879a4af-dcd7-446c-adcc-4c5182033a0f","ts":"2026-04-04T16:28:41.913-04:00","source":{"id":"0","name":"eventBus"}}
{"__type":"$$EventMessageAudit","id":"5dc9360f-d160-4628-9087-8c8cba5892a8","ts":"2026-04-04T16:29:32.061-04:00","eventName":"n8n.audit.user.credentials.updated","message":"n8n.audit.user.credentials.updated","payload":{"userId":"5dbe17fd-2bf6-4d1e-ad71-13ee612d9454","_email":"joao.basa.18@gmail.com","_firstName":"Joao","_lastName":"Basanta","globalRole":"global:owner","credentialType":"mongoDb","credentialId":"g9fsT09LVlfufYo7","isDynamic":false}}
{"__type":"$$EventMessageConfirm","confirm":"5dc9360f-d160-4628-9087-8c8cba5892a8","ts":"2026-04-04T16:29:32.061-04:00","source":{"id":"0","name":"eventBus"}}
{"__type":"$$EventMessageAudit","id":"2fc1a569-439b-4736-9b26-727fc70a5e2d","ts":"2026-04-04T16:29:59.251-04:00","eventName":"n8n.audit.user.credentials.deleted","message":"n8n.audit.user.credentials.deleted","payload":{"userId":"5dbe17fd-2bf6-4d1e-ad71-13ee612d9454","_email":"joao.basa.18@gmail.com","_firstName":"Joao","_lastName":"Basanta","globalRole":"global:owner","credentialType":"mongoDb","credentialId":"g9fsT09LVlfufYo7"}}
{"__type":"$$EventMessageConfirm","confirm":"2fc1a569-439b-4736-9b26-727fc70a5e2d","ts":"2026-04-04T16:29:59.251-04:00","source":{"id":"0","name":"eventBus"}}
{"__type":"$$EventMessageAudit","id":"0a8b7a34-81d1-4dd9-8fe0-37ac9031ded6","ts":"2026-04-04T16:30:00.992-04:00","eventName":"n8n.audit.workflow.updated","message":"n8n.audit.workflow.updated","payload":{"userId":"5dbe17fd-2bf6-4d1e-ad71-13ee612d9454","_email":"joao.basa.18@gmail.com","_firstName":"Joao","_lastName":"Basanta","globalRole":"global:owner","workflowId":"YIYJI8ZkPUi59kQQ","workflowName":"My workflow"}}
{"__type":"$$EventMessageConfirm","confirm":"0a8b7a34-81d1-4dd9-8fe0-37ac9031ded6","ts":"2026-04-04T16:30:00.993-04:00","source":{"id":"0","name":"eventBus"}}
{"__type":"$$EventMessageAudit","id":"43c83bbe-0ab1-4462-8c99-e2de3760060a","ts":"2026-04-04T16:33:13.354-04:00","eventName":"n8n.audit.user.credentials.created","message":"n8n.audit.user.credentials.created","payload":{"userId":"5dbe17fd-2bf6-4d1e-ad71-13ee612d9454","_email":"joao.basa.18@gmail.com","_firstName":"Joao","_lastName":"Basanta","globalRole":"global:owner","credentialType":"mongoDb","credentialId":"OVY43bDYYcqEdR6l","publicApi":false,"projectId":"CqZgsIg2zevaahZe","projectType":"personal","isDynamic":false}}
{"__type":"$$EventMessageConfirm","confirm":"43c83bbe-0ab1-4462-8c99-e2de3760060a","ts":"2026-04-04T16:33:13.354-04:00","source":{"id":"0","name":"eventBus"}}
{"__type":"$$EventMessageAudit","id":"67a26e43-657b-4934-b582-05606a35b0f8","ts":"2026-04-04T16:33:18.654-04:00","eventName":"n8n.audit.workflow.updated","message":"n8n.audit.workflow.updated","payload":{"userId":"5dbe17fd-2bf6-4d1e-ad71-13ee612d9454","_email":"joao.basa.18@gmail.com","_firstName":"Joao","_lastName":"Basanta","globalRole":"global:owner","workflowId":"YIYJI8ZkPUi59kQQ","workflowName":"My workflow"}}
{"__type":"$$EventMessageConfirm","confirm":"67a26e43-657b-4934-b582-05606a35b0f8","ts":"2026-04-04T16:33:18.654-04:00","source":{"id":"0","name":"eventBus"}}
{"__type":"$$EventMessageAudit","id":"7c564943-bd9f-4842-823c-1901dd2a925f","ts":"2026-04-04T16:33:35.062-04:00","eventName":"n8n.audit.workflow.updated","message":"n8n.audit.workflow.updated","payload":{"userId":"5dbe17fd-2bf6-4d1e-ad71-13ee612d9454","_email":"joao.basa.18@gmail.com","_firstName":"Joao","_lastName":"Basanta","globalRole":"global:owner","workflowId":"YIYJI8ZkPUi59kQQ","workflowName":"My workflow"}}
{"__type":"$$EventMessageConfirm","confirm":"7c564943-bd9f-4842-823c-1901dd2a925f","ts":"2026-04-04T16:33:35.063-04:00","source":{"id":"0","name":"eventBus"}}
{"__type":"$$EventMessageWorkflow","id":"8ab2a04b-902c-4780-aeaf-2b264620bf97","ts":"2026-04-04T16:33:40.688-04:00","eventName":"n8n.workflow.started","message":"n8n.workflow.started","payload":{"executionId":"9","workflowId":"YIYJI8ZkPUi59kQQ","isManual":false,"mode":"manual","workflowName":"My workflow"}}
{"__type":"$$EventMessageConfirm","confirm":"8ab2a04b-902c-4780-aeaf-2b264620bf97","ts":"2026-04-04T16:33:40.689-04:00","source":{"id":"0","name":"eventBus"}}
{"__type":"$$EventMessageAudit","id":"c00b0ce3-6da4-4faf-bf62-ed1d44c89217","ts":"2026-04-04T16:33:40.690-04:00","eventName":"n8n.audit.workflow.executed","message":"n8n.audit.workflow.executed","payload":{"userId":"5dbe17fd-2bf6-4d1e-ad71-13ee612d9454","_email":"joao.basa.18@gmail.com","_firstName":"Joao","_lastName":"Basanta","globalRole":"global:owner","workflowId":"YIYJI8ZkPUi59kQQ","workflowName":"My workflow","executionId":"9","source":"user-manual"}}
{"__type":"$$EventMessageConfirm","confirm":"c00b0ce3-6da4-4faf-bf62-ed1d44c89217","ts":"2026-04-04T16:33:40.690-04:00","source":{"id":"0","name":"eventBus"}}
{"__type":"$$EventMessageNode","id":"d3d29474-c3aa-4c1b-b8ad-2bf02d9065bb","ts":"2026-04-04T16:33:40.708-04:00","eventName":"n8n.node.started","message":"n8n.node.started","payload":{"workflowId":"YIYJI8ZkPUi59kQQ","workflowName":"My workflow","executionId":"9","nodeType":"@n8n/n8n-nodes-langchain.agent","nodeName":"AI Agent","nodeId":"9a07d0c0-fee7-4cf3-bf7c-e89cbd9d96c9"}}
{"__type":"$$EventMessageConfirm","confirm":"d3d29474-c3aa-4c1b-b8ad-2bf02d9065bb","ts":"2026-04-04T16:33:40.708-04:00","source":{"id":"0","name":"eventBus"}}
{"__type":"$$EventMessageNode","id":"b715e0dc-6a7f-43a4-bccc-357fbabcee62","ts":"2026-04-04T16:33:40.810-04:00","eventName":"n8n.node.started","message":"n8n.node.started","payload":{"workflowId":"YIYJI8ZkPUi59kQQ","workflowName":"My workflow","executionId":"9","nodeType":"@n8n/n8n-nodes-langchain.memoryMongoDbChat","nodeName":"MongoDB Chat Memory","nodeId":"754b91b0-51fa-4134-b475-fabea68a7ceb"}}
{"__type":"$$EventMessageConfirm","confirm":"b715e0dc-6a7f-43a4-bccc-357fbabcee62","ts":"2026-04-04T16:33:40.810-04:00","source":{"id":"0","name":"eventBus"}}
{"__type":"$$EventMessageNode","id":"d10d5d35-b3a6-4b60-93c2-fd055447cadb","ts":"2026-04-04T16:33:40.833-04:00","eventName":"n8n.node.finished","message":"n8n.node.finished","payload":{"workflowId":"YIYJI8ZkPUi59kQQ","workflowName":"My workflow","executionId":"9","nodeType":"@n8n/n8n-nodes-langchain.memoryMongoDbChat","nodeName":"MongoDB Chat Memory","nodeId":"754b91b0-51fa-4134-b475-fabea68a7ceb"}}
{"__type":"$$EventMessageConfirm","confirm":"d10d5d35-b3a6-4b60-93c2-fd055447cadb","ts":"2026-04-04T16:33:40.834-04:00","source":{"id":"0","name":"eventBus"}}
{"__type":"$$EventMessageNode","id":"3b974b85-37fb-4756-87df-5175e9595541","ts":"2026-04-04T16:33:40.853-04:00","eventName":"n8n.node.finished","message":"n8n.node.finished","payload":{"workflowId":"YIYJI8ZkPUi59kQQ","workflowName":"My workflow","executionId":"9","nodeType":"@n8n/n8n-nodes-langchain.agent","nodeName":"AI Agent","nodeId":"9a07d0c0-fee7-4cf3-bf7c-e89cbd9d96c9"}}
{"__type":"$$EventMessageConfirm","confirm":"3b974b85-37fb-4756-87df-5175e9595541","ts":"2026-04-04T16:33:40.853-04:00","source":{"id":"0","name":"eventBus"}}
{"__type":"$$EventMessageWorkflow","id":"e8d8003f-1f39-4219-a232-8d3bd710f46a","ts":"2026-04-04T16:33:40.860-04:00","eventName":"n8n.workflow.failed","message":"n8n.workflow.failed","payload":{"userId":"5dbe17fd-2bf6-4d1e-ad71-13ee612d9454","executionId":"9","success":false,"isManual":true,"mode":"manual","workflowId":"YIYJI8ZkPUi59kQQ","workflowName":"My workflow","lastNodeExecuted":"AI Agent","errorNodeType":"@n8n/n8n-nodes-langchain.memoryMongoDbChat","errorMessage":"Invalid namespace specified: servicedesk .chat_history"}}
{"__type":"$$EventMessageConfirm","confirm":"e8d8003f-1f39-4219-a232-8d3bd710f46a","ts":"2026-04-04T16:33:40.860-04:00","source":{"id":"0","name":"eventBus"}}
{"__type":"$$EventMessageWorkflow","id":"df4c226e-7e8b-4686-a397-c5e13eb88136","ts":"2026-04-04T16:33:54.353-04:00","eventName":"n8n.workflow.started","message":"n8n.workflow.started","payload":{"executionId":"10","workflowId":"YIYJI8ZkPUi59kQQ","isManual":false,"mode":"manual","workflowName":"My workflow"}}
{"__type":"$$EventMessageConfirm","confirm":"df4c226e-7e8b-4686-a397-c5e13eb88136","ts":"2026-04-04T16:33:54.353-04:00","source":{"id":"0","name":"eventBus"}}
{"__type":"$$EventMessageAudit","id":"408f77cb-230a-4603-b95d-fdfb078f5cfa","ts":"2026-04-04T16:33:54.354-04:00","eventName":"n8n.audit.workflow.executed","message":"n8n.audit.workflow.executed","payload":{"workflowId":"YIYJI8ZkPUi59kQQ","workflowName":"My workflow","executionId":"10","source":"webhook"}}
{"__type":"$$EventMessageConfirm","confirm":"408f77cb-230a-4603-b95d-fdfb078f5cfa","ts":"2026-04-04T16:33:54.354-04:00","source":{"id":"0","name":"eventBus"}}
{"__type":"$$EventMessageNode","id":"dc05043b-ae8d-400a-871f-48c4af75076e","ts":"2026-04-04T16:33:54.355-04:00","eventName":"n8n.node.started","message":"n8n.node.started","payload":{"workflowId":"YIYJI8ZkPUi59kQQ","workflowName":"My workflow","executionId":"10","nodeType":"n8n-nodes-base.webhook","nodeName":"Webhook","nodeId":"209ba0bd-158f-46b3-92d3-3e67fbfaeb46"}}
{"__type":"$$EventMessageConfirm","confirm":"dc05043b-ae8d-400a-871f-48c4af75076e","ts":"2026-04-04T16:33:54.355-04:00","source":{"id":"0","name":"eventBus"}}
{"__type":"$$EventMessageNode","id":"c3242768-4c3e-4290-839e-c9a11a7c813a","ts":"2026-04-04T16:33:54.356-04:00","eventName":"n8n.node.finished","message":"n8n.node.finished","payload":{"workflowId":"YIYJI8ZkPUi59kQQ","workflowName":"My workflow","executionId":"10","nodeType":"n8n-nodes-base.webhook","nodeName":"Webhook","nodeId":"209ba0bd-158f-46b3-92d3-3e67fbfaeb46"}}
{"__type":"$$EventMessageConfirm","confirm":"c3242768-4c3e-4290-839e-c9a11a7c813a","ts":"2026-04-04T16:33:54.357-04:00","source":{"id":"0","name":"eventBus"}}
{"__type":"$$EventMessageWorkflow","id":"250c5391-060c-4fef-bb39-dfe8a0a04560","ts":"2026-04-04T16:33:54.363-04:00","eventName":"n8n.workflow.success","message":"n8n.workflow.success","payload":{"executionId":"10","success":true,"isManual":true,"mode":"manual","workflowId":"YIYJI8ZkPUi59kQQ","workflowName":"My workflow"}}
{"__type":"$$EventMessageConfirm","confirm":"250c5391-060c-4fef-bb39-dfe8a0a04560","ts":"2026-04-04T16:33:54.363-04:00","source":{"id":"0","name":"eventBus"}}
{"__type":"$$EventMessageWorkflow","id":"690806be-12ef-4614-8932-df3f9dbaa3b6","ts":"2026-04-04T16:33:58.130-04:00","eventName":"n8n.workflow.started","message":"n8n.workflow.started","payload":{"executionId":"11","workflowId":"YIYJI8ZkPUi59kQQ","isManual":false,"mode":"manual","workflowName":"My workflow"}}
{"__type":"$$EventMessageConfirm","confirm":"690806be-12ef-4614-8932-df3f9dbaa3b6","ts":"2026-04-04T16:33:58.130-04:00","source":{"id":"0","name":"eventBus"}}
{"__type":"$$EventMessageAudit","id":"f21197b7-8976-4720-bb82-f5e632ba525a","ts":"2026-04-04T16:33:58.131-04:00","eventName":"n8n.audit.workflow.executed","message":"n8n.audit.workflow.executed","payload":{"userId":"5dbe17fd-2bf6-4d1e-ad71-13ee612d9454","_email":"joao.basa.18@gmail.com","_firstName":"Joao","_lastName":"Basanta","globalRole":"global:owner","workflowId":"YIYJI8ZkPUi59kQQ","workflowName":"My workflow","executionId":"11","source":"user-manual"}}
{"__type":"$$EventMessageConfirm","confirm":"f21197b7-8976-4720-bb82-f5e632ba525a","ts":"2026-04-04T16:33:58.131-04:00","source":{"id":"0","name":"eventBus"}}
{"__type":"$$EventMessageNode","id":"e793962e-1d0c-4b68-8f77-22fe5540c5a0","ts":"2026-04-04T16:33:58.151-04:00","eventName":"n8n.node.started","message":"n8n.node.started","payload":{"workflowId":"YIYJI8ZkPUi59kQQ","workflowName":"My workflow","executionId":"11","nodeType":"@n8n/n8n-nodes-langchain.agent","nodeName":"AI Agent","nodeId":"9a07d0c0-fee7-4cf3-bf7c-e89cbd9d96c9"}}
{"__type":"$$EventMessageConfirm","confirm":"e793962e-1d0c-4b68-8f77-22fe5540c5a0","ts":"2026-04-04T16:33:58.151-04:00","source":{"id":"0","name":"eventBus"}}
{"__type":"$$EventMessageNode","id":"d8adc237-4dc2-47d4-8f28-31a2f5159e27","ts":"2026-04-04T16:33:58.186-04:00","eventName":"n8n.node.started","message":"n8n.node.started","payload":{"workflowId":"YIYJI8ZkPUi59kQQ","workflowName":"My workflow","executionId":"11","nodeType":"@n8n/n8n-nodes-langchain.memoryMongoDbChat","nodeName":"MongoDB Chat Memory","nodeId":"754b91b0-51fa-4134-b475-fabea68a7ceb"}}
{"__type":"$$EventMessageConfirm","confirm":"d8adc237-4dc2-47d4-8f28-31a2f5159e27","ts":"2026-04-04T16:33:58.186-04:00","source":{"id":"0","name":"eventBus"}}
{"__type":"$$EventMessageNode","id":"1d9d0674-7dc4-46c7-a180-8681997e95cb","ts":"2026-04-04T16:33:58.191-04:00","eventName":"n8n.node.finished","message":"n8n.node.finished","payload":{"workflowId":"YIYJI8ZkPUi59kQQ","workflowName":"My workflow","executionId":"11","nodeType":"@n8n/n8n-nodes-langchain.memoryMongoDbChat","nodeName":"MongoDB Chat Memory","nodeId":"754b91b0-51fa-4134-b475-fabea68a7ceb"}}
{"__type":"$$EventMessageConfirm","confirm":"1d9d0674-7dc4-46c7-a180-8681997e95cb","ts":"2026-04-04T16:33:58.192-04:00","source":{"id":"0","name":"eventBus"}}
{"__type":"$$EventMessageNode","id":"a18fe191-fd95-4cf4-bb16-d1933547246c","ts":"2026-04-04T16:33:58.194-04:00","eventName":"n8n.node.finished","message":"n8n.node.finished","payload":{"workflowId":"YIYJI8ZkPUi59kQQ","workflowName":"My workflow","executionId":"11","nodeType":"@n8n/n8n-nodes-langchain.agent","nodeName":"AI Agent","nodeId":"9a07d0c0-fee7-4cf3-bf7c-e89cbd9d96c9"}}
{"__type":"$$EventMessageConfirm","confirm":"a18fe191-fd95-4cf4-bb16-d1933547246c","ts":"2026-04-04T16:33:58.194-04:00","source":{"id":"0","name":"eventBus"}}
{"__type":"$$EventMessageWorkflow","id":"5fddbf77-8f56-42f2-910c-0ed707229865","ts":"2026-04-04T16:33:58.197-04:00","eventName":"n8n.workflow.failed","message":"n8n.workflow.failed","payload":{"userId":"5dbe17fd-2bf6-4d1e-ad71-13ee612d9454","executionId":"11","success":false,"isManual":true,"mode":"manual","workflowId":"YIYJI8ZkPUi59kQQ","workflowName":"My workflow","lastNodeExecuted":"AI Agent","errorNodeType":"@n8n/n8n-nodes-langchain.memoryMongoDbChat","errorMessage":"Invalid namespace specified: servicedesk .chat_history"}}
{"__type":"$$EventMessageConfirm","confirm":"5fddbf77-8f56-42f2-910c-0ed707229865","ts":"2026-04-04T16:33:58.198-04:00","source":{"id":"0","name":"eventBus"}}
{"__type":"$$EventMessageWorkflow","id":"4bd0d9a5-19bb-4ea7-9491-1058b2d9655f","ts":"2026-04-04T16:34:35.930-04:00","eventName":"n8n.workflow.started","message":"n8n.workflow.started","payload":{"executionId":"12","workflowId":"YIYJI8ZkPUi59kQQ","isManual":false,"mode":"manual","workflowName":"My workflow"}}
{"__type":"$$EventMessageConfirm","confirm":"4bd0d9a5-19bb-4ea7-9491-1058b2d9655f","ts":"2026-04-04T16:34:35.931-04:00","source":{"id":"0","name":"eventBus"}}
{"__type":"$$EventMessageAudit","id":"8b1dd218-c5f5-4ffe-8030-f4da779093cc","ts":"2026-04-04T16:34:35.933-04:00","eventName":"n8n.audit.workflow.executed","message":"n8n.audit.workflow.executed","payload":{"userId":"5dbe17fd-2bf6-4d1e-ad71-13ee612d9454","_email":"joao.basa.18@gmail.com","_firstName":"Joao","_lastName":"Basanta","globalRole":"global:owner","workflowId":"YIYJI8ZkPUi59kQQ","workflowName":"My workflow","executionId":"12","source":"user-manual"}}
{"__type":"$$EventMessageConfirm","confirm":"8b1dd218-c5f5-4ffe-8030-f4da779093cc","ts":"2026-04-04T16:34:35.934-04:00","source":{"id":"0","name":"eventBus"}}
{"__type":"$$EventMessageNode","id":"55b76b79-8e53-4ed5-9dcf-fcc6f8539c17","ts":"2026-04-04T16:34:35.954-04:00","eventName":"n8n.node.started","message":"n8n.node.started","payload":{"workflowId":"YIYJI8ZkPUi59kQQ","workflowName":"My workflow","executionId":"12","nodeType":"@n8n/n8n-nodes-langchain.agent","nodeName":"AI Agent","nodeId":"9a07d0c0-fee7-4cf3-bf7c-e89cbd9d96c9"}}
{"__type":"$$EventMessageConfirm","confirm":"55b76b79-8e53-4ed5-9dcf-fcc6f8539c17","ts":"2026-04-04T16:34:35.954-04:00","source":{"id":"0","name":"eventBus"}}
{"__type":"$$EventMessageNode","id":"0f873776-f68e-43c5-a5cf-bbb2904fe4a7","ts":"2026-04-04T16:34:35.992-04:00","eventName":"n8n.node.started","message":"n8n.node.started","payload":{"workflowId":"YIYJI8ZkPUi59kQQ","workflowName":"My workflow","executionId":"12","nodeType":"@n8n/n8n-nodes-langchain.memoryMongoDbChat","nodeName":"MongoDB Chat Memory","nodeId":"754b91b0-51fa-4134-b475-fabea68a7ceb"}}
{"__type":"$$EventMessageConfirm","confirm":"0f873776-f68e-43c5-a5cf-bbb2904fe4a7","ts":"2026-04-04T16:34:35.992-04:00","source":{"id":"0","name":"eventBus"}}
{"__type":"$$EventMessageNode","id":"5c1091e3-4422-477c-bab2-55daf6868b52","ts":"2026-04-04T16:34:35.998-04:00","eventName":"n8n.node.finished","message":"n8n.node.finished","payload":{"workflowId":"YIYJI8ZkPUi59kQQ","workflowName":"My workflow","executionId":"12","nodeType":"@n8n/n8n-nodes-langchain.memoryMongoDbChat","nodeName":"MongoDB Chat Memory","nodeId":"754b91b0-51fa-4134-b475-fabea68a7ceb"}}
{"__type":"$$EventMessageConfirm","confirm":"5c1091e3-4422-477c-bab2-55daf6868b52","ts":"2026-04-04T16:34:35.998-04:00","source":{"id":"0","name":"eventBus"}}
{"__type":"$$EventMessageNode","id":"fe903fb5-1e96-487c-9b18-2da678418003","ts":"2026-04-04T16:34:36.000-04:00","eventName":"n8n.node.finished","message":"n8n.node.finished","payload":{"workflowId":"YIYJI8ZkPUi59kQQ","workflowName":"My workflow","executionId":"12","nodeType":"@n8n/n8n-nodes-langchain.agent","nodeName":"AI Agent","nodeId":"9a07d0c0-fee7-4cf3-bf7c-e89cbd9d96c9"}}
{"__type":"$$EventMessageConfirm","confirm":"fe903fb5-1e96-487c-9b18-2da678418003","ts":"2026-04-04T16:34:36.000-04:00","source":{"id":"0","name":"eventBus"}}
{"__type":"$$EventMessageWorkflow","id":"af56d20a-cc57-4f6d-a7ce-fee4da949e10","ts":"2026-04-04T16:34:36.004-04:00","eventName":"n8n.workflow.failed","message":"n8n.workflow.failed","payload":{"userId":"5dbe17fd-2bf6-4d1e-ad71-13ee612d9454","executionId":"12","success":false,"isManual":true,"mode":"manual","workflowId":"YIYJI8ZkPUi59kQQ","workflowName":"My workflow","lastNodeExecuted":"AI Agent","errorNodeType":"@n8n/n8n-nodes-langchain.memoryMongoDbChat","errorMessage":"Invalid namespace specified: servicedesk .chat_history"}}
{"__type":"$$EventMessageConfirm","confirm":"af56d20a-cc57-4f6d-a7ce-fee4da949e10","ts":"2026-04-04T16:34:36.004-04:00","source":{"id":"0","name":"eventBus"}}
{"__type":"$$EventMessageWorkflow","id":"7a047344-7053-4b9a-87a0-30de85d6d671","ts":"2026-04-04T16:35:51.708-04:00","eventName":"n8n.workflow.started","message":"n8n.workflow.started","payload":{"executionId":"13","workflowId":"YIYJI8ZkPUi59kQQ","isManual":false,"mode":"manual","workflowName":"My workflow"}}
{"__type":"$$EventMessageConfirm","confirm":"7a047344-7053-4b9a-87a0-30de85d6d671","ts":"2026-04-04T16:35:51.708-04:00","source":{"id":"0","name":"eventBus"}}
{"__type":"$$EventMessageAudit","id":"e455d66c-d9f4-4705-aa8b-19f0f1f0b9e0","ts":"2026-04-04T16:35:51.709-04:00","eventName":"n8n.audit.workflow.executed","message":"n8n.audit.workflow.executed","payload":{"userId":"5dbe17fd-2bf6-4d1e-ad71-13ee612d9454","_email":"joao.basa.18@gmail.com","_firstName":"Joao","_lastName":"Basanta","globalRole":"global:owner","workflowId":"YIYJI8ZkPUi59kQQ","workflowName":"My workflow","executionId":"13","source":"user-manual"}}
{"__type":"$$EventMessageConfirm","confirm":"e455d66c-d9f4-4705-aa8b-19f0f1f0b9e0","ts":"2026-04-04T16:35:51.709-04:00","source":{"id":"0","name":"eventBus"}}
{"__type":"$$EventMessageNode","id":"2a40384a-cd26-40a0-9435-5909b603808e","ts":"2026-04-04T16:35:51.729-04:00","eventName":"n8n.node.started","message":"n8n.node.started","payload":{"workflowId":"YIYJI8ZkPUi59kQQ","workflowName":"My workflow","executionId":"13","nodeType":"@n8n/n8n-nodes-langchain.agent","nodeName":"AI Agent","nodeId":"9a07d0c0-fee7-4cf3-bf7c-e89cbd9d96c9"}}
{"__type":"$$EventMessageConfirm","confirm":"2a40384a-cd26-40a0-9435-5909b603808e","ts":"2026-04-04T16:35:51.729-04:00","source":{"id":"0","name":"eventBus"}}
{"__type":"$$EventMessageNode","id":"75a83d66-5ad2-4c78-b0d6-4be464464247","ts":"2026-04-04T16:35:51.776-04:00","eventName":"n8n.node.started","message":"n8n.node.started","payload":{"workflowId":"YIYJI8ZkPUi59kQQ","workflowName":"My workflow","executionId":"13","nodeType":"@n8n/n8n-nodes-langchain.memoryMongoDbChat","nodeName":"MongoDB Chat Memory","nodeId":"754b91b0-51fa-4134-b475-fabea68a7ceb"}}
{"__type":"$$EventMessageConfirm","confirm":"75a83d66-5ad2-4c78-b0d6-4be464464247","ts":"2026-04-04T16:35:51.776-04:00","source":{"id":"0","name":"eventBus"}}
{"__type":"$$EventMessageNode","id":"222fdac4-b20f-49b0-8cb6-3d6923f4b9c0","ts":"2026-04-04T16:35:51.782-04:00","eventName":"n8n.node.finished","message":"n8n.node.finished","payload":{"workflowId":"YIYJI8ZkPUi59kQQ","workflowName":"My workflow","executionId":"13","nodeType":"@n8n/n8n-nodes-langchain.memoryMongoDbChat","nodeName":"MongoDB Chat Memory","nodeId":"754b91b0-51fa-4134-b475-fabea68a7ceb"}}
{"__type":"$$EventMessageConfirm","confirm":"222fdac4-b20f-49b0-8cb6-3d6923f4b9c0","ts":"2026-04-04T16:35:51.782-04:00","source":{"id":"0","name":"eventBus"}}
{"__type":"$$EventMessageNode","id":"47b80d0f-739d-4aa4-9224-d2424a745356","ts":"2026-04-04T16:35:51.784-04:00","eventName":"n8n.node.finished","message":"n8n.node.finished","payload":{"workflowId":"YIYJI8ZkPUi59kQQ","workflowName":"My workflow","executionId":"13","nodeType":"@n8n/n8n-nodes-langchain.agent","nodeName":"AI Agent","nodeId":"9a07d0c0-fee7-4cf3-bf7c-e89cbd9d96c9"}}
{"__type":"$$EventMessageConfirm","confirm":"47b80d0f-739d-4aa4-9224-d2424a745356","ts":"2026-04-04T16:35:51.785-04:00","source":{"id":"0","name":"eventBus"}}
{"__type":"$$EventMessageWorkflow","id":"6608a863-c2ba-444e-96a2-a9405ebead6e","ts":"2026-04-04T16:35:51.788-04:00","eventName":"n8n.workflow.failed","message":"n8n.workflow.failed","payload":{"userId":"5dbe17fd-2bf6-4d1e-ad71-13ee612d9454","executionId":"13","success":false,"isManual":true,"mode":"manual","workflowId":"YIYJI8ZkPUi59kQQ","workflowName":"My workflow","lastNodeExecuted":"AI Agent","errorNodeType":"@n8n/n8n-nodes-langchain.memoryMongoDbChat","errorMessage":"Invalid namespace specified: servicedesk .chat_history"}}
{"__type":"$$EventMessageConfirm","confirm":"6608a863-c2ba-444e-96a2-a9405ebead6e","ts":"2026-04-04T16:35:51.789-04:00","source":{"id":"0","name":"eventBus"}}
{"__type":"$$EventMessageAudit","id":"249589ec-7702-4f5f-8577-ea73afaad4d9","ts":"2026-04-04T16:36:05.069-04:00","eventName":"n8n.audit.workflow.updated","message":"n8n.audit.workflow.updated","payload":{"userId":"5dbe17fd-2bf6-4d1e-ad71-13ee612d9454","_email":"joao.basa.18@gmail.com","_firstName":"Joao","_lastName":"Basanta","globalRole":"global:owner","workflowId":"YIYJI8ZkPUi59kQQ","workflowName":"My workflow"}}
{"__type":"$$EventMessageConfirm","confirm":"249589ec-7702-4f5f-8577-ea73afaad4d9","ts":"2026-04-04T16:36:05.070-04:00","source":{"id":"0","name":"eventBus"}}
{"__type":"$$EventMessageAudit","id":"5504da17-07c4-49f4-935d-1f807785e6a0","ts":"2026-04-04T16:36:12.957-04:00","eventName":"n8n.audit.user.credentials.updated","message":"n8n.audit.user.credentials.updated","payload":{"userId":"5dbe17fd-2bf6-4d1e-ad71-13ee612d9454","_email":"joao.basa.18@gmail.com","_firstName":"Joao","_lastName":"Basanta","globalRole":"global:owner","credentialType":"mongoDb","credentialId":"OVY43bDYYcqEdR6l","isDynamic":false}}
{"__type":"$$EventMessageConfirm","confirm":"5504da17-07c4-49f4-935d-1f807785e6a0","ts":"2026-04-04T16:36:12.958-04:00","source":{"id":"0","name":"eventBus"}}
{"__type":"$$EventMessageWorkflow","id":"c62da988-4f45-4759-be30-00066b9b4f29","ts":"2026-04-04T16:36:18.877-04:00","eventName":"n8n.workflow.started","message":"n8n.workflow.started","payload":{"executionId":"14","workflowId":"YIYJI8ZkPUi59kQQ","isManual":false,"mode":"manual","workflowName":"My workflow"}}
{"__type":"$$EventMessageConfirm","confirm":"c62da988-4f45-4759-be30-00066b9b4f29","ts":"2026-04-04T16:36:18.878-04:00","source":{"id":"0","name":"eventBus"}}
{"__type":"$$EventMessageAudit","id":"02d5166d-5916-42fb-9adc-5406aad4bfb9","ts":"2026-04-04T16:36:18.879-04:00","eventName":"n8n.audit.workflow.executed","message":"n8n.audit.workflow.executed","payload":{"userId":"5dbe17fd-2bf6-4d1e-ad71-13ee612d9454","_email":"joao.basa.18@gmail.com","_firstName":"Joao","_lastName":"Basanta","globalRole":"global:owner","workflowId":"YIYJI8ZkPUi59kQQ","workflowName":"My workflow","executionId":"14","source":"user-manual"}}
{"__type":"$$EventMessageConfirm","confirm":"02d5166d-5916-42fb-9adc-5406aad4bfb9","ts":"2026-04-04T16:36:18.879-04:00","source":{"id":"0","name":"eventBus"}}
{"__type":"$$EventMessageNode","id":"a008252a-89c5-49ae-888e-a3dc6cefc692","ts":"2026-04-04T16:36:18.895-04:00","eventName":"n8n.node.started","message":"n8n.node.started","payload":{"workflowId":"YIYJI8ZkPUi59kQQ","workflowName":"My workflow","executionId":"14","nodeType":"@n8n/n8n-nodes-langchain.agent","nodeName":"AI Agent","nodeId":"9a07d0c0-fee7-4cf3-bf7c-e89cbd9d96c9"}}
{"__type":"$$EventMessageConfirm","confirm":"a008252a-89c5-49ae-888e-a3dc6cefc692","ts":"2026-04-04T16:36:18.895-04:00","source":{"id":"0","name":"eventBus"}}
{"__type":"$$EventMessageNode","id":"17914782-c4aa-4a3c-91cc-fe4469682522","ts":"2026-04-04T16:36:18.931-04:00","eventName":"n8n.node.started","message":"n8n.node.started","payload":{"workflowId":"YIYJI8ZkPUi59kQQ","workflowName":"My workflow","executionId":"14","nodeType":"@n8n/n8n-nodes-langchain.memoryMongoDbChat","nodeName":"MongoDB Chat Memory","nodeId":"754b91b0-51fa-4134-b475-fabea68a7ceb"}}
{"__type":"$$EventMessageConfirm","confirm":"17914782-c4aa-4a3c-91cc-fe4469682522","ts":"2026-04-04T16:36:18.931-04:00","source":{"id":"0","name":"eventBus"}}
{"__type":"$$EventMessageNode","id":"1b44a283-3252-4881-9df7-3cf23a3efc8a","ts":"2026-04-04T16:36:18.938-04:00","eventName":"n8n.node.finished","message":"n8n.node.finished","payload":{"workflowId":"YIYJI8ZkPUi59kQQ","workflowName":"My workflow","executionId":"14","nodeType":"@n8n/n8n-nodes-langchain.memoryMongoDbChat","nodeName":"MongoDB Chat Memory","nodeId":"754b91b0-51fa-4134-b475-fabea68a7ceb"}}
{"__type":"$$EventMessageConfirm","confirm":"1b44a283-3252-4881-9df7-3cf23a3efc8a","ts":"2026-04-04T16:36:18.938-04:00","source":{"id":"0","name":"eventBus"}}
{"__type":"$$EventMessageNode","id":"863ac557-ce2b-4759-9afb-089872948ca9","ts":"2026-04-04T16:36:18.939-04:00","eventName":"n8n.node.finished","message":"n8n.node.finished","payload":{"workflowId":"YIYJI8ZkPUi59kQQ","workflowName":"My workflow","executionId":"14","nodeType":"@n8n/n8n-nodes-langchain.agent","nodeName":"AI Agent","nodeId":"9a07d0c0-fee7-4cf3-bf7c-e89cbd9d96c9"}}
{"__type":"$$EventMessageConfirm","confirm":"863ac557-ce2b-4759-9afb-089872948ca9","ts":"2026-04-04T16:36:18.939-04:00","source":{"id":"0","name":"eventBus"}}
{"__type":"$$EventMessageWorkflow","id":"688e1348-90f4-4c3a-83c1-565df996bb42","ts":"2026-04-04T16:36:18.942-04:00","eventName":"n8n.workflow.failed","message":"n8n.workflow.failed","payload":{"userId":"5dbe17fd-2bf6-4d1e-ad71-13ee612d9454","executionId":"14","success":false,"isManual":true,"mode":"manual","workflowId":"YIYJI8ZkPUi59kQQ","workflowName":"My workflow","lastNodeExecuted":"AI Agent","errorNodeType":"@n8n/n8n-nodes-langchain.memoryMongoDbChat","errorMessage":"Invalid namespace specified: servicedesk .chat_history"}}
{"__type":"$$EventMessageConfirm","confirm":"688e1348-90f4-4c3a-83c1-565df996bb42","ts":"2026-04-04T16:36:18.942-04:00","source":{"id":"0","name":"eventBus"}}
{"__type":"$$EventMessageAudit","id":"8334956a-9cc9-4e80-9fd6-8dc571c17136","ts":"2026-04-04T16:36:36.764-04:00","eventName":"n8n.audit.workflow.updated","message":"n8n.audit.workflow.updated","payload":{"userId":"5dbe17fd-2bf6-4d1e-ad71-13ee612d9454","_email":"joao.basa.18@gmail.com","_firstName":"Joao","_lastName":"Basanta","globalRole":"global:owner","workflowId":"YIYJI8ZkPUi59kQQ","workflowName":"My workflow"}}
{"__type":"$$EventMessageConfirm","confirm":"8334956a-9cc9-4e80-9fd6-8dc571c17136","ts":"2026-04-04T16:36:36.764-04:00","source":{"id":"0","name":"eventBus"}}
{"__type":"$$EventMessageWorkflow","id":"fa7e3db7-3667-434e-b4b3-33dd536f9bfe","ts":"2026-04-04T16:36:42.613-04:00","eventName":"n8n.workflow.started","message":"n8n.workflow.started","payload":{"executionId":"15","workflowId":"YIYJI8ZkPUi59kQQ","isManual":false,"mode":"manual","workflowName":"My workflow"}}
{"__type":"$$EventMessageConfirm","confirm":"fa7e3db7-3667-434e-b4b3-33dd536f9bfe","ts":"2026-04-04T16:36:42.613-04:00","source":{"id":"0","name":"eventBus"}}
{"__type":"$$EventMessageAudit","id":"d7df27f4-37f4-4697-8257-0440bcd670fc","ts":"2026-04-04T16:36:42.615-04:00","eventName":"n8n.audit.workflow.executed","message":"n8n.audit.workflow.executed","payload":{"userId":"5dbe17fd-2bf6-4d1e-ad71-13ee612d9454","_email":"joao.basa.18@gmail.com","_firstName":"Joao","_lastName":"Basanta","globalRole":"global:owner","workflowId":"YIYJI8ZkPUi59kQQ","workflowName":"My workflow","executionId":"15","source":"user-manual"}}
{"__type":"$$EventMessageConfirm","confirm":"d7df27f4-37f4-4697-8257-0440bcd670fc","ts":"2026-04-04T16:36:42.615-04:00","source":{"id":"0","name":"eventBus"}}
{"__type":"$$EventMessageNode","id":"50782501-a33b-4d38-936c-58793156d1a6","ts":"2026-04-04T16:36:42.633-04:00","eventName":"n8n.node.started","message":"n8n.node.started","payload":{"workflowId":"YIYJI8ZkPUi59kQQ","workflowName":"My workflow","executionId":"15","nodeType":"@n8n/n8n-nodes-langchain.agent","nodeName":"AI Agent","nodeId":"9a07d0c0-fee7-4cf3-bf7c-e89cbd9d96c9"}}
{"__type":"$$EventMessageConfirm","confirm":"50782501-a33b-4d38-936c-58793156d1a6","ts":"2026-04-04T16:36:42.634-04:00","source":{"id":"0","name":"eventBus"}}
{"__type":"$$EventMessageNode","id":"42ab4a6b-3c0f-4da1-b58c-161cc65df5f2","ts":"2026-04-04T16:36:42.665-04:00","eventName":"n8n.node.started","message":"n8n.node.started","payload":{"workflowId":"YIYJI8ZkPUi59kQQ","workflowName":"My workflow","executionId":"15","nodeType":"@n8n/n8n-nodes-langchain.memoryMongoDbChat","nodeName":"MongoDB Chat Memory","nodeId":"754b91b0-51fa-4134-b475-fabea68a7ceb"}}
{"__type":"$$EventMessageConfirm","confirm":"42ab4a6b-3c0f-4da1-b58c-161cc65df5f2","ts":"2026-04-04T16:36:42.665-04:00","source":{"id":"0","name":"eventBus"}}
{"__type":"$$EventMessageNode","id":"e8c6ba07-c56a-45c0-abef-e0ac51d0ab99","ts":"2026-04-04T16:36:42.670-04:00","eventName":"n8n.node.finished","message":"n8n.node.finished","payload":{"workflowId":"YIYJI8ZkPUi59kQQ","workflowName":"My workflow","executionId":"15","nodeType":"@n8n/n8n-nodes-langchain.memoryMongoDbChat","nodeName":"MongoDB Chat Memory","nodeId":"754b91b0-51fa-4134-b475-fabea68a7ceb"}}
{"__type":"$$EventMessageConfirm","confirm":"e8c6ba07-c56a-45c0-abef-e0ac51d0ab99","ts":"2026-04-04T16:36:42.672-04:00","source":{"id":"0","name":"eventBus"}}
{"__type":"$$EventMessageNode","id":"225afed5-1c36-47a3-87a4-412804c14596","ts":"2026-04-04T16:36:42.674-04:00","eventName":"n8n.node.finished","message":"n8n.node.finished","payload":{"workflowId":"YIYJI8ZkPUi59kQQ","workflowName":"My workflow","executionId":"15","nodeType":"@n8n/n8n-nodes-langchain.agent","nodeName":"AI Agent","nodeId":"9a07d0c0-fee7-4cf3-bf7c-e89cbd9d96c9"}}
{"__type":"$$EventMessageConfirm","confirm":"225afed5-1c36-47a3-87a4-412804c14596","ts":"2026-04-04T16:36:42.676-04:00","source":{"id":"0","name":"eventBus"}}
{"__type":"$$EventMessageWorkflow","id":"3b163fbc-0a3c-4610-9fd9-07a6ea62f81f","ts":"2026-04-04T16:36:42.680-04:00","eventName":"n8n.workflow.failed","message":"n8n.workflow.failed","payload":{"userId":"5dbe17fd-2bf6-4d1e-ad71-13ee612d9454","executionId":"15","success":false,"isManual":true,"mode":"manual","workflowId":"YIYJI8ZkPUi59kQQ","workflowName":"My workflow","lastNodeExecuted":"AI Agent","errorNodeType":"@n8n/n8n-nodes-langchain.memoryMongoDbChat","errorMessage":"Invalid namespace specified: servicedesk .chat_history"}}
{"__type":"$$EventMessageConfirm","confirm":"3b163fbc-0a3c-4610-9fd9-07a6ea62f81f","ts":"2026-04-04T16:36:42.680-04:00","source":{"id":"0","name":"eventBus"}}
{"__type":"$$EventMessageAudit","id":"59144749-cea3-4775-85e4-389354419e3b","ts":"2026-04-04T16:40:19.855-04:00","eventName":"n8n.audit.user.credentials.updated","message":"n8n.audit.user.credentials.updated","payload":{"userId":"5dbe17fd-2bf6-4d1e-ad71-13ee612d9454","_email":"joao.basa.18@gmail.com","_firstName":"Joao","_lastName":"Basanta","globalRole":"global:owner","credentialType":"mongoDb","credentialId":"OVY43bDYYcqEdR6l","isDynamic":false}}
{"__type":"$$EventMessageConfirm","confirm":"59144749-cea3-4775-85e4-389354419e3b","ts":"2026-04-04T16:40:19.855-04:00","source":{"id":"0","name":"eventBus"}}
{"__type":"$$EventMessageWorkflow","id":"a6791ed7-397f-45d6-b163-4e59e7305517","ts":"2026-04-04T16:40:23.227-04:00","eventName":"n8n.workflow.started","message":"n8n.workflow.started","payload":{"executionId":"16","workflowId":"YIYJI8ZkPUi59kQQ","isManual":false,"mode":"manual","workflowName":"My workflow"}}
{"__type":"$$EventMessageConfirm","confirm":"a6791ed7-397f-45d6-b163-4e59e7305517","ts":"2026-04-04T16:40:23.227-04:00","source":{"id":"0","name":"eventBus"}}
{"__type":"$$EventMessageAudit","id":"e4bedb49-7b81-47ce-bcaf-d6caeccd0fa8","ts":"2026-04-04T16:40:23.228-04:00","eventName":"n8n.audit.workflow.executed","message":"n8n.audit.workflow.executed","payload":{"userId":"5dbe17fd-2bf6-4d1e-ad71-13ee612d9454","_email":"joao.basa.18@gmail.com","_firstName":"Joao","_lastName":"Basanta","globalRole":"global:owner","workflowId":"YIYJI8ZkPUi59kQQ","workflowName":"My workflow","executionId":"16","source":"user-manual"}}
{"__type":"$$EventMessageConfirm","confirm":"e4bedb49-7b81-47ce-bcaf-d6caeccd0fa8","ts":"2026-04-04T16:40:23.228-04:00","source":{"id":"0","name":"eventBus"}}
{"__type":"$$EventMessageNode","id":"ae758a87-5ef2-4384-9511-9cb3cfa09211","ts":"2026-04-04T16:40:23.247-04:00","eventName":"n8n.node.started","message":"n8n.node.started","payload":{"workflowId":"YIYJI8ZkPUi59kQQ","workflowName":"My workflow","executionId":"16","nodeType":"@n8n/n8n-nodes-langchain.agent","nodeName":"AI Agent","nodeId":"9a07d0c0-fee7-4cf3-bf7c-e89cbd9d96c9"}}
{"__type":"$$EventMessageConfirm","confirm":"ae758a87-5ef2-4384-9511-9cb3cfa09211","ts":"2026-04-04T16:40:23.247-04:00","source":{"id":"0","name":"eventBus"}}
{"__type":"$$EventMessageNode","id":"6e30605c-d9fa-40ba-9f01-f21dc5001e8c","ts":"2026-04-04T16:40:23.288-04:00","eventName":"n8n.node.started","message":"n8n.node.started","payload":{"workflowId":"YIYJI8ZkPUi59kQQ","workflowName":"My workflow","executionId":"16","nodeType":"@n8n/n8n-nodes-langchain.memoryMongoDbChat","nodeName":"MongoDB Chat Memory","nodeId":"754b91b0-51fa-4134-b475-fabea68a7ceb"}}
{"__type":"$$EventMessageConfirm","confirm":"6e30605c-d9fa-40ba-9f01-f21dc5001e8c","ts":"2026-04-04T16:40:23.288-04:00","source":{"id":"0","name":"eventBus"}}
{"__type":"$$EventMessageNode","id":"8a1ed892-3692-46f5-affd-66fe47317a24","ts":"2026-04-04T16:40:23.300-04:00","eventName":"n8n.node.finished","message":"n8n.node.finished","payload":{"workflowId":"YIYJI8ZkPUi59kQQ","workflowName":"My workflow","executionId":"16","nodeType":"@n8n/n8n-nodes-langchain.memoryMongoDbChat","nodeName":"MongoDB Chat Memory","nodeId":"754b91b0-51fa-4134-b475-fabea68a7ceb"}}
{"__type":"$$EventMessageConfirm","confirm":"8a1ed892-3692-46f5-affd-66fe47317a24","ts":"2026-04-04T16:40:23.300-04:00","source":{"id":"0","name":"eventBus"}}
{"__type":"$$EventMessageNode","id":"e39d58fd-9838-406b-8480-621b1a1a8083","ts":"2026-04-04T16:40:23.303-04:00","eventName":"n8n.node.finished","message":"n8n.node.finished","payload":{"workflowId":"YIYJI8ZkPUi59kQQ","workflowName":"My workflow","executionId":"16","nodeType":"@n8n/n8n-nodes-langchain.agent","nodeName":"AI Agent","nodeId":"9a07d0c0-fee7-4cf3-bf7c-e89cbd9d96c9"}}
{"__type":"$$EventMessageConfirm","confirm":"e39d58fd-9838-406b-8480-621b1a1a8083","ts":"2026-04-04T16:40:23.304-04:00","source":{"id":"0","name":"eventBus"}}
{"__type":"$$EventMessageWorkflow","id":"b4c3f371-1db7-4326-9e20-bcc9de4a1ce4","ts":"2026-04-04T16:40:23.308-04:00","eventName":"n8n.workflow.failed","message":"n8n.workflow.failed","payload":{"userId":"5dbe17fd-2bf6-4d1e-ad71-13ee612d9454","executionId":"16","success":false,"isManual":true,"mode":"manual","workflowId":"YIYJI8ZkPUi59kQQ","workflowName":"My workflow","lastNodeExecuted":"AI Agent","errorNodeType":"@n8n/n8n-nodes-langchain.memoryMongoDbChat","errorMessage":"Invalid namespace specified: servicedesk .chat_history"}}
{"__type":"$$EventMessageConfirm","confirm":"b4c3f371-1db7-4326-9e20-bcc9de4a1ce4","ts":"2026-04-04T16:40:23.308-04:00","source":{"id":"0","name":"eventBus"}}
{"__type":"$$EventMessageAudit","id":"4e99381f-1a35-4b78-b77f-d69e4521f779","ts":"2026-04-04T16:40:33.534-04:00","eventName":"n8n.audit.workflow.updated","message":"n8n.audit.workflow.updated","payload":{"userId":"5dbe17fd-2bf6-4d1e-ad71-13ee612d9454","_email":"joao.basa.18@gmail.com","_firstName":"Joao","_lastName":"Basanta","globalRole":"global:owner","workflowId":"YIYJI8ZkPUi59kQQ","workflowName":"My workflow"}}
{"__type":"$$EventMessageConfirm","confirm":"4e99381f-1a35-4b78-b77f-d69e4521f779","ts":"2026-04-04T16:40:33.534-04:00","source":{"id":"0","name":"eventBus"}}
{"__type":"$$EventMessageAudit","id":"5a6d0ccf-fd4e-41fd-93f8-2d5d4bce2ce9","ts":"2026-04-04T16:40:38.311-04:00","eventName":"n8n.audit.workflow.updated","message":"n8n.audit.workflow.updated","payload":{"userId":"5dbe17fd-2bf6-4d1e-ad71-13ee612d9454","_email":"joao.basa.18@gmail.com","_firstName":"Joao","_lastName":"Basanta","globalRole":"global:owner","workflowId":"YIYJI8ZkPUi59kQQ","workflowName":"My workflow"}}
{"__type":"$$EventMessageConfirm","confirm":"5a6d0ccf-fd4e-41fd-93f8-2d5d4bce2ce9","ts":"2026-04-04T16:40:38.311-04:00","source":{"id":"0","name":"eventBus"}}
{"__type":"$$EventMessageWorkflow","id":"47b48f93-cfd0-4d02-9a6a-05c0179a4d4e","ts":"2026-04-04T16:40:42.875-04:00","eventName":"n8n.workflow.started","message":"n8n.workflow.started","payload":{"executionId":"17","workflowId":"YIYJI8ZkPUi59kQQ","isManual":false,"mode":"manual","workflowName":"My workflow"}}
{"__type":"$$EventMessageConfirm","confirm":"47b48f93-cfd0-4d02-9a6a-05c0179a4d4e","ts":"2026-04-04T16:40:42.875-04:00","source":{"id":"0","name":"eventBus"}}
{"__type":"$$EventMessageAudit","id":"c559fdcc-5212-46d6-a611-253991ca38bc","ts":"2026-04-04T16:40:42.878-04:00","eventName":"n8n.audit.workflow.executed","message":"n8n.audit.workflow.executed","payload":{"userId":"5dbe17fd-2bf6-4d1e-ad71-13ee612d9454","_email":"joao.basa.18@gmail.com","_firstName":"Joao","_lastName":"Basanta","globalRole":"global:owner","workflowId":"YIYJI8ZkPUi59kQQ","workflowName":"My workflow","executionId":"17","source":"user-manual"}}
{"__type":"$$EventMessageConfirm","confirm":"c559fdcc-5212-46d6-a611-253991ca38bc","ts":"2026-04-04T16:40:42.878-04:00","source":{"id":"0","name":"eventBus"}}
{"__type":"$$EventMessageNode","id":"a39de028-249f-40df-8233-f01c1892e9bb","ts":"2026-04-04T16:40:42.897-04:00","eventName":"n8n.node.started","message":"n8n.node.started","payload":{"workflowId":"YIYJI8ZkPUi59kQQ","workflowName":"My workflow","executionId":"17","nodeType":"@n8n/n8n-nodes-langchain.agent","nodeName":"AI Agent","nodeId":"9a07d0c0-fee7-4cf3-bf7c-e89cbd9d96c9"}}
{"__type":"$$EventMessageConfirm","confirm":"a39de028-249f-40df-8233-f01c1892e9bb","ts":"2026-04-04T16:40:42.898-04:00","source":{"id":"0","name":"eventBus"}}
{"__type":"$$EventMessageNode","id":"148f0711-dd03-4590-a62b-c2f2825551b6","ts":"2026-04-04T16:40:42.929-04:00","eventName":"n8n.node.started","message":"n8n.node.started","payload":{"workflowId":"YIYJI8ZkPUi59kQQ","workflowName":"My workflow","executionId":"17","nodeType":"@n8n/n8n-nodes-langchain.memoryMongoDbChat","nodeName":"MongoDB Chat Memory","nodeId":"754b91b0-51fa-4134-b475-fabea68a7ceb"}}
{"__type":"$$EventMessageConfirm","confirm":"148f0711-dd03-4590-a62b-c2f2825551b6","ts":"2026-04-04T16:40:42.930-04:00","source":{"id":"0","name":"eventBus"}}
{"__type":"$$EventMessageNode","id":"12300ef0-6441-4023-b8e1-1b1fd7960510","ts":"2026-04-04T16:40:42.935-04:00","eventName":"n8n.node.finished","message":"n8n.node.finished","payload":{"workflowId":"YIYJI8ZkPUi59kQQ","workflowName":"My workflow","executionId":"17","nodeType":"@n8n/n8n-nodes-langchain.memoryMongoDbChat","nodeName":"MongoDB Chat Memory","nodeId":"754b91b0-51fa-4134-b475-fabea68a7ceb"}}
{"__type":"$$EventMessageConfirm","confirm":"12300ef0-6441-4023-b8e1-1b1fd7960510","ts":"2026-04-04T16:40:42.935-04:00","source":{"id":"0","name":"eventBus"}}
{"__type":"$$EventMessageNode","id":"9f1070b1-d589-4c9a-b7ad-51865d7aadac","ts":"2026-04-04T16:40:42.937-04:00","eventName":"n8n.node.finished","message":"n8n.node.finished","payload":{"workflowId":"YIYJI8ZkPUi59kQQ","workflowName":"My workflow","executionId":"17","nodeType":"@n8n/n8n-nodes-langchain.agent","nodeName":"AI Agent","nodeId":"9a07d0c0-fee7-4cf3-bf7c-e89cbd9d96c9"}}
{"__type":"$$EventMessageConfirm","confirm":"9f1070b1-d589-4c9a-b7ad-51865d7aadac","ts":"2026-04-04T16:40:42.937-04:00","source":{"id":"0","name":"eventBus"}}
{"__type":"$$EventMessageWorkflow","id":"0608aeeb-b144-464c-88f6-6576ef426584","ts":"2026-04-04T16:40:42.943-04:00","eventName":"n8n.workflow.failed","message":"n8n.workflow.failed","payload":{"userId":"5dbe17fd-2bf6-4d1e-ad71-13ee612d9454","executionId":"17","success":false,"isManual":true,"mode":"manual","workflowId":"YIYJI8ZkPUi59kQQ","workflowName":"My workflow","lastNodeExecuted":"AI Agent","errorNodeType":"@n8n/n8n-nodes-langchain.memoryMongoDbChat","errorMessage":"Invalid namespace specified: servicedesk .chat_history"}}
{"__type":"$$EventMessageConfirm","confirm":"0608aeeb-b144-464c-88f6-6576ef426584","ts":"2026-04-04T16:40:42.944-04:00","source":{"id":"0","name":"eventBus"}}
{"__type":"$$EventMessageAudit","id":"03fd3104-9696-41d5-9b19-fae67845dcc2","ts":"2026-04-04T16:42:18.795-04:00","eventName":"n8n.audit.workflow.updated","message":"n8n.audit.workflow.updated","payload":{"userId":"5dbe17fd-2bf6-4d1e-ad71-13ee612d9454","_email":"joao.basa.18@gmail.com","_firstName":"Joao","_lastName":"Basanta","globalRole":"global:owner","workflowId":"YIYJI8ZkPUi59kQQ","workflowName":"My workflow"}}
{"__type":"$$EventMessageConfirm","confirm":"03fd3104-9696-41d5-9b19-fae67845dcc2","ts":"2026-04-04T16:42:18.795-04:00","source":{"id":"0","name":"eventBus"}}
{"__type":"$$EventMessageAudit","id":"c28d5e51-9198-43be-8af9-0598dcc40ed8","ts":"2026-04-04T16:42:20.710-04:00","eventName":"n8n.audit.workflow.updated","message":"n8n.audit.workflow.updated","payload":{"userId":"5dbe17fd-2bf6-4d1e-ad71-13ee612d9454","_email":"joao.basa.18@gmail.com","_firstName":"Joao","_lastName":"Basanta","globalRole":"global:owner","workflowId":"YIYJI8ZkPUi59kQQ","workflowName":"My workflow"}}
{"__type":"$$EventMessageConfirm","confirm":"c28d5e51-9198-43be-8af9-0598dcc40ed8","ts":"2026-04-04T16:42:20.710-04:00","source":{"id":"0","name":"eventBus"}}
{"__type":"$$EventMessageWorkflow","id":"e433d7a8-7d9e-4178-8cb3-ee308e61d6f1","ts":"2026-04-04T16:42:25.679-04:00","eventName":"n8n.workflow.started","message":"n8n.workflow.started","payload":{"executionId":"18","workflowId":"YIYJI8ZkPUi59kQQ","isManual":false,"mode":"manual","workflowName":"My workflow"}}
{"__type":"$$EventMessageConfirm","confirm":"e433d7a8-7d9e-4178-8cb3-ee308e61d6f1","ts":"2026-04-04T16:42:25.679-04:00","source":{"id":"0","name":"eventBus"}}
{"__type":"$$EventMessageAudit","id":"27c67b8e-8c56-48f3-8b71-3b0fd0d391f4","ts":"2026-04-04T16:42:25.681-04:00","eventName":"n8n.audit.workflow.executed","message":"n8n.audit.workflow.executed","payload":{"userId":"5dbe17fd-2bf6-4d1e-ad71-13ee612d9454","_email":"joao.basa.18@gmail.com","_firstName":"Joao","_lastName":"Basanta","globalRole":"global:owner","workflowId":"YIYJI8ZkPUi59kQQ","workflowName":"My workflow","executionId":"18","source":"user-manual"}}
{"__type":"$$EventMessageConfirm","confirm":"27c67b8e-8c56-48f3-8b71-3b0fd0d391f4","ts":"2026-04-04T16:42:25.681-04:00","source":{"id":"0","name":"eventBus"}}
{"__type":"$$EventMessageNode","id":"c0379893-07bf-46b9-8912-b2133c42b7db","ts":"2026-04-04T16:42:25.699-04:00","eventName":"n8n.node.started","message":"n8n.node.started","payload":{"workflowId":"YIYJI8ZkPUi59kQQ","workflowName":"My workflow","executionId":"18","nodeType":"@n8n/n8n-nodes-langchain.agent","nodeName":"AI Agent","nodeId":"9a07d0c0-fee7-4cf3-bf7c-e89cbd9d96c9"}}
{"__type":"$$EventMessageConfirm","confirm":"c0379893-07bf-46b9-8912-b2133c42b7db","ts":"2026-04-04T16:42:25.699-04:00","source":{"id":"0","name":"eventBus"}}
{"__type":"$$EventMessageNode","id":"e51fe75f-b96b-4fac-b73e-d10a4cc8e896","ts":"2026-04-04T16:42:25.740-04:00","eventName":"n8n.node.started","message":"n8n.node.started","payload":{"workflowId":"YIYJI8ZkPUi59kQQ","workflowName":"My workflow","executionId":"18","nodeType":"@n8n/n8n-nodes-langchain.memoryMongoDbChat","nodeName":"MongoDB Chat Memory","nodeId":"754b91b0-51fa-4134-b475-fabea68a7ceb"}}
{"__type":"$$EventMessageConfirm","confirm":"e51fe75f-b96b-4fac-b73e-d10a4cc8e896","ts":"2026-04-04T16:42:25.740-04:00","source":{"id":"0","name":"eventBus"}}
{"__type":"$$EventMessageNode","id":"029feac8-0def-4308-a58d-5cc631d622ac","ts":"2026-04-04T16:42:25.748-04:00","eventName":"n8n.node.finished","message":"n8n.node.finished","payload":{"workflowId":"YIYJI8ZkPUi59kQQ","workflowName":"My workflow","executionId":"18","nodeType":"@n8n/n8n-nodes-langchain.memoryMongoDbChat","nodeName":"MongoDB Chat Memory","nodeId":"754b91b0-51fa-4134-b475-fabea68a7ceb"}}
{"__type":"$$EventMessageConfirm","confirm":"029feac8-0def-4308-a58d-5cc631d622ac","ts":"2026-04-04T16:42:25.748-04:00","source":{"id":"0","name":"eventBus"}}
{"__type":"$$EventMessageNode","id":"c4b985ac-3304-4d7d-9f81-f0a17d376a75","ts":"2026-04-04T16:42:26.363-04:00","eventName":"n8n.node.started","message":"n8n.node.started","payload":{"workflowId":"YIYJI8ZkPUi59kQQ","workflowName":"My workflow","executionId":"18","nodeType":"@n8n/n8n-nodes-langchain.lmChatGoogleGemini","nodeName":"Google Gemini Chat Model","nodeId":"cc97ad8b-5a79-4373-a561-d36a9275785e"}}
{"__type":"$$EventMessageConfirm","confirm":"c4b985ac-3304-4d7d-9f81-f0a17d376a75","ts":"2026-04-04T16:42:26.364-04:00","source":{"id":"0","name":"eventBus"}}
{"__type":"$$EventMessageNode","id":"240067f4-86c6-4187-91c2-07c2e0ca3f00","ts":"2026-04-04T16:42:28.727-04:00","eventName":"n8n.node.finished","message":"n8n.node.finished","payload":{"workflowId":"YIYJI8ZkPUi59kQQ","workflowName":"My workflow","executionId":"18","nodeType":"@n8n/n8n-nodes-langchain.lmChatGoogleGemini","nodeName":"Google Gemini Chat Model","nodeId":"cc97ad8b-5a79-4373-a561-d36a9275785e"}}
{"__type":"$$EventMessageConfirm","confirm":"240067f4-86c6-4187-91c2-07c2e0ca3f00","ts":"2026-04-04T16:42:28.728-04:00","source":{"id":"0","name":"eventBus"}}
{"__type":"$$EventMessageAiNode","id":"1a03e188-1819-4a32-a4e1-8d2a4cb58bf9","ts":"2026-04-04T16:42:28.729-04:00","eventName":"n8n.ai.llm.generated","message":"n8n.ai.llm.generated","payload":{"executionId":"18","nodeName":"Google Gemini Chat Model","workflowName":"My workflow","nodeType":"@n8n/n8n-nodes-langchain.lmChatGoogleGemini","workflowId":"YIYJI8ZkPUi59kQQ","msg":"{\"messages\":[\"Human: Eres un asistente de ServiceDesk.\\n\\nTu trabajo es:\\n1. Crear tickets\\n2. Consultar tickets\\n\\nSi el usuario quiere crear un ticket, devuelve:\\n{\\n  \\\"accion\\\": \\\"crear\\\",\\n  \\\"data\\\": {\\n    \\\"solicitante\\\": \\\"...\\\",\\n    \\\"tipo_solicitud\\\": \\\"...\\\",\\n    \\\"prioridad\\\": \\\"...\\\",\\n    \\\"categoria\\\": \\\"...\\\",\\n    \\\"subcategoria\\\": \\\"...\\\",\\n    \\\"articulo\\\": \\\"...\\\",\\n    \\\"asunto\\\": \\\"...\\\",\\n    \\\"descripcion_html\\\": \\\"...\\\"\\n  }\\n}\\n\\nSi quiere consultar:\\n{\\n  \\\"accion\\\": \\\"listar\\\"\\n}\\n\\nUsuario dijo:\\nHola que tal?\"],\"options\":{\"google_api_key\":{\"lc\":1,\"type\":\"secret\",\"id\":[\"GOOGLE_API_KEY\"]},\"base_url\":\"https://generativelanguage.googleapis.com\",\"model\":\"gemini-2.5-flash\"},\"response\":{\"response\":{\"generations\":[[{\"text\":\"Hola, ¿en qué puedo ayudarte hoy? ¿Necesitas crear un ticket o consultar uno existente?\",\"generationInfo\":{\"finishReason\":\"STOP\",\"index\":0}}]]},\"tokenUsage\":{\"completionTokens\":20,\"promptTokens\":176,\"totalTokens\":196}}}"}}
{"__type":"$$EventMessageConfirm","confirm":"1a03e188-1819-4a32-a4e1-8d2a4cb58bf9","ts":"2026-04-04T16:42:28.729-04:00","source":{"id":"0","name":"eventBus"}}
{"__type":"$$EventMessageNode","id":"b71f3074-1047-4c86-a2f5-a8bea966d43c","ts":"2026-04-04T16:42:28.734-04:00","eventName":"n8n.node.started","message":"n8n.node.started","payload":{"workflowId":"YIYJI8ZkPUi59kQQ","workflowName":"My workflow","executionId":"18","nodeType":"@n8n/n8n-nodes-langchain.memoryMongoDbChat","nodeName":"MongoDB Chat Memory","nodeId":"754b91b0-51fa-4134-b475-fabea68a7ceb"}}
{"__type":"$$EventMessageConfirm","confirm":"b71f3074-1047-4c86-a2f5-a8bea966d43c","ts":"2026-04-04T16:42:28.734-04:00","source":{"id":"0","name":"eventBus"}}
{"__type":"$$EventMessageNode","id":"b51d8f7b-ea0d-416a-bd8a-89939c7e5dfa","ts":"2026-04-04T16:42:28.758-04:00","eventName":"n8n.node.finished","message":"n8n.node.finished","payload":{"workflowId":"YIYJI8ZkPUi59kQQ","workflowName":"My workflow","executionId":"18","nodeType":"@n8n/n8n-nodes-langchain.memoryMongoDbChat","nodeName":"MongoDB Chat Memory","nodeId":"754b91b0-51fa-4134-b475-fabea68a7ceb"}}
{"__type":"$$EventMessageConfirm","confirm":"b51d8f7b-ea0d-416a-bd8a-89939c7e5dfa","ts":"2026-04-04T16:42:28.758-04:00","source":{"id":"0","name":"eventBus"}}
{"__type":"$$EventMessageNode","id":"d021dab7-f47a-4b99-b50c-53c68650757d","ts":"2026-04-04T16:42:28.824-04:00","eventName":"n8n.node.finished","message":"n8n.node.finished","payload":{"workflowId":"YIYJI8ZkPUi59kQQ","workflowName":"My workflow","executionId":"18","nodeType":"@n8n/n8n-nodes-langchain.agent","nodeName":"AI Agent","nodeId":"9a07d0c0-fee7-4cf3-bf7c-e89cbd9d96c9"}}
{"__type":"$$EventMessageConfirm","confirm":"d021dab7-f47a-4b99-b50c-53c68650757d","ts":"2026-04-04T16:42:28.824-04:00","source":{"id":"0","name":"eventBus"}}
{"__type":"$$EventMessageWorkflow","id":"c7e25f17-829a-46b9-b153-9d45af0f7168","ts":"2026-04-04T16:42:28.833-04:00","eventName":"n8n.workflow.success","message":"n8n.workflow.success","payload":{"userId":"5dbe17fd-2bf6-4d1e-ad71-13ee612d9454","executionId":"18","success":true,"isManual":true,"mode":"manual","workflowId":"YIYJI8ZkPUi59kQQ","workflowName":"My workflow"}}
{"__type":"$$EventMessageConfirm","confirm":"c7e25f17-829a-46b9-b153-9d45af0f7168","ts":"2026-04-04T16:42:28.833-04:00","source":{"id":"0","name":"eventBus"}}
{"__type":"$$EventMessageWorkflow","id":"f1f5d4b2-e229-42a7-b201-1ceb6c65ac7c","ts":"2026-04-04T16:43:47.509-04:00","eventName":"n8n.workflow.started","message":"n8n.workflow.started","payload":{"executionId":"19","workflowId":"YIYJI8ZkPUi59kQQ","isManual":false,"mode":"manual","workflowName":"My workflow"}}
{"__type":"$$EventMessageConfirm","confirm":"f1f5d4b2-e229-42a7-b201-1ceb6c65ac7c","ts":"2026-04-04T16:43:47.509-04:00","source":{"id":"0","name":"eventBus"}}
{"__type":"$$EventMessageAudit","id":"a8204f22-bf2f-45b3-873f-ca9a1d0312f3","ts":"2026-04-04T16:43:47.510-04:00","eventName":"n8n.audit.workflow.executed","message":"n8n.audit.workflow.executed","payload":{"workflowId":"YIYJI8ZkPUi59kQQ","workflowName":"My workflow","executionId":"19","source":"webhook"}}
{"__type":"$$EventMessageConfirm","confirm":"a8204f22-bf2f-45b3-873f-ca9a1d0312f3","ts":"2026-04-04T16:43:47.510-04:00","source":{"id":"0","name":"eventBus"}}
{"__type":"$$EventMessageNode","id":"655c37b3-a256-4091-aa6f-aa9e8a2728b2","ts":"2026-04-04T16:43:47.511-04:00","eventName":"n8n.node.started","message":"n8n.node.started","payload":{"workflowId":"YIYJI8ZkPUi59kQQ","workflowName":"My workflow","executionId":"19","nodeType":"n8n-nodes-base.webhook","nodeName":"Webhook","nodeId":"209ba0bd-158f-46b3-92d3-3e67fbfaeb46"}}
{"__type":"$$EventMessageConfirm","confirm":"655c37b3-a256-4091-aa6f-aa9e8a2728b2","ts":"2026-04-04T16:43:47.511-04:00","source":{"id":"0","name":"eventBus"}}
{"__type":"$$EventMessageNode","id":"aaf51cd1-7df1-447b-a16d-f25b8d051545","ts":"2026-04-04T16:43:47.514-04:00","eventName":"n8n.node.finished","message":"n8n.node.finished","payload":{"workflowId":"YIYJI8ZkPUi59kQQ","workflowName":"My workflow","executionId":"19","nodeType":"n8n-nodes-base.webhook","nodeName":"Webhook","nodeId":"209ba0bd-158f-46b3-92d3-3e67fbfaeb46"}}
{"__type":"$$EventMessageConfirm","confirm":"aaf51cd1-7df1-447b-a16d-f25b8d051545","ts":"2026-04-04T16:43:47.514-04:00","source":{"id":"0","name":"eventBus"}}
{"__type":"$$EventMessageNode","id":"fa0b0228-1986-432b-975c-624dc2c757bf","ts":"2026-04-04T16:43:47.517-04:00","eventName":"n8n.node.started","message":"n8n.node.started","payload":{"workflowId":"YIYJI8ZkPUi59kQQ","workflowName":"My workflow","executionId":"19","nodeType":"@n8n/n8n-nodes-langchain.agent","nodeName":"AI Agent","nodeId":"9a07d0c0-fee7-4cf3-bf7c-e89cbd9d96c9"}}
{"__type":"$$EventMessageConfirm","confirm":"fa0b0228-1986-432b-975c-624dc2c757bf","ts":"2026-04-04T16:43:47.517-04:00","source":{"id":"0","name":"eventBus"}}
{"__type":"$$EventMessageNode","id":"c2c5d0e1-cfa5-4a09-ba04-8eafd8837e04","ts":"2026-04-04T16:43:47.555-04:00","eventName":"n8n.node.started","message":"n8n.node.started","payload":{"workflowId":"YIYJI8ZkPUi59kQQ","workflowName":"My workflow","executionId":"19","nodeType":"@n8n/n8n-nodes-langchain.memoryMongoDbChat","nodeName":"MongoDB Chat Memory","nodeId":"754b91b0-51fa-4134-b475-fabea68a7ceb"}}
{"__type":"$$EventMessageConfirm","confirm":"c2c5d0e1-cfa5-4a09-ba04-8eafd8837e04","ts":"2026-04-04T16:43:47.556-04:00","source":{"id":"0","name":"eventBus"}}
{"__type":"$$EventMessageNode","id":"fd319bdd-83ba-4803-9d56-3c3ac27c019b","ts":"2026-04-04T16:43:47.562-04:00","eventName":"n8n.node.finished","message":"n8n.node.finished","payload":{"workflowId":"YIYJI8ZkPUi59kQQ","workflowName":"My workflow","executionId":"19","nodeType":"@n8n/n8n-nodes-langchain.memoryMongoDbChat","nodeName":"MongoDB Chat Memory","nodeId":"754b91b0-51fa-4134-b475-fabea68a7ceb"}}
{"__type":"$$EventMessageConfirm","confirm":"fd319bdd-83ba-4803-9d56-3c3ac27c019b","ts":"2026-04-04T16:43:47.562-04:00","source":{"id":"0","name":"eventBus"}}
{"__type":"$$EventMessageNode","id":"98d1ae3b-af58-4327-8bb0-a06fb836f9e9","ts":"2026-04-04T16:43:47.576-04:00","eventName":"n8n.node.started","message":"n8n.node.started","payload":{"workflowId":"YIYJI8ZkPUi59kQQ","workflowName":"My workflow","executionId":"19","nodeType":"@n8n/n8n-nodes-langchain.lmChatGoogleGemini","nodeName":"Google Gemini Chat Model","nodeId":"cc97ad8b-5a79-4373-a561-d36a9275785e"}}
{"__type":"$$EventMessageConfirm","confirm":"98d1ae3b-af58-4327-8bb0-a06fb836f9e9","ts":"2026-04-04T16:43:47.576-04:00","source":{"id":"0","name":"eventBus"}}
{"__type":"$$EventMessageNode","id":"0b194192-8e53-447c-b880-03e9f7210333","ts":"2026-04-04T16:43:49.474-04:00","eventName":"n8n.node.finished","message":"n8n.node.finished","payload":{"workflowId":"YIYJI8ZkPUi59kQQ","workflowName":"My workflow","executionId":"19","nodeType":"@n8n/n8n-nodes-langchain.lmChatGoogleGemini","nodeName":"Google Gemini Chat Model","nodeId":"cc97ad8b-5a79-4373-a561-d36a9275785e"}}
{"__type":"$$EventMessageConfirm","confirm":"0b194192-8e53-447c-b880-03e9f7210333","ts":"2026-04-04T16:43:49.474-04:00","source":{"id":"0","name":"eventBus"}}
{"__type":"$$EventMessageAiNode","id":"4187c8de-14ab-47e3-bfc0-dc4095d467bb","ts":"2026-04-04T16:43:49.474-04:00","eventName":"n8n.ai.llm.generated","message":"n8n.ai.llm.generated","payload":{"executionId":"19","nodeName":"Google Gemini Chat Model","workflowName":"My workflow","nodeType":"@n8n/n8n-nodes-langchain.lmChatGoogleGemini","workflowId":"YIYJI8ZkPUi59kQQ","msg":"{\"messages\":[\"Human: Eres un asistente de ServiceDesk.\\n\\nTu trabajo es:\\n1. Crear tickets\\n2. Consultar tickets\\n\\nSi el usuario quiere crear un ticket, devuelve:\\n{\\n  \\\"accion\\\": \\\"crear\\\",\\n  \\\"data\\\": {\\n    \\\"solicitante\\\": \\\"...\\\",\\n    \\\"tipo_solicitud\\\": \\\"...\\\",\\n    \\\"prioridad\\\": \\\"...\\\",\\n    \\\"categoria\\\": \\\"...\\\",\\n    \\\"subcategoria\\\": \\\"...\\\",\\n    \\\"articulo\\\": \\\"...\\\",\\n    \\\"asunto\\\": \\\"...\\\",\\n    \\\"descripcion_html\\\": \\\"...\\\"\\n  }\\n}\\n\\nSi quiere consultar:\\n{\\n  \\\"accion\\\": \\\"listar\\\"\\n}\\n\\nUsuario dijo:\\nHola que tal?\\nAI: Hola, ¿en qué puedo ayudarte hoy? ¿Necesitas crear un ticket o consultar uno existente?\\nHuman: Eres un asistente de ServiceDesk.\\n\\nTu trabajo es:\\n1. Crear tickets\\n2. Consultar tickets\\n\\nSi el usuario quiere crear un ticket, devuelve:\\n{\\n  \\\"accion\\\": \\\"crear\\\",\\n  \\\"data\\\": {\\n    \\\"solicitante\\\": \\\"...\\\",\\n    \\\"tipo_solicitud\\\": \\\"...\\\",\\n    \\\"prioridad\\\": \\\"...\\\",\\n    \\\"categoria\\\": \\\"...\\\",\\n    \\\"subcategoria\\\": \\\"...\\\",\\n    \\\"articulo\\\": \\\"...\\\",\\n    \\\"asunto\\\": \\\"...\\\",\\n    \\\"descripcion_html\\\": \\\"...\\\"\\n  }\\n}\\n\\nSi quiere consultar:\\n{\\n  \\\"accion\\\": \\\"listar\\\"\\n}\\n\\nUsuario dijo:\\nhOLA\"],\"options\":{\"google_api_key\":{\"lc\":1,\"type\":\"secret\",\"id\":[\"GOOGLE_API_KEY\"]},\"base_url\":\"https://generativelanguage.googleapis.com\",\"model\":\"gemini-2.5-flash\"},\"response\":{\"response\":{\"generations\":[[{\"text\":\"Hola, ¿en qué puedo ayudarte hoy? ¿Necesitas crear un ticket o consultar uno existente?\",\"generationInfo\":{\"finishReason\":\"STOP\",\"index\":0}}]]},\"tokenUsage\":{\"completionTokens\":20,\"promptTokens\":346,\"totalTokens\":366}}}"}}
{"__type":"$$EventMessageConfirm","confirm":"4187c8de-14ab-47e3-bfc0-dc4095d467bb","ts":"2026-04-04T16:43:49.474-04:00","source":{"id":"0","name":"eventBus"}}
{"__type":"$$EventMessageNode","id":"3704a6c0-b35f-47a8-b8c6-9afe4da2f53b","ts":"2026-04-04T16:43:49.478-04:00","eventName":"n8n.node.started","message":"n8n.node.started","payload":{"workflowId":"YIYJI8ZkPUi59kQQ","workflowName":"My workflow","executionId":"19","nodeType":"@n8n/n8n-nodes-langchain.memoryMongoDbChat","nodeName":"MongoDB Chat Memory","nodeId":"754b91b0-51fa-4134-b475-fabea68a7ceb"}}
{"__type":"$$EventMessageConfirm","confirm":"3704a6c0-b35f-47a8-b8c6-9afe4da2f53b","ts":"2026-04-04T16:43:49.478-04:00","source":{"id":"0","name":"eventBus"}}
{"__type":"$$EventMessageNode","id":"c5e059c7-bcc3-49b9-b659-afe9f7cc9959","ts":"2026-04-04T16:43:49.490-04:00","eventName":"n8n.node.finished","message":"n8n.node.finished","payload":{"workflowId":"YIYJI8ZkPUi59kQQ","workflowName":"My workflow","executionId":"19","nodeType":"@n8n/n8n-nodes-langchain.memoryMongoDbChat","nodeName":"MongoDB Chat Memory","nodeId":"754b91b0-51fa-4134-b475-fabea68a7ceb"}}
{"__type":"$$EventMessageConfirm","confirm":"c5e059c7-bcc3-49b9-b659-afe9f7cc9959","ts":"2026-04-04T16:43:49.490-04:00","source":{"id":"0","name":"eventBus"}}
{"__type":"$$EventMessageNode","id":"32d43d6e-e351-42c2-81d0-26f03044523b","ts":"2026-04-04T16:43:49.496-04:00","eventName":"n8n.node.finished","message":"n8n.node.finished","payload":{"workflowId":"YIYJI8ZkPUi59kQQ","workflowName":"My workflow","executionId":"19","nodeType":"@n8n/n8n-nodes-langchain.agent","nodeName":"AI Agent","nodeId":"9a07d0c0-fee7-4cf3-bf7c-e89cbd9d96c9"}}
{"__type":"$$EventMessageConfirm","confirm":"32d43d6e-e351-42c2-81d0-26f03044523b","ts":"2026-04-04T16:43:49.496-04:00","source":{"id":"0","name":"eventBus"}}
{"__type":"$$EventMessageWorkflow","id":"9d02835f-3597-4b35-b9ba-8a5e2e6bc3f3","ts":"2026-04-04T16:43:49.502-04:00","eventName":"n8n.workflow.success","message":"n8n.workflow.success","payload":{"executionId":"19","success":true,"isManual":true,"mode":"manual","workflowId":"YIYJI8ZkPUi59kQQ","workflowName":"My workflow"}}
{"__type":"$$EventMessageConfirm","confirm":"9d02835f-3597-4b35-b9ba-8a5e2e6bc3f3","ts":"2026-04-04T16:43:49.502-04:00","source":{"id":"0","name":"eventBus"}}
{"__type":"$$EventMessageWorkflow","id":"dd962ea9-debc-44bc-9ee7-03326855e8dc","ts":"2026-04-04T16:44:56.620-04:00","eventName":"n8n.workflow.started","message":"n8n.workflow.started","payload":{"executionId":"20","workflowId":"YIYJI8ZkPUi59kQQ","isManual":false,"mode":"manual","workflowName":"My workflow"}}
{"__type":"$$EventMessageConfirm","confirm":"dd962ea9-debc-44bc-9ee7-03326855e8dc","ts":"2026-04-04T16:44:56.620-04:00","source":{"id":"0","name":"eventBus"}}
{"__type":"$$EventMessageAudit","id":"8ee938c5-af46-4244-9cd5-09aa44c03d3c","ts":"2026-04-04T16:44:56.620-04:00","eventName":"n8n.audit.workflow.executed","message":"n8n.audit.workflow.executed","payload":{"workflowId":"YIYJI8ZkPUi59kQQ","workflowName":"My workflow","executionId":"20","source":"webhook"}}
{"__type":"$$EventMessageConfirm","confirm":"8ee938c5-af46-4244-9cd5-09aa44c03d3c","ts":"2026-04-04T16:44:56.620-04:00","source":{"id":"0","name":"eventBus"}}
{"__type":"$$EventMessageNode","id":"18056d07-7e54-47b5-9320-cdf5bb3fa31e","ts":"2026-04-04T16:44:56.622-04:00","eventName":"n8n.node.started","message":"n8n.node.started","payload":{"workflowId":"YIYJI8ZkPUi59kQQ","workflowName":"My workflow","executionId":"20","nodeType":"n8n-nodes-base.webhook","nodeName":"Webhook","nodeId":"209ba0bd-158f-46b3-92d3-3e67fbfaeb46"}}
{"__type":"$$EventMessageConfirm","confirm":"18056d07-7e54-47b5-9320-cdf5bb3fa31e","ts":"2026-04-04T16:44:56.622-04:00","source":{"id":"0","name":"eventBus"}}
{"__type":"$$EventMessageNode","id":"4e71cef0-d663-421f-be88-d86c630fb142","ts":"2026-04-04T16:44:56.624-04:00","eventName":"n8n.node.finished","message":"n8n.node.finished","payload":{"workflowId":"YIYJI8ZkPUi59kQQ","workflowName":"My workflow","executionId":"20","nodeType":"n8n-nodes-base.webhook","nodeName":"Webhook","nodeId":"209ba0bd-158f-46b3-92d3-3e67fbfaeb46"}}
{"__type":"$$EventMessageConfirm","confirm":"4e71cef0-d663-421f-be88-d86c630fb142","ts":"2026-04-04T16:44:56.624-04:00","source":{"id":"0","name":"eventBus"}}
{"__type":"$$EventMessageNode","id":"4d629763-27da-4fe9-96cd-f1e1998b3739","ts":"2026-04-04T16:44:56.626-04:00","eventName":"n8n.node.started","message":"n8n.node.started","payload":{"workflowId":"YIYJI8ZkPUi59kQQ","workflowName":"My workflow","executionId":"20","nodeType":"@n8n/n8n-nodes-langchain.agent","nodeName":"AI Agent","nodeId":"9a07d0c0-fee7-4cf3-bf7c-e89cbd9d96c9"}}
{"__type":"$$EventMessageConfirm","confirm":"4d629763-27da-4fe9-96cd-f1e1998b3739","ts":"2026-04-04T16:44:56.626-04:00","source":{"id":"0","name":"eventBus"}}
{"__type":"$$EventMessageNode","id":"1fe892b3-f0f5-4096-9553-cebde1e0b456","ts":"2026-04-04T16:44:56.687-04:00","eventName":"n8n.node.started","message":"n8n.node.started","payload":{"workflowId":"YIYJI8ZkPUi59kQQ","workflowName":"My workflow","executionId":"20","nodeType":"@n8n/n8n-nodes-langchain.memoryMongoDbChat","nodeName":"MongoDB Chat Memory","nodeId":"754b91b0-51fa-4134-b475-fabea68a7ceb"}}
{"__type":"$$EventMessageConfirm","confirm":"1fe892b3-f0f5-4096-9553-cebde1e0b456","ts":"2026-04-04T16:44:56.687-04:00","source":{"id":"0","name":"eventBus"}}
{"__type":"$$EventMessageNode","id":"4aea1f38-fb9b-49fb-b9c8-fb8d5f4ee77b","ts":"2026-04-04T16:44:56.692-04:00","eventName":"n8n.node.finished","message":"n8n.node.finished","payload":{"workflowId":"YIYJI8ZkPUi59kQQ","workflowName":"My workflow","executionId":"20","nodeType":"@n8n/n8n-nodes-langchain.memoryMongoDbChat","nodeName":"MongoDB Chat Memory","nodeId":"754b91b0-51fa-4134-b475-fabea68a7ceb"}}
{"__type":"$$EventMessageConfirm","confirm":"4aea1f38-fb9b-49fb-b9c8-fb8d5f4ee77b","ts":"2026-04-04T16:44:56.693-04:00","source":{"id":"0","name":"eventBus"}}
{"__type":"$$EventMessageNode","id":"61435e93-6ce6-4d40-8a10-948e422e01a6","ts":"2026-04-04T16:44:56.711-04:00","eventName":"n8n.node.started","message":"n8n.node.started","payload":{"workflowId":"YIYJI8ZkPUi59kQQ","workflowName":"My workflow","executionId":"20","nodeType":"@n8n/n8n-nodes-langchain.lmChatGoogleGemini","nodeName":"Google Gemini Chat Model","nodeId":"cc97ad8b-5a79-4373-a561-d36a9275785e"}}
{"__type":"$$EventMessageConfirm","confirm":"61435e93-6ce6-4d40-8a10-948e422e01a6","ts":"2026-04-04T16:44:56.711-04:00","source":{"id":"0","name":"eventBus"}}
{"__type":"$$EventMessageNode","id":"46a77343-8569-408f-bfca-0a854b940609","ts":"2026-04-04T16:44:59.019-04:00","eventName":"n8n.node.finished","message":"n8n.node.finished","payload":{"workflowId":"YIYJI8ZkPUi59kQQ","workflowName":"My workflow","executionId":"20","nodeType":"@n8n/n8n-nodes-langchain.lmChatGoogleGemini","nodeName":"Google Gemini Chat Model","nodeId":"cc97ad8b-5a79-4373-a561-d36a9275785e"}}
{"__type":"$$EventMessageConfirm","confirm":"46a77343-8569-408f-bfca-0a854b940609","ts":"2026-04-04T16:44:59.019-04:00","source":{"id":"0","name":"eventBus"}}
{"__type":"$$EventMessageAiNode","id":"ca2ffdee-dc94-4d07-9a23-08af3e66b970","ts":"2026-04-04T16:44:59.019-04:00","eventName":"n8n.ai.llm.generated","message":"n8n.ai.llm.generated","payload":{"executionId":"20","nodeName":"Google Gemini Chat Model","workflowName":"My workflow","nodeType":"@n8n/n8n-nodes-langchain.lmChatGoogleGemini","workflowId":"YIYJI8ZkPUi59kQQ","msg":"{\"messages\":[\"Human: Eres un asistente de ServiceDesk.\\n\\nTu trabajo es:\\n1. Crear tickets\\n2. Consultar tickets\\n\\nSi el usuario quiere crear un ticket, devuelve:\\n{\\n  \\\"accion\\\": \\\"crear\\\",\\n  \\\"data\\\": {\\n    \\\"solicitante\\\": \\\"...\\\",\\n    \\\"tipo_solicitud\\\": \\\"...\\\",\\n    \\\"prioridad\\\": \\\"...\\\",\\n    \\\"categoria\\\": \\\"...\\\",\\n    \\\"subcategoria\\\": \\\"...\\\",\\n    \\\"articulo\\\": \\\"...\\\",\\n    \\\"asunto\\\": \\\"...\\\",\\n    \\\"descripcion_html\\\": \\\"...\\\"\\n  }\\n}\\n\\nSi quiere consultar:\\n{\\n  \\\"accion\\\": \\\"listar\\\"\\n}\\n\\nUsuario dijo:\\nHola que tal?\\nAI: Hola, ¿en qué puedo ayudarte hoy? ¿Necesitas crear un ticket o consultar uno existente?\\nHuman: Eres un asistente de ServiceDesk.\\n\\nTu trabajo es:\\n1. Crear tickets\\n2. Consultar tickets\\n\\nSi el usuario quiere crear un ticket, devuelve:\\n{\\n  \\\"accion\\\": \\\"crear\\\",\\n  \\\"data\\\": {\\n    \\\"solicitante\\\": \\\"...\\\",\\n    \\\"tipo_solicitud\\\": \\\"...\\\",\\n    \\\"prioridad\\\": \\\"...\\\",\\n    \\\"categoria\\\": \\\"...\\\",\\n    \\\"subcategoria\\\": \\\"...\\\",\\n    \\\"articulo\\\": \\\"...\\\",\\n    \\\"asunto\\\": \\\"...\\\",\\n    \\\"descripcion_html\\\": \\\"...\\\"\\n  }\\n}\\n\\nSi quiere consultar:\\n{\\n  \\\"accion\\\": \\\"listar\\\"\\n}\\n\\nUsuario dijo:\\nhOLA\\nAI: Hola, ¿en qué puedo ayudarte hoy? ¿Necesitas crear un ticket o consultar uno existente?\\nHuman: Eres un asistente de ServiceDesk.\\n\\nTu trabajo es:\\n1. Crear tickets\\n2. Consultar tickets\\n\\nSi el usuario quiere crear un ticket, devuelve:\\n{\\n  \\\"accion\\\": \\\"crear\\\",\\n  \\\"data\\\": {\\n    \\\"solicitante\\\": \\\"...\\\",\\n    \\\"tipo_solicitud\\\": \\\"...\\\",\\n    \\\"prioridad\\\": \\\"...\\\",\\n    \\\"categoria\\\": \\\"...\\\",\\n    \\\"subcategoria\\\": \\\"...\\\",\\n    \\\"articulo\\\": \\\"...\\\",\\n    \\\"asunto\\\": \\\"...\\\",\\n    \\\"descripcion_html\\\": \\\"...\\\"\\n  }\\n}\\n\\nSi quiere consultar:\\n{\\n  \\\"accion\\\": \\\"listar\\\"\\n}\\n\\nUsuario dijo:\\nHola\"],\"options\":{\"google_api_key\":{\"lc\":1,\"type\":\"secret\",\"id\":[\"GOOGLE_API_KEY\"]},\"base_url\":\"https://generativelanguage.googleapis.com\",\"model\":\"gemini-2.5-flash\"},\"response\":{\"response\":{\"generations\":[[{\"text\":\"Hola, ¿en qué puedo ayudarte hoy? ¿Necesitas crear un ticket o consultar uno existente?\",\"generationInfo\":{\"finishReason\":\"STOP\",\"index\":0}}]]},\"tokenUsage\":{\"completionTokens\":20,\"promptTokens\":515,\"totalTokens\":535}}}"}}
{"__type":"$$EventMessageConfirm","confirm":"ca2ffdee-dc94-4d07-9a23-08af3e66b970","ts":"2026-04-04T16:44:59.019-04:00","source":{"id":"0","name":"eventBus"}}
{"__type":"$$EventMessageNode","id":"ce911be0-adf8-4335-b464-726d3f6cc074","ts":"2026-04-04T16:44:59.022-04:00","eventName":"n8n.node.started","message":"n8n.node.started","payload":{"workflowId":"YIYJI8ZkPUi59kQQ","workflowName":"My workflow","executionId":"20","nodeType":"@n8n/n8n-nodes-langchain.memoryMongoDbChat","nodeName":"MongoDB Chat Memory","nodeId":"754b91b0-51fa-4134-b475-fabea68a7ceb"}}
{"__type":"$$EventMessageConfirm","confirm":"ce911be0-adf8-4335-b464-726d3f6cc074","ts":"2026-04-04T16:44:59.022-04:00","source":{"id":"0","name":"eventBus"}}
{"__type":"$$EventMessageNode","id":"9f000eb2-66ba-47be-a4f2-924f30faab8d","ts":"2026-04-04T16:44:59.036-04:00","eventName":"n8n.node.finished","message":"n8n.node.finished","payload":{"workflowId":"YIYJI8ZkPUi59kQQ","workflowName":"My workflow","executionId":"20","nodeType":"@n8n/n8n-nodes-langchain.memoryMongoDbChat","nodeName":"MongoDB Chat Memory","nodeId":"754b91b0-51fa-4134-b475-fabea68a7ceb"}}
{"__type":"$$EventMessageConfirm","confirm":"9f000eb2-66ba-47be-a4f2-924f30faab8d","ts":"2026-04-04T16:44:59.036-04:00","source":{"id":"0","name":"eventBus"}}
{"__type":"$$EventMessageNode","id":"10a117f0-d853-468a-82ef-1e986cc07c27","ts":"2026-04-04T16:44:59.041-04:00","eventName":"n8n.node.finished","message":"n8n.node.finished","payload":{"workflowId":"YIYJI8ZkPUi59kQQ","workflowName":"My workflow","executionId":"20","nodeType":"@n8n/n8n-nodes-langchain.agent","nodeName":"AI Agent","nodeId":"9a07d0c0-fee7-4cf3-bf7c-e89cbd9d96c9"}}
{"__type":"$$EventMessageConfirm","confirm":"10a117f0-d853-468a-82ef-1e986cc07c27","ts":"2026-04-04T16:44:59.041-04:00","source":{"id":"0","name":"eventBus"}}
{"__type":"$$EventMessageWorkflow","id":"3500c3fe-60e0-4e37-896d-83087e58ea46","ts":"2026-04-04T16:44:59.044-04:00","eventName":"n8n.workflow.success","message":"n8n.workflow.success","payload":{"executionId":"20","success":true,"isManual":true,"mode":"manual","workflowId":"YIYJI8ZkPUi59kQQ","workflowName":"My workflow"}}
{"__type":"$$EventMessageConfirm","confirm":"3500c3fe-60e0-4e37-896d-83087e58ea46","ts":"2026-04-04T16:44:59.044-04:00","source":{"id":"0","name":"eventBus"}}
{"__type":"$$EventMessageAudit","id":"4e95c229-b757-4164-af92-d4c899088c34","ts":"2026-04-04T16:46:46.536-04:00","eventName":"n8n.audit.workflow.updated","message":"n8n.audit.workflow.updated","payload":{"userId":"5dbe17fd-2bf6-4d1e-ad71-13ee612d9454","_email":"joao.basa.18@gmail.com","_firstName":"Joao","_lastName":"Basanta","globalRole":"global:owner","workflowId":"YIYJI8ZkPUi59kQQ","workflowName":"My workflow"}}
{"__type":"$$EventMessageConfirm","confirm":"4e95c229-b757-4164-af92-d4c899088c34","ts":"2026-04-04T16:46:46.537-04:00","source":{"id":"0","name":"eventBus"}}
{"__type":"$$EventMessageAudit","id":"d950d2a8-f4e9-410d-9503-6427411afe04","ts":"2026-04-04T16:46:50.052-04:00","eventName":"n8n.audit.workflow.updated","message":"n8n.audit.workflow.updated","payload":{"userId":"5dbe17fd-2bf6-4d1e-ad71-13ee612d9454","_email":"joao.basa.18@gmail.com","_firstName":"Joao","_lastName":"Basanta","globalRole":"global:owner","workflowId":"YIYJI8ZkPUi59kQQ","workflowName":"My workflow"}}
{"__type":"$$EventMessageConfirm","confirm":"d950d2a8-f4e9-410d-9503-6427411afe04","ts":"2026-04-04T16:46:50.052-04:00","source":{"id":"0","name":"eventBus"}}
{"__type":"$$EventMessageAudit","id":"ce74d9c4-f015-44c9-b834-6d298afd7157","ts":"2026-04-04T16:46:59.897-04:00","eventName":"n8n.audit.workflow.updated","message":"n8n.audit.workflow.updated","payload":{"userId":"5dbe17fd-2bf6-4d1e-ad71-13ee612d9454","_email":"joao.basa.18@gmail.com","_firstName":"Joao","_lastName":"Basanta","globalRole":"global:owner","workflowId":"YIYJI8ZkPUi59kQQ","workflowName":"My workflow"}}
{"__type":"$$EventMessageConfirm","confirm":"ce74d9c4-f015-44c9-b834-6d298afd7157","ts":"2026-04-04T16:46:59.898-04:00","source":{"id":"0","name":"eventBus"}}
{"__type":"$$EventMessageAudit","id":"0d5b5f09-6549-43ca-847a-e41f34bf4ce0","ts":"2026-04-04T16:47:14.341-04:00","eventName":"n8n.audit.workflow.updated","message":"n8n.audit.workflow.updated","payload":{"userId":"5dbe17fd-2bf6-4d1e-ad71-13ee612d9454","_email":"joao.basa.18@gmail.com","_firstName":"Joao","_lastName":"Basanta","globalRole":"global:owner","workflowId":"YIYJI8ZkPUi59kQQ","workflowName":"My workflow"}}
{"__type":"$$EventMessageConfirm","confirm":"0d5b5f09-6549-43ca-847a-e41f34bf4ce0","ts":"2026-04-04T16:47:14.341-04:00","source":{"id":"0","name":"eventBus"}}
{"__type":"$$EventMessageAudit","id":"72651ddf-8716-4ce3-a830-ef1f8849a33f","ts":"2026-04-04T16:48:48.534-04:00","eventName":"n8n.audit.workflow.updated","message":"n8n.audit.workflow.updated","payload":{"userId":"5dbe17fd-2bf6-4d1e-ad71-13ee612d9454","_email":"joao.basa.18@gmail.com","_firstName":"Joao","_lastName":"Basanta","globalRole":"global:owner","workflowId":"YIYJI8ZkPUi59kQQ","workflowName":"My workflow"}}
{"__type":"$$EventMessageConfirm","confirm":"72651ddf-8716-4ce3-a830-ef1f8849a33f","ts":"2026-04-04T16:48:48.535-04:00","source":{"id":"0","name":"eventBus"}}
{"__type":"$$EventMessageAudit","id":"f6ac2ddd-5b67-46ac-a9f5-4c4e05fbbfdb","ts":"2026-04-04T16:48:54.030-04:00","eventName":"n8n.audit.workflow.updated","message":"n8n.audit.workflow.updated","payload":{"userId":"5dbe17fd-2bf6-4d1e-ad71-13ee612d9454","_email":"joao.basa.18@gmail.com","_firstName":"Joao","_lastName":"Basanta","globalRole":"global:owner","workflowId":"YIYJI8ZkPUi59kQQ","workflowName":"My workflow"}}
{"__type":"$$EventMessageConfirm","confirm":"f6ac2ddd-5b67-46ac-a9f5-4c4e05fbbfdb","ts":"2026-04-04T16:48:54.030-04:00","source":{"id":"0","name":"eventBus"}}
{"__type":"$$EventMessageAudit","id":"9d362feb-057e-4a8e-8432-5e6148420e97","ts":"2026-04-04T16:49:07.434-04:00","eventName":"n8n.audit.workflow.updated","message":"n8n.audit.workflow.updated","payload":{"userId":"5dbe17fd-2bf6-4d1e-ad71-13ee612d9454","_email":"joao.basa.18@gmail.com","_firstName":"Joao","_lastName":"Basanta","globalRole":"global:owner","workflowId":"YIYJI8ZkPUi59kQQ","workflowName":"My workflow"}}
{"__type":"$$EventMessageConfirm","confirm":"9d362feb-057e-4a8e-8432-5e6148420e97","ts":"2026-04-04T16:49:07.435-04:00","source":{"id":"0","name":"eventBus"}}
{"__type":"$$EventMessageAudit","id":"b9431117-e25d-4df3-9f4e-2fcf74dd4093","ts":"2026-04-04T16:49:16.894-04:00","eventName":"n8n.audit.workflow.updated","message":"n8n.audit.workflow.updated","payload":{"userId":"5dbe17fd-2bf6-4d1e-ad71-13ee612d9454","_email":"joao.basa.18@gmail.com","_firstName":"Joao","_lastName":"Basanta","globalRole":"global:owner","workflowId":"YIYJI8ZkPUi59kQQ","workflowName":"My workflow"}}
{"__type":"$$EventMessageConfirm","confirm":"b9431117-e25d-4df3-9f4e-2fcf74dd4093","ts":"2026-04-04T16:49:16.895-04:00","source":{"id":"0","name":"eventBus"}}
{"__type":"$$EventMessageAudit","id":"36dc0a5e-a2bf-4b1b-bc89-9a0b48844421","ts":"2026-04-04T16:49:27.137-04:00","eventName":"n8n.audit.workflow.updated","message":"n8n.audit.workflow.updated","payload":{"userId":"5dbe17fd-2bf6-4d1e-ad71-13ee612d9454","_email":"joao.basa.18@gmail.com","_firstName":"Joao","_lastName":"Basanta","globalRole":"global:owner","workflowId":"YIYJI8ZkPUi59kQQ","workflowName":"My workflow"}}
{"__type":"$$EventMessageConfirm","confirm":"36dc0a5e-a2bf-4b1b-bc89-9a0b48844421","ts":"2026-04-04T16:49:27.138-04:00","source":{"id":"0","name":"eventBus"}}
{"__type":"$$EventMessageAudit","id":"391016e4-ea14-42ef-bf0e-c073534fb893","ts":"2026-04-04T16:50:17.969-04:00","eventName":"n8n.audit.workflow.updated","message":"n8n.audit.workflow.updated","payload":{"userId":"5dbe17fd-2bf6-4d1e-ad71-13ee612d9454","_email":"joao.basa.18@gmail.com","_firstName":"Joao","_lastName":"Basanta","globalRole":"global:owner","workflowId":"YIYJI8ZkPUi59kQQ","workflowName":"My workflow"}}
{"__type":"$$EventMessageConfirm","confirm":"391016e4-ea14-42ef-bf0e-c073534fb893","ts":"2026-04-04T16:50:17.969-04:00","source":{"id":"0","name":"eventBus"}}
{"__type":"$$EventMessageWorkflow","id":"e7c0cbed-fdd4-4335-97b9-2c9e32231539","ts":"2026-04-04T16:50:22.107-04:00","eventName":"n8n.workflow.started","message":"n8n.workflow.started","payload":{"executionId":"21","workflowId":"YIYJI8ZkPUi59kQQ","isManual":false,"mode":"manual","workflowName":"My workflow"}}
{"__type":"$$EventMessageConfirm","confirm":"e7c0cbed-fdd4-4335-97b9-2c9e32231539","ts":"2026-04-04T16:50:22.108-04:00","source":{"id":"0","name":"eventBus"}}
{"__type":"$$EventMessageAudit","id":"b9e0766b-7251-4cbe-98d5-e4afa8601695","ts":"2026-04-04T16:50:22.110-04:00","eventName":"n8n.audit.workflow.executed","message":"n8n.audit.workflow.executed","payload":{"userId":"5dbe17fd-2bf6-4d1e-ad71-13ee612d9454","_email":"joao.basa.18@gmail.com","_firstName":"Joao","_lastName":"Basanta","globalRole":"global:owner","workflowId":"YIYJI8ZkPUi59kQQ","workflowName":"My workflow","executionId":"21","source":"user-manual"}}
{"__type":"$$EventMessageConfirm","confirm":"b9e0766b-7251-4cbe-98d5-e4afa8601695","ts":"2026-04-04T16:50:22.110-04:00","source":{"id":"0","name":"eventBus"}}
{"__type":"$$EventMessageNode","id":"0f69d970-a9a6-40a9-8ff4-e11474a7afab","ts":"2026-04-04T16:50:22.126-04:00","eventName":"n8n.node.started","message":"n8n.node.started","payload":{"workflowId":"YIYJI8ZkPUi59kQQ","workflowName":"My workflow","executionId":"21","nodeType":"n8n-nodes-base.set","nodeName":"Edit Fields","nodeId":"92506a45-d29e-4d63-8e2a-844580804773"}}
{"__type":"$$EventMessageConfirm","confirm":"0f69d970-a9a6-40a9-8ff4-e11474a7afab","ts":"2026-04-04T16:50:22.127-04:00","source":{"id":"0","name":"eventBus"}}
{"__type":"$$EventMessageNode","id":"b34cd562-c1cb-4718-a9e5-555724126c4e","ts":"2026-04-04T16:50:22.142-04:00","eventName":"n8n.node.finished","message":"n8n.node.finished","payload":{"workflowId":"YIYJI8ZkPUi59kQQ","workflowName":"My workflow","executionId":"21","nodeType":"n8n-nodes-base.set","nodeName":"Edit Fields","nodeId":"92506a45-d29e-4d63-8e2a-844580804773"}}
{"__type":"$$EventMessageConfirm","confirm":"b34cd562-c1cb-4718-a9e5-555724126c4e","ts":"2026-04-04T16:50:22.142-04:00","source":{"id":"0","name":"eventBus"}}
{"__type":"$$EventMessageWorkflow","id":"2f7f96db-b50b-42d0-b6ef-ef7942f9a920","ts":"2026-04-04T16:50:22.146-04:00","eventName":"n8n.workflow.success","message":"n8n.workflow.success","payload":{"userId":"5dbe17fd-2bf6-4d1e-ad71-13ee612d9454","executionId":"21","success":true,"isManual":true,"mode":"manual","workflowId":"YIYJI8ZkPUi59kQQ","workflowName":"My workflow"}}
{"__type":"$$EventMessageConfirm","confirm":"2f7f96db-b50b-42d0-b6ef-ef7942f9a920","ts":"2026-04-04T16:50:22.147-04:00","source":{"id":"0","name":"eventBus"}}
{"__type":"$$EventMessageAudit","id":"10108d4f-0e1a-4ad7-9cb2-7af14ee2ffff","ts":"2026-04-04T16:50:36.754-04:00","eventName":"n8n.audit.workflow.updated","message":"n8n.audit.workflow.updated","payload":{"userId":"5dbe17fd-2bf6-4d1e-ad71-13ee612d9454","_email":"joao.basa.18@gmail.com","_firstName":"Joao","_lastName":"Basanta","globalRole":"global:owner","workflowId":"YIYJI8ZkPUi59kQQ","workflowName":"My workflow"}}
{"__type":"$$EventMessageConfirm","confirm":"10108d4f-0e1a-4ad7-9cb2-7af14ee2ffff","ts":"2026-04-04T16:50:36.754-04:00","source":{"id":"0","name":"eventBus"}}
{"__type":"$$EventMessageAudit","id":"e065a349-94af-42db-b5f5-10e6fcc1e211","ts":"2026-04-04T16:51:11.369-04:00","eventName":"n8n.audit.workflow.updated","message":"n8n.audit.workflow.updated","payload":{"userId":"5dbe17fd-2bf6-4d1e-ad71-13ee612d9454","_email":"joao.basa.18@gmail.com","_firstName":"Joao","_lastName":"Basanta","globalRole":"global:owner","workflowId":"YIYJI8ZkPUi59kQQ","workflowName":"My workflow"}}
{"__type":"$$EventMessageConfirm","confirm":"e065a349-94af-42db-b5f5-10e6fcc1e211","ts":"2026-04-04T16:51:11.370-04:00","source":{"id":"0","name":"eventBus"}}
{"__type":"$$EventMessageAudit","id":"7d28a12d-fca3-4fcc-b63c-43e624e877ea","ts":"2026-04-04T16:51:13.024-04:00","eventName":"n8n.audit.workflow.updated","message":"n8n.audit.workflow.updated","payload":{"userId":"5dbe17fd-2bf6-4d1e-ad71-13ee612d9454","_email":"joao.basa.18@gmail.com","_firstName":"Joao","_lastName":"Basanta","globalRole":"global:owner","workflowId":"YIYJI8ZkPUi59kQQ","workflowName":"My workflow"}}
{"__type":"$$EventMessageConfirm","confirm":"7d28a12d-fca3-4fcc-b63c-43e624e877ea","ts":"2026-04-04T16:51:13.024-04:00","source":{"id":"0","name":"eventBus"}}
{"__type":"$$EventMessageWorkflow","id":"44f6f391-d7a0-4754-8e31-57a309bb24df","ts":"2026-04-04T16:51:13.129-04:00","eventName":"n8n.workflow.started","message":"n8n.workflow.started","payload":{"executionId":"22","workflowId":"YIYJI8ZkPUi59kQQ","isManual":false,"mode":"manual","workflowName":"My workflow"}}
{"__type":"$$EventMessageConfirm","confirm":"44f6f391-d7a0-4754-8e31-57a309bb24df","ts":"2026-04-04T16:51:13.129-04:00","source":{"id":"0","name":"eventBus"}}
{"__type":"$$EventMessageAudit","id":"b706ef37-df7d-486d-aadd-c398f452a43d","ts":"2026-04-04T16:51:13.130-04:00","eventName":"n8n.audit.workflow.executed","message":"n8n.audit.workflow.executed","payload":{"userId":"5dbe17fd-2bf6-4d1e-ad71-13ee612d9454","_email":"joao.basa.18@gmail.com","_firstName":"Joao","_lastName":"Basanta","globalRole":"global:owner","workflowId":"YIYJI8ZkPUi59kQQ","workflowName":"My workflow","executionId":"22","source":"user-manual"}}
{"__type":"$$EventMessageConfirm","confirm":"b706ef37-df7d-486d-aadd-c398f452a43d","ts":"2026-04-04T16:51:13.130-04:00","source":{"id":"0","name":"eventBus"}}
{"__type":"$$EventMessageNode","id":"ca838af9-34fe-4541-aabc-fe4e33239383","ts":"2026-04-04T16:51:13.150-04:00","eventName":"n8n.node.started","message":"n8n.node.started","payload":{"workflowId":"YIYJI8ZkPUi59kQQ","workflowName":"My workflow","executionId":"22","nodeType":"n8n-nodes-base.respondToWebhook","nodeName":"Respond to Webhook","nodeId":"4299c8c6-af2f-4b17-be27-4cb1faf7742f"}}
{"__type":"$$EventMessageConfirm","confirm":"ca838af9-34fe-4541-aabc-fe4e33239383","ts":"2026-04-04T16:51:13.150-04:00","source":{"id":"0","name":"eventBus"}}
{"__type":"$$EventMessageNode","id":"3d281870-8e88-4c5c-a640-077c52d6a2a7","ts":"2026-04-04T16:51:13.154-04:00","eventName":"n8n.node.finished","message":"n8n.node.finished","payload":{"workflowId":"YIYJI8ZkPUi59kQQ","workflowName":"My workflow","executionId":"22","nodeType":"n8n-nodes-base.respondToWebhook","nodeName":"Respond to Webhook","nodeId":"4299c8c6-af2f-4b17-be27-4cb1faf7742f"}}
{"__type":"$$EventMessageConfirm","confirm":"3d281870-8e88-4c5c-a640-077c52d6a2a7","ts":"2026-04-04T16:51:13.155-04:00","source":{"id":"0","name":"eventBus"}}
{"__type":"$$EventMessageWorkflow","id":"4a8e85f5-4d7e-4406-9521-15c20440d8ee","ts":"2026-04-04T16:51:13.160-04:00","eventName":"n8n.workflow.success","message":"n8n.workflow.success","payload":{"userId":"5dbe17fd-2bf6-4d1e-ad71-13ee612d9454","executionId":"22","success":true,"isManual":true,"mode":"manual","workflowId":"YIYJI8ZkPUi59kQQ","workflowName":"My workflow"}}
{"__type":"$$EventMessageConfirm","confirm":"4a8e85f5-4d7e-4406-9521-15c20440d8ee","ts":"2026-04-04T16:51:13.160-04:00","source":{"id":"0","name":"eventBus"}}
{"__type":"$$EventMessageAudit","id":"de4d105b-7bbe-446c-8fd9-dfc7741e4b94","ts":"2026-04-04T16:51:13.298-04:00","eventName":"n8n.audit.workflow.updated","message":"n8n.audit.workflow.updated","payload":{"userId":"5dbe17fd-2bf6-4d1e-ad71-13ee612d9454","_email":"joao.basa.18@gmail.com","_firstName":"Joao","_lastName":"Basanta","globalRole":"global:owner","workflowId":"YIYJI8ZkPUi59kQQ","workflowName":"My workflow"}}
{"__type":"$$EventMessageConfirm","confirm":"de4d105b-7bbe-446c-8fd9-dfc7741e4b94","ts":"2026-04-04T16:51:13.298-04:00","source":{"id":"0","name":"eventBus"}}
{"__type":"$$EventMessageWorkflow","id":"66c364b2-14e4-4262-bff3-ebe829a43863","ts":"2026-04-04T16:51:24.063-04:00","eventName":"n8n.workflow.started","message":"n8n.workflow.started","payload":{"executionId":"23","workflowId":"YIYJI8ZkPUi59kQQ","isManual":false,"mode":"manual","workflowName":"My workflow"}}
{"__type":"$$EventMessageConfirm","confirm":"66c364b2-14e4-4262-bff3-ebe829a43863","ts":"2026-04-04T16:51:24.064-04:00","source":{"id":"0","name":"eventBus"}}
{"__type":"$$EventMessageAudit","id":"bf13d11f-7dce-4b11-bfb6-07b91104b265","ts":"2026-04-04T16:51:24.064-04:00","eventName":"n8n.audit.workflow.executed","message":"n8n.audit.workflow.executed","payload":{"workflowId":"YIYJI8ZkPUi59kQQ","workflowName":"My workflow","executionId":"23","source":"webhook"}}
{"__type":"$$EventMessageConfirm","confirm":"bf13d11f-7dce-4b11-bfb6-07b91104b265","ts":"2026-04-04T16:51:24.064-04:00","source":{"id":"0","name":"eventBus"}}
{"__type":"$$EventMessageNode","id":"f7ed54c5-d9c1-40b8-9fe1-3bbe3b6ab7d9","ts":"2026-04-04T16:51:24.065-04:00","eventName":"n8n.node.started","message":"n8n.node.started","payload":{"workflowId":"YIYJI8ZkPUi59kQQ","workflowName":"My workflow","executionId":"23","nodeType":"n8n-nodes-base.webhook","nodeName":"Webhook","nodeId":"209ba0bd-158f-46b3-92d3-3e67fbfaeb46"}}
{"__type":"$$EventMessageConfirm","confirm":"f7ed54c5-d9c1-40b8-9fe1-3bbe3b6ab7d9","ts":"2026-04-04T16:51:24.065-04:00","source":{"id":"0","name":"eventBus"}}
{"__type":"$$EventMessageNode","id":"10fa99e1-6275-4477-9495-4c373a1581c1","ts":"2026-04-04T16:51:24.067-04:00","eventName":"n8n.node.finished","message":"n8n.node.finished","payload":{"workflowId":"YIYJI8ZkPUi59kQQ","workflowName":"My workflow","executionId":"23","nodeType":"n8n-nodes-base.webhook","nodeName":"Webhook","nodeId":"209ba0bd-158f-46b3-92d3-3e67fbfaeb46"}}
{"__type":"$$EventMessageConfirm","confirm":"10fa99e1-6275-4477-9495-4c373a1581c1","ts":"2026-04-04T16:51:24.067-04:00","source":{"id":"0","name":"eventBus"}}
{"__type":"$$EventMessageWorkflow","id":"e5eb81c0-135f-417a-aa5c-8c34561c91f3","ts":"2026-04-04T16:51:24.073-04:00","eventName":"n8n.workflow.failed","message":"n8n.workflow.failed","payload":{"executionId":"23","success":false,"isManual":true,"mode":"manual","workflowId":"YIYJI8ZkPUi59kQQ","workflowName":"My workflow","lastNodeExecuted":"Webhook","errorMessage":"Unused Respond to Webhook node found in the workflow"}}
{"__type":"$$EventMessageConfirm","confirm":"e5eb81c0-135f-417a-aa5c-8c34561c91f3","ts":"2026-04-04T16:51:24.073-04:00","source":{"id":"0","name":"eventBus"}}
{"__type":"$$EventMessageAudit","id":"6dc3456b-b666-4cbb-993c-9bb2b85182e7","ts":"2026-04-04T16:52:48.418-04:00","eventName":"n8n.audit.workflow.updated","message":"n8n.audit.workflow.updated","payload":{"userId":"5dbe17fd-2bf6-4d1e-ad71-13ee612d9454","_email":"joao.basa.18@gmail.com","_firstName":"Joao","_lastName":"Basanta","globalRole":"global:owner","workflowId":"YIYJI8ZkPUi59kQQ","workflowName":"My workflow"}}
{"__type":"$$EventMessageConfirm","confirm":"6dc3456b-b666-4cbb-993c-9bb2b85182e7","ts":"2026-04-04T16:52:48.419-04:00","source":{"id":"0","name":"eventBus"}}
{"__type":"$$EventMessageAudit","id":"b7c1aeb1-acac-41ed-b6ad-9dabaa8e4e4d","ts":"2026-04-04T16:52:51.365-04:00","eventName":"n8n.audit.workflow.updated","message":"n8n.audit.workflow.updated","payload":{"userId":"5dbe17fd-2bf6-4d1e-ad71-13ee612d9454","_email":"joao.basa.18@gmail.com","_firstName":"Joao","_lastName":"Basanta","globalRole":"global:owner","workflowId":"YIYJI8ZkPUi59kQQ","workflowName":"My workflow"}}
{"__type":"$$EventMessageConfirm","confirm":"b7c1aeb1-acac-41ed-b6ad-9dabaa8e4e4d","ts":"2026-04-04T16:52:51.365-04:00","source":{"id":"0","name":"eventBus"}}
{"__type":"$$EventMessageAudit","id":"2ce8811d-d849-44ee-b97a-14cc98473a2f","ts":"2026-04-04T16:54:42.229-04:00","eventName":"n8n.audit.workflow.updated","message":"n8n.audit.workflow.updated","payload":{"userId":"5dbe17fd-2bf6-4d1e-ad71-13ee612d9454","_email":"joao.basa.18@gmail.com","_firstName":"Joao","_lastName":"Basanta","globalRole":"global:owner","workflowId":"YIYJI8ZkPUi59kQQ","workflowName":"My workflow"}}
{"__type":"$$EventMessageConfirm","confirm":"2ce8811d-d849-44ee-b97a-14cc98473a2f","ts":"2026-04-04T16:54:42.229-04:00","source":{"id":"0","name":"eventBus"}}
{"__type":"$$EventMessageWorkflow","id":"3c23d52c-c7f1-4398-8c46-083a64e2e931","ts":"2026-04-04T16:56:12.416-04:00","eventName":"n8n.workflow.started","message":"n8n.workflow.started","payload":{"executionId":"24","workflowId":"YIYJI8ZkPUi59kQQ","isManual":false,"mode":"manual","workflowName":"My workflow"}}
{"__type":"$$EventMessageConfirm","confirm":"3c23d52c-c7f1-4398-8c46-083a64e2e931","ts":"2026-04-04T16:56:12.417-04:00","source":{"id":"0","name":"eventBus"}}
{"__type":"$$EventMessageAudit","id":"4316716d-1d73-496f-8a89-d34f26ec27c6","ts":"2026-04-04T16:56:12.417-04:00","eventName":"n8n.audit.workflow.executed","message":"n8n.audit.workflow.executed","payload":{"workflowId":"YIYJI8ZkPUi59kQQ","workflowName":"My workflow","executionId":"24","source":"webhook"}}
{"__type":"$$EventMessageConfirm","confirm":"4316716d-1d73-496f-8a89-d34f26ec27c6","ts":"2026-04-04T16:56:12.417-04:00","source":{"id":"0","name":"eventBus"}}
{"__type":"$$EventMessageNode","id":"ccc3e152-a9cf-4d6f-aeff-bbf439607c5a","ts":"2026-04-04T16:56:12.418-04:00","eventName":"n8n.node.started","message":"n8n.node.started","payload":{"workflowId":"YIYJI8ZkPUi59kQQ","workflowName":"My workflow","executionId":"24","nodeType":"n8n-nodes-base.webhook","nodeName":"Webhook","nodeId":"209ba0bd-158f-46b3-92d3-3e67fbfaeb46"}}
{"__type":"$$EventMessageConfirm","confirm":"ccc3e152-a9cf-4d6f-aeff-bbf439607c5a","ts":"2026-04-04T16:56:12.418-04:00","source":{"id":"0","name":"eventBus"}}
{"__type":"$$EventMessageNode","id":"1ad0d6e7-9670-451a-b4d1-48155c3277f0","ts":"2026-04-04T16:56:12.420-04:00","eventName":"n8n.node.finished","message":"n8n.node.finished","payload":{"workflowId":"YIYJI8ZkPUi59kQQ","workflowName":"My workflow","executionId":"24","nodeType":"n8n-nodes-base.webhook","nodeName":"Webhook","nodeId":"209ba0bd-158f-46b3-92d3-3e67fbfaeb46"}}
{"__type":"$$EventMessageConfirm","confirm":"1ad0d6e7-9670-451a-b4d1-48155c3277f0","ts":"2026-04-04T16:56:12.420-04:00","source":{"id":"0","name":"eventBus"}}
{"__type":"$$EventMessageWorkflow","id":"a8e2270e-f991-47f1-91c8-d7e651e14bb6","ts":"2026-04-04T16:56:12.425-04:00","eventName":"n8n.workflow.failed","message":"n8n.workflow.failed","payload":{"executionId":"24","success":false,"isManual":true,"mode":"manual","workflowId":"YIYJI8ZkPUi59kQQ","workflowName":"My workflow","lastNodeExecuted":"Webhook","errorMessage":"Unused Respond to Webhook node found in the workflow"}}
{"__type":"$$EventMessageConfirm","confirm":"a8e2270e-f991-47f1-91c8-d7e651e14bb6","ts":"2026-04-04T16:56:12.425-04:00","source":{"id":"0","name":"eventBus"}}
{"__type":"$$EventMessageAudit","id":"204877e4-06ff-4873-802f-84f6eaeb6aac","ts":"2026-04-04T16:58:29.409-04:00","eventName":"n8n.audit.workflow.updated","message":"n8n.audit.workflow.updated","payload":{"userId":"5dbe17fd-2bf6-4d1e-ad71-13ee612d9454","_email":"joao.basa.18@gmail.com","_firstName":"Joao","_lastName":"Basanta","globalRole":"global:owner","workflowId":"YIYJI8ZkPUi59kQQ","workflowName":"My workflow"}}
{"__type":"$$EventMessageConfirm","confirm":"204877e4-06ff-4873-802f-84f6eaeb6aac","ts":"2026-04-04T16:58:29.410-04:00","source":{"id":"0","name":"eventBus"}}
{"__type":"$$EventMessageWorkflow","id":"b5ee06ee-5f63-4221-be6c-a7c9cc845de5","ts":"2026-04-04T16:58:46.396-04:00","eventName":"n8n.workflow.started","message":"n8n.workflow.started","payload":{"executionId":"25","workflowId":"YIYJI8ZkPUi59kQQ","isManual":false,"mode":"manual","workflowName":"My workflow"}}
{"__type":"$$EventMessageConfirm","confirm":"b5ee06ee-5f63-4221-be6c-a7c9cc845de5","ts":"2026-04-04T16:58:46.396-04:00","source":{"id":"0","name":"eventBus"}}
{"__type":"$$EventMessageAudit","id":"68817e9f-1b7a-42f3-95c9-4626a0c8b8b6","ts":"2026-04-04T16:58:46.396-04:00","eventName":"n8n.audit.workflow.executed","message":"n8n.audit.workflow.executed","payload":{"workflowId":"YIYJI8ZkPUi59kQQ","workflowName":"My workflow","executionId":"25","source":"webhook"}}
{"__type":"$$EventMessageConfirm","confirm":"68817e9f-1b7a-42f3-95c9-4626a0c8b8b6","ts":"2026-04-04T16:58:46.396-04:00","source":{"id":"0","name":"eventBus"}}
{"__type":"$$EventMessageNode","id":"7b44a047-94ef-42ff-9015-16836b8bef68","ts":"2026-04-04T16:58:46.397-04:00","eventName":"n8n.node.started","message":"n8n.node.started","payload":{"workflowId":"YIYJI8ZkPUi59kQQ","workflowName":"My workflow","executionId":"25","nodeType":"n8n-nodes-base.webhook","nodeName":"Webhook","nodeId":"209ba0bd-158f-46b3-92d3-3e67fbfaeb46"}}
{"__type":"$$EventMessageConfirm","confirm":"7b44a047-94ef-42ff-9015-16836b8bef68","ts":"2026-04-04T16:58:46.398-04:00","source":{"id":"0","name":"eventBus"}}
{"__type":"$$EventMessageNode","id":"3baef49f-2aa9-463a-afbd-2363cc380de4","ts":"2026-04-04T16:58:46.398-04:00","eventName":"n8n.node.finished","message":"n8n.node.finished","payload":{"workflowId":"YIYJI8ZkPUi59kQQ","workflowName":"My workflow","executionId":"25","nodeType":"n8n-nodes-base.webhook","nodeName":"Webhook","nodeId":"209ba0bd-158f-46b3-92d3-3e67fbfaeb46"}}
{"__type":"$$EventMessageConfirm","confirm":"3baef49f-2aa9-463a-afbd-2363cc380de4","ts":"2026-04-04T16:58:46.398-04:00","source":{"id":"0","name":"eventBus"}}
{"__type":"$$EventMessageNode","id":"d882824b-fd9c-49f9-a2e8-8c64dc454c76","ts":"2026-04-04T16:58:46.400-04:00","eventName":"n8n.node.started","message":"n8n.node.started","payload":{"workflowId":"YIYJI8ZkPUi59kQQ","workflowName":"My workflow","executionId":"25","nodeType":"@n8n/n8n-nodes-langchain.agent","nodeName":"AI Agent","nodeId":"9a07d0c0-fee7-4cf3-bf7c-e89cbd9d96c9"}}
{"__type":"$$EventMessageConfirm","confirm":"d882824b-fd9c-49f9-a2e8-8c64dc454c76","ts":"2026-04-04T16:58:46.400-04:00","source":{"id":"0","name":"eventBus"}}
{"__type":"$$EventMessageNode","id":"6973dbba-4f77-4000-ab24-87ad2032fbc8","ts":"2026-04-04T16:58:46.439-04:00","eventName":"n8n.node.started","message":"n8n.node.started","payload":{"workflowId":"YIYJI8ZkPUi59kQQ","workflowName":"My workflow","executionId":"25","nodeType":"@n8n/n8n-nodes-langchain.memoryMongoDbChat","nodeName":"MongoDB Chat Memory","nodeId":"754b91b0-51fa-4134-b475-fabea68a7ceb"}}
{"__type":"$$EventMessageConfirm","confirm":"6973dbba-4f77-4000-ab24-87ad2032fbc8","ts":"2026-04-04T16:58:46.439-04:00","source":{"id":"0","name":"eventBus"}}
{"__type":"$$EventMessageNode","id":"e86fa748-8e7e-4ae3-b4de-6febc6d84f03","ts":"2026-04-04T16:58:46.454-04:00","eventName":"n8n.node.finished","message":"n8n.node.finished","payload":{"workflowId":"YIYJI8ZkPUi59kQQ","workflowName":"My workflow","executionId":"25","nodeType":"@n8n/n8n-nodes-langchain.memoryMongoDbChat","nodeName":"MongoDB Chat Memory","nodeId":"754b91b0-51fa-4134-b475-fabea68a7ceb"}}
{"__type":"$$EventMessageConfirm","confirm":"e86fa748-8e7e-4ae3-b4de-6febc6d84f03","ts":"2026-04-04T16:58:46.454-04:00","source":{"id":"0","name":"eventBus"}}
{"__type":"$$EventMessageNode","id":"9613074b-baa2-4534-a9f3-5b810ddda363","ts":"2026-04-04T16:58:46.493-04:00","eventName":"n8n.node.started","message":"n8n.node.started","payload":{"workflowId":"YIYJI8ZkPUi59kQQ","workflowName":"My workflow","executionId":"25","nodeType":"@n8n/n8n-nodes-langchain.lmChatGoogleGemini","nodeName":"Google Gemini Chat Model","nodeId":"cc97ad8b-5a79-4373-a561-d36a9275785e"}}
{"__type":"$$EventMessageConfirm","confirm":"9613074b-baa2-4534-a9f3-5b810ddda363","ts":"2026-04-04T16:58:46.494-04:00","source":{"id":"0","name":"eventBus"}}
{"__type":"$$EventMessageNode","id":"0bee579e-0bed-4184-851c-55d5fbe37fe6","ts":"2026-04-04T16:58:48.450-04:00","eventName":"n8n.node.finished","message":"n8n.node.finished","payload":{"workflowId":"YIYJI8ZkPUi59kQQ","workflowName":"My workflow","executionId":"25","nodeType":"@n8n/n8n-nodes-langchain.lmChatGoogleGemini","nodeName":"Google Gemini Chat Model","nodeId":"cc97ad8b-5a79-4373-a561-d36a9275785e"}}
{"__type":"$$EventMessageConfirm","confirm":"0bee579e-0bed-4184-851c-55d5fbe37fe6","ts":"2026-04-04T16:58:48.450-04:00","source":{"id":"0","name":"eventBus"}}
{"__type":"$$EventMessageAiNode","id":"e4878951-d6f2-41c7-bbd8-3403d5ce2da0","ts":"2026-04-04T16:58:48.451-04:00","eventName":"n8n.ai.llm.generated","message":"n8n.ai.llm.generated","payload":{"executionId":"25","nodeName":"Google Gemini Chat Model","workflowName":"My workflow","nodeType":"@n8n/n8n-nodes-langchain.lmChatGoogleGemini","workflowId":"YIYJI8ZkPUi59kQQ","msg":"{\"messages\":[\"Human: Eres un asistente de ServiceDesk.\\n\\nTu trabajo es:\\n1. Crear tickets\\n2. Consultar tickets\\n\\nSi el usuario quiere crear un ticket, devuelve:\\n{\\n  \\\"accion\\\": \\\"crear\\\",\\n  \\\"data\\\": {\\n    \\\"solicitante\\\": \\\"...\\\",\\n    \\\"tipo_solicitud\\\": \\\"...\\\",\\n    \\\"prioridad\\\": \\\"...\\\",\\n    \\\"categoria\\\": \\\"...\\\",\\n    \\\"subcategoria\\\": \\\"...\\\",\\n    \\\"articulo\\\": \\\"...\\\",\\n    \\\"asunto\\\": \\\"...\\\",\\n    \\\"descripcion_html\\\": \\\"...\\\"\\n  }\\n}\\n\\nSi quiere consultar:\\n{\\n  \\\"accion\\\": \\\"listar\\\"\\n}\\n\\nUsuario dijo:\\nHola que tal?\\nAI: Hola, ¿en qué puedo ayudarte hoy? ¿Necesitas crear un ticket o consultar uno existente?\\nHuman: Eres un asistente de ServiceDesk.\\n\\nTu trabajo es:\\n1. Crear tickets\\n2. Consultar tickets\\n\\nSi el usuario quiere crear un ticket, devuelve:\\n{\\n  \\\"accion\\\": \\\"crear\\\",\\n  \\\"data\\\": {\\n    \\\"solicitante\\\": \\\"...\\\",\\n    \\\"tipo_solicitud\\\": \\\"...\\\",\\n    \\\"prioridad\\\": \\\"...\\\",\\n    \\\"categoria\\\": \\\"...\\\",\\n    \\\"subcategoria\\\": \\\"...\\\",\\n    \\\"articulo\\\": \\\"...\\\",\\n    \\\"asunto\\\": \\\"...\\\",\\n    \\\"descripcion_html\\\": \\\"...\\\"\\n  }\\n}\\n\\nSi quiere consultar:\\n{\\n  \\\"accion\\\": \\\"listar\\\"\\n}\\n\\nUsuario dijo:\\nhOLA\\nAI: Hola, ¿en qué puedo ayudarte hoy? ¿Necesitas crear un ticket o consultar uno existente?\\nHuman: Eres un asistente de ServiceDesk.\\n\\nTu trabajo es:\\n1. Crear tickets\\n2. Consultar tickets\\n\\nSi el usuario quiere crear un ticket, devuelve:\\n{\\n  \\\"accion\\\": \\\"crear\\\",\\n  \\\"data\\\": {\\n    \\\"solicitante\\\": \\\"...\\\",\\n    \\\"tipo_solicitud\\\": \\\"...\\\",\\n    \\\"prioridad\\\": \\\"...\\\",\\n    \\\"categoria\\\": \\\"...\\\",\\n    \\\"subcategoria\\\": \\\"...\\\",\\n    \\\"articulo\\\": \\\"...\\\",\\n    \\\"asunto\\\": \\\"...\\\",\\n    \\\"descripcion_html\\\": \\\"...\\\"\\n  }\\n}\\n\\nSi quiere consultar:\\n{\\n  \\\"accion\\\": \\\"listar\\\"\\n}\\n\\nUsuario dijo:\\nHola\\nAI: Hola, ¿en qué puedo ayudarte hoy? ¿Necesitas crear un ticket o consultar uno existente?\\nHuman: Eres un asistente de ServiceDesk.\\n\\nTu trabajo es:\\n1. Crear tickets\\n2. Consultar tickets\\n\\nSi el usuario quiere crear un ticket, devuelve:\\n{\\n  \\\"accion\\\": \\\"crear\\\",\\n  \\\"data\\\": {\\n    \\\"solicitante\\\": \\\"...\\\",\\n    \\\"tipo_solicitud\\\": \\\"...\\\",\\n    \\\"prioridad\\\": \\\"...\\\",\\n    \\\"categoria\\\": \\\"...\\\",\\n    \\\"subcategoria\\\": \\\"...\\\",\\n    \\\"articulo\\\": \\\"...\\\",\\n    \\\"asunto\\\": \\\"...\\\",\\n    \\\"descripcion_html\\\": \\\"...\\\"\\n  }\\n}\\n\\nSi quiere consultar:\\n{\\n  \\\"accion\\\": \\\"listar\\\"\\n}\\n\\nUsuario dijo:\\nHola, qué tal?\"],\"options\":{\"google_api_key\":{\"lc\":1,\"type\":\"secret\",\"id\":[\"GOOGLE_API_KEY\"]},\"base_url\":\"https://generativelanguage.googleapis.com\",\"model\":\"gemini-2.5-flash\"},\"response\":{\"response\":{\"generations\":[[{\"text\":\"Hola, ¿en qué puedo ayudarte hoy? ¿Necesitas crear un ticket o consultar uno existente?\",\"generationInfo\":{\"finishReason\":\"STOP\",\"index\":0}}]]},\"tokenUsage\":{\"completionTokens\":20,\"promptTokens\":688,\"totalTokens\":708}}}"}}
{"__type":"$$EventMessageConfirm","confirm":"e4878951-d6f2-41c7-bbd8-3403d5ce2da0","ts":"2026-04-04T16:58:48.451-04:00","source":{"id":"0","name":"eventBus"}}
{"__type":"$$EventMessageNode","id":"99a7c710-bf64-43ce-bd89-f92281aedbd9","ts":"2026-04-04T16:58:48.453-04:00","eventName":"n8n.node.started","message":"n8n.node.started","payload":{"workflowId":"YIYJI8ZkPUi59kQQ","workflowName":"My workflow","executionId":"25","nodeType":"@n8n/n8n-nodes-langchain.memoryMongoDbChat","nodeName":"MongoDB Chat Memory","nodeId":"754b91b0-51fa-4134-b475-fabea68a7ceb"}}
{"__type":"$$EventMessageConfirm","confirm":"99a7c710-bf64-43ce-bd89-f92281aedbd9","ts":"2026-04-04T16:58:48.453-04:00","source":{"id":"0","name":"eventBus"}}
{"__type":"$$EventMessageNode","id":"3bcac76b-b809-4c2d-815b-f08ffa3a0733","ts":"2026-04-04T16:58:48.465-04:00","eventName":"n8n.node.finished","message":"n8n.node.finished","payload":{"workflowId":"YIYJI8ZkPUi59kQQ","workflowName":"My workflow","executionId":"25","nodeType":"@n8n/n8n-nodes-langchain.memoryMongoDbChat","nodeName":"MongoDB Chat Memory","nodeId":"754b91b0-51fa-4134-b475-fabea68a7ceb"}}
{"__type":"$$EventMessageConfirm","confirm":"3bcac76b-b809-4c2d-815b-f08ffa3a0733","ts":"2026-04-04T16:58:48.466-04:00","source":{"id":"0","name":"eventBus"}}
{"__type":"$$EventMessageNode","id":"0122bfb7-a3c9-49aa-95e5-89db5dc0471b","ts":"2026-04-04T16:58:48.470-04:00","eventName":"n8n.node.finished","message":"n8n.node.finished","payload":{"workflowId":"YIYJI8ZkPUi59kQQ","workflowName":"My workflow","executionId":"25","nodeType":"@n8n/n8n-nodes-langchain.agent","nodeName":"AI Agent","nodeId":"9a07d0c0-fee7-4cf3-bf7c-e89cbd9d96c9"}}
{"__type":"$$EventMessageConfirm","confirm":"0122bfb7-a3c9-49aa-95e5-89db5dc0471b","ts":"2026-04-04T16:58:48.471-04:00","source":{"id":"0","name":"eventBus"}}
{"__type":"$$EventMessageNode","id":"f779932c-6b2b-4e71-a8b9-a8160d83cae6","ts":"2026-04-04T16:58:48.472-04:00","eventName":"n8n.node.started","message":"n8n.node.started","payload":{"workflowId":"YIYJI8ZkPUi59kQQ","workflowName":"My workflow","executionId":"25","nodeType":"n8n-nodes-base.respondToWebhook","nodeName":"Respond to Webhook","nodeId":"4299c8c6-af2f-4b17-be27-4cb1faf7742f"}}
{"__type":"$$EventMessageConfirm","confirm":"f779932c-6b2b-4e71-a8b9-a8160d83cae6","ts":"2026-04-04T16:58:48.472-04:00","source":{"id":"0","name":"eventBus"}}
{"__type":"$$EventMessageNode","id":"4d9c4238-83a4-4c39-9e10-7d1d0e9c986d","ts":"2026-04-04T16:58:48.475-04:00","eventName":"n8n.node.finished","message":"n8n.node.finished","payload":{"workflowId":"YIYJI8ZkPUi59kQQ","workflowName":"My workflow","executionId":"25","nodeType":"n8n-nodes-base.respondToWebhook","nodeName":"Respond to Webhook","nodeId":"4299c8c6-af2f-4b17-be27-4cb1faf7742f"}}
{"__type":"$$EventMessageConfirm","confirm":"4d9c4238-83a4-4c39-9e10-7d1d0e9c986d","ts":"2026-04-04T16:58:48.475-04:00","source":{"id":"0","name":"eventBus"}}
{"__type":"$$EventMessageWorkflow","id":"6055b151-8d3e-4ad6-b839-0fbdbcdb9dc5","ts":"2026-04-04T16:58:48.483-04:00","eventName":"n8n.workflow.success","message":"n8n.workflow.success","payload":{"executionId":"25","success":true,"isManual":true,"mode":"manual","workflowId":"YIYJI8ZkPUi59kQQ","workflowName":"My workflow"}}
{"__type":"$$EventMessageConfirm","confirm":"6055b151-8d3e-4ad6-b839-0fbdbcdb9dc5","ts":"2026-04-04T16:58:48.483-04:00","source":{"id":"0","name":"eventBus"}}
{"__type":"$$EventMessageAudit","id":"018feb8a-31ab-41cd-b532-178cc7f13cb3","ts":"2026-04-04T16:59:03.048-04:00","eventName":"n8n.audit.workflow.updated","message":"n8n.audit.workflow.updated","payload":{"userId":"5dbe17fd-2bf6-4d1e-ad71-13ee612d9454","_email":"joao.basa.18@gmail.com","_firstName":"Joao","_lastName":"Basanta","globalRole":"global:owner","workflowId":"YIYJI8ZkPUi59kQQ","workflowName":"My workflow"}}
{"__type":"$$EventMessageConfirm","confirm":"018feb8a-31ab-41cd-b532-178cc7f13cb3","ts":"2026-04-04T16:59:03.049-04:00","source":{"id":"0","name":"eventBus"}}
{"__type":"$$EventMessageAudit","id":"a74d70a5-1897-4c78-9776-f4e12b36c97d","ts":"2026-04-04T16:59:06.177-04:00","eventName":"n8n.audit.workflow.updated","message":"n8n.audit.workflow.updated","payload":{"userId":"5dbe17fd-2bf6-4d1e-ad71-13ee612d9454","_email":"joao.basa.18@gmail.com","_firstName":"Joao","_lastName":"Basanta","globalRole":"global:owner","workflowId":"YIYJI8ZkPUi59kQQ","workflowName":"My workflow"}}
{"__type":"$$EventMessageConfirm","confirm":"a74d70a5-1897-4c78-9776-f4e12b36c97d","ts":"2026-04-04T16:59:06.177-04:00","source":{"id":"0","name":"eventBus"}}
{"__type":"$$EventMessageAudit","id":"a9f4ff9d-0568-46d1-a7b8-0f42d50c9798","ts":"2026-04-04T16:59:09.941-04:00","eventName":"n8n.audit.workflow.updated","message":"n8n.audit.workflow.updated","payload":{"userId":"5dbe17fd-2bf6-4d1e-ad71-13ee612d9454","_email":"joao.basa.18@gmail.com","_firstName":"Joao","_lastName":"Basanta","globalRole":"global:owner","workflowId":"YIYJI8ZkPUi59kQQ","workflowName":"My workflow"}}
{"__type":"$$EventMessageConfirm","confirm":"a9f4ff9d-0568-46d1-a7b8-0f42d50c9798","ts":"2026-04-04T16:59:09.941-04:00","source":{"id":"0","name":"eventBus"}}
{"__type":"$$EventMessageAudit","id":"32799a52-c92c-431d-8755-940abd172684","ts":"2026-04-04T16:59:11.630-04:00","eventName":"n8n.audit.workflow.updated","message":"n8n.audit.workflow.updated","payload":{"userId":"5dbe17fd-2bf6-4d1e-ad71-13ee612d9454","_email":"joao.basa.18@gmail.com","_firstName":"Joao","_lastName":"Basanta","globalRole":"global:owner","workflowId":"YIYJI8ZkPUi59kQQ","workflowName":"My workflow"}}
{"__type":"$$EventMessageConfirm","confirm":"32799a52-c92c-431d-8755-940abd172684","ts":"2026-04-04T16:59:11.631-04:00","source":{"id":"0","name":"eventBus"}}
{"__type":"$$EventMessageAudit","id":"b929b785-0009-4edc-adc6-7b5e1e5d35c9","ts":"2026-04-04T16:59:15.080-04:00","eventName":"n8n.audit.workflow.updated","message":"n8n.audit.workflow.updated","payload":{"userId":"5dbe17fd-2bf6-4d1e-ad71-13ee612d9454","_email":"joao.basa.18@gmail.com","_firstName":"Joao","_lastName":"Basanta","globalRole":"global:owner","workflowId":"YIYJI8ZkPUi59kQQ","workflowName":"My workflow"}}
{"__type":"$$EventMessageConfirm","confirm":"b929b785-0009-4edc-adc6-7b5e1e5d35c9","ts":"2026-04-04T16:59:15.080-04:00","source":{"id":"0","name":"eventBus"}}
{"__type":"$$EventMessageWorkflow","id":"71b7eb86-3582-4ad6-9785-1f6a452582fc","ts":"2026-04-04T16:59:15.781-04:00","eventName":"n8n.workflow.started","message":"n8n.workflow.started","payload":{"executionId":"26","workflowId":"YIYJI8ZkPUi59kQQ","isManual":false,"mode":"manual","workflowName":"My workflow"}}
{"__type":"$$EventMessageConfirm","confirm":"71b7eb86-3582-4ad6-9785-1f6a452582fc","ts":"2026-04-04T16:59:15.781-04:00","source":{"id":"0","name":"eventBus"}}
{"__type":"$$EventMessageAudit","id":"6f0b4519-b624-46cf-96ed-ca7456c706e5","ts":"2026-04-04T16:59:15.782-04:00","eventName":"n8n.audit.workflow.executed","message":"n8n.audit.workflow.executed","payload":{"userId":"5dbe17fd-2bf6-4d1e-ad71-13ee612d9454","_email":"joao.basa.18@gmail.com","_firstName":"Joao","_lastName":"Basanta","globalRole":"global:owner","workflowId":"YIYJI8ZkPUi59kQQ","workflowName":"My workflow","executionId":"26","source":"user-manual"}}
{"__type":"$$EventMessageConfirm","confirm":"6f0b4519-b624-46cf-96ed-ca7456c706e5","ts":"2026-04-04T16:59:15.782-04:00","source":{"id":"0","name":"eventBus"}}
{"__type":"$$EventMessageNode","id":"b8ba36a4-02d7-4d80-a804-e82e88ce3640","ts":"2026-04-04T16:59:15.798-04:00","eventName":"n8n.node.started","message":"n8n.node.started","payload":{"workflowId":"YIYJI8ZkPUi59kQQ","workflowName":"My workflow","executionId":"26","nodeType":"n8n-nodes-base.respondToWebhook","nodeName":"Respond to Webhook","nodeId":"4299c8c6-af2f-4b17-be27-4cb1faf7742f"}}
{"__type":"$$EventMessageConfirm","confirm":"b8ba36a4-02d7-4d80-a804-e82e88ce3640","ts":"2026-04-04T16:59:15.799-04:00","source":{"id":"0","name":"eventBus"}}
{"__type":"$$EventMessageNode","id":"7d94502e-8c83-429a-9dfe-c8eb4d22a96e","ts":"2026-04-04T16:59:15.821-04:00","eventName":"n8n.node.finished","message":"n8n.node.finished","payload":{"workflowId":"YIYJI8ZkPUi59kQQ","workflowName":"My workflow","executionId":"26","nodeType":"n8n-nodes-base.respondToWebhook","nodeName":"Respond to Webhook","nodeId":"4299c8c6-af2f-4b17-be27-4cb1faf7742f"}}
{"__type":"$$EventMessageConfirm","confirm":"7d94502e-8c83-429a-9dfe-c8eb4d22a96e","ts":"2026-04-04T16:59:15.821-04:00","source":{"id":"0","name":"eventBus"}}
{"__type":"$$EventMessageWorkflow","id":"caf87fcb-5b4f-4a47-8dd6-ff14cec20148","ts":"2026-04-04T16:59:15.826-04:00","eventName":"n8n.workflow.failed","message":"n8n.workflow.failed","payload":{"userId":"5dbe17fd-2bf6-4d1e-ad71-13ee612d9454","executionId":"26","success":false,"isManual":true,"mode":"manual","workflowId":"YIYJI8ZkPUi59kQQ","workflowName":"My workflow","lastNodeExecuted":"Respond to Webhook","errorNodeType":"n8n-nodes-base.respondToWebhook","errorMessage":"Invalid JSON in 'Response Body' field"}}
{"__type":"$$EventMessageConfirm","confirm":"caf87fcb-5b4f-4a47-8dd6-ff14cec20148","ts":"2026-04-04T16:59:15.826-04:00","source":{"id":"0","name":"eventBus"}}
{"__type":"$$EventMessageWorkflow","id":"af6cc93f-2ca4-4a76-90ee-99b3ec7f53e0","ts":"2026-04-04T16:59:24.030-04:00","eventName":"n8n.workflow.started","message":"n8n.workflow.started","payload":{"executionId":"27","workflowId":"YIYJI8ZkPUi59kQQ","isManual":false,"mode":"manual","workflowName":"My workflow"}}
{"__type":"$$EventMessageConfirm","confirm":"af6cc93f-2ca4-4a76-90ee-99b3ec7f53e0","ts":"2026-04-04T16:59:24.030-04:00","source":{"id":"0","name":"eventBus"}}
{"__type":"$$EventMessageAudit","id":"2f7641be-0856-4e25-a0e4-c91969f75786","ts":"2026-04-04T16:59:24.031-04:00","eventName":"n8n.audit.workflow.executed","message":"n8n.audit.workflow.executed","payload":{"workflowId":"YIYJI8ZkPUi59kQQ","workflowName":"My workflow","executionId":"27","source":"webhook"}}
{"__type":"$$EventMessageConfirm","confirm":"2f7641be-0856-4e25-a0e4-c91969f75786","ts":"2026-04-04T16:59:24.031-04:00","source":{"id":"0","name":"eventBus"}}
{"__type":"$$EventMessageNode","id":"5b6ee507-be50-4f82-ac9e-d62c6e6ad7ab","ts":"2026-04-04T16:59:24.032-04:00","eventName":"n8n.node.started","message":"n8n.node.started","payload":{"workflowId":"YIYJI8ZkPUi59kQQ","workflowName":"My workflow","executionId":"27","nodeType":"n8n-nodes-base.webhook","nodeName":"Webhook","nodeId":"209ba0bd-158f-46b3-92d3-3e67fbfaeb46"}}
{"__type":"$$EventMessageConfirm","confirm":"5b6ee507-be50-4f82-ac9e-d62c6e6ad7ab","ts":"2026-04-04T16:59:24.032-04:00","source":{"id":"0","name":"eventBus"}}
{"__type":"$$EventMessageNode","id":"66567a99-8875-4132-acad-544ceecb7f6d","ts":"2026-04-04T16:59:24.033-04:00","eventName":"n8n.node.finished","message":"n8n.node.finished","payload":{"workflowId":"YIYJI8ZkPUi59kQQ","workflowName":"My workflow","executionId":"27","nodeType":"n8n-nodes-base.webhook","nodeName":"Webhook","nodeId":"209ba0bd-158f-46b3-92d3-3e67fbfaeb46"}}
{"__type":"$$EventMessageConfirm","confirm":"66567a99-8875-4132-acad-544ceecb7f6d","ts":"2026-04-04T16:59:24.033-04:00","source":{"id":"0","name":"eventBus"}}
{"__type":"$$EventMessageNode","id":"ffcdf194-a64f-4800-9f7c-c4127db1bf7f","ts":"2026-04-04T16:59:24.034-04:00","eventName":"n8n.node.started","message":"n8n.node.started","payload":{"workflowId":"YIYJI8ZkPUi59kQQ","workflowName":"My workflow","executionId":"27","nodeType":"@n8n/n8n-nodes-langchain.agent","nodeName":"AI Agent","nodeId":"9a07d0c0-fee7-4cf3-bf7c-e89cbd9d96c9"}}
{"__type":"$$EventMessageConfirm","confirm":"ffcdf194-a64f-4800-9f7c-c4127db1bf7f","ts":"2026-04-04T16:59:24.034-04:00","source":{"id":"0","name":"eventBus"}}
{"__type":"$$EventMessageNode","id":"7d848fe8-f864-4c6b-a1a1-e53246a868a6","ts":"2026-04-04T16:59:24.066-04:00","eventName":"n8n.node.started","message":"n8n.node.started","payload":{"workflowId":"YIYJI8ZkPUi59kQQ","workflowName":"My workflow","executionId":"27","nodeType":"@n8n/n8n-nodes-langchain.memoryMongoDbChat","nodeName":"MongoDB Chat Memory","nodeId":"754b91b0-51fa-4134-b475-fabea68a7ceb"}}
{"__type":"$$EventMessageConfirm","confirm":"7d848fe8-f864-4c6b-a1a1-e53246a868a6","ts":"2026-04-04T16:59:24.067-04:00","source":{"id":"0","name":"eventBus"}}
{"__type":"$$EventMessageNode","id":"3e6dd425-27d9-4f3f-80ab-97eed34e0966","ts":"2026-04-04T16:59:24.072-04:00","eventName":"n8n.node.finished","message":"n8n.node.finished","payload":{"workflowId":"YIYJI8ZkPUi59kQQ","workflowName":"My workflow","executionId":"27","nodeType":"@n8n/n8n-nodes-langchain.memoryMongoDbChat","nodeName":"MongoDB Chat Memory","nodeId":"754b91b0-51fa-4134-b475-fabea68a7ceb"}}
{"__type":"$$EventMessageConfirm","confirm":"3e6dd425-27d9-4f3f-80ab-97eed34e0966","ts":"2026-04-04T16:59:24.072-04:00","source":{"id":"0","name":"eventBus"}}
{"__type":"$$EventMessageNode","id":"35aab60e-97c7-4607-8164-a35908b7ea52","ts":"2026-04-04T16:59:24.081-04:00","eventName":"n8n.node.started","message":"n8n.node.started","payload":{"workflowId":"YIYJI8ZkPUi59kQQ","workflowName":"My workflow","executionId":"27","nodeType":"@n8n/n8n-nodes-langchain.lmChatGoogleGemini","nodeName":"Google Gemini Chat Model","nodeId":"cc97ad8b-5a79-4373-a561-d36a9275785e"}}
{"__type":"$$EventMessageConfirm","confirm":"35aab60e-97c7-4607-8164-a35908b7ea52","ts":"2026-04-04T16:59:24.081-04:00","source":{"id":"0","name":"eventBus"}}
{"__type":"$$EventMessageNode","id":"c0ef7f0f-8707-49d3-9a3d-7a8306f8e644","ts":"2026-04-04T16:59:25.167-04:00","eventName":"n8n.node.finished","message":"n8n.node.finished","payload":{"workflowId":"YIYJI8ZkPUi59kQQ","workflowName":"My workflow","executionId":"27","nodeType":"@n8n/n8n-nodes-langchain.lmChatGoogleGemini","nodeName":"Google Gemini Chat Model","nodeId":"cc97ad8b-5a79-4373-a561-d36a9275785e"}}
{"__type":"$$EventMessageConfirm","confirm":"c0ef7f0f-8707-49d3-9a3d-7a8306f8e644","ts":"2026-04-04T16:59:25.167-04:00","source":{"id":"0","name":"eventBus"}}
{"__type":"$$EventMessageAiNode","id":"16af1966-5b4e-4b8a-a69a-391b490ad1e4","ts":"2026-04-04T16:59:25.167-04:00","eventName":"n8n.ai.llm.generated","message":"n8n.ai.llm.generated","payload":{"executionId":"27","nodeName":"Google Gemini Chat Model","workflowName":"My workflow","nodeType":"@n8n/n8n-nodes-langchain.lmChatGoogleGemini","workflowId":"YIYJI8ZkPUi59kQQ","msg":"{\"messages\":[\"Human: Eres un asistente de ServiceDesk.\\n\\nTu trabajo es:\\n1. Crear tickets\\n2. Consultar tickets\\n\\nSi el usuario quiere crear un ticket, devuelve:\\n{\\n  \\\"accion\\\": \\\"crear\\\",\\n  \\\"data\\\": {\\n    \\\"solicitante\\\": \\\"...\\\",\\n    \\\"tipo_solicitud\\\": \\\"...\\\",\\n    \\\"prioridad\\\": \\\"...\\\",\\n    \\\"categoria\\\": \\\"...\\\",\\n    \\\"subcategoria\\\": \\\"...\\\",\\n    \\\"articulo\\\": \\\"...\\\",\\n    \\\"asunto\\\": \\\"...\\\",\\n    \\\"descripcion_html\\\": \\\"...\\\"\\n  }\\n}\\n\\nSi quiere consultar:\\n{\\n  \\\"accion\\\": \\\"listar\\\"\\n}\\n\\nUsuario dijo:\\nHola que tal?\\nAI: Hola, ¿en qué puedo ayudarte hoy? ¿Necesitas crear un ticket o consultar uno existente?\\nHuman: Eres un asistente de ServiceDesk.\\n\\nTu trabajo es:\\n1. Crear tickets\\n2. Consultar tickets\\n\\nSi el usuario quiere crear un ticket, devuelve:\\n{\\n  \\\"accion\\\": \\\"crear\\\",\\n  \\\"data\\\": {\\n    \\\"solicitante\\\": \\\"...\\\",\\n    \\\"tipo_solicitud\\\": \\\"...\\\",\\n    \\\"prioridad\\\": \\\"...\\\",\\n    \\\"categoria\\\": \\\"...\\\",\\n    \\\"subcategoria\\\": \\\"...\\\",\\n    \\\"articulo\\\": \\\"...\\\",\\n    \\\"asunto\\\": \\\"...\\\",\\n    \\\"descripcion_html\\\": \\\"...\\\"\\n  }\\n}\\n\\nSi quiere consultar:\\n{\\n  \\\"accion\\\": \\\"listar\\\"\\n}\\n\\nUsuario dijo:\\nhOLA\\nAI: Hola, ¿en qué puedo ayudarte hoy? ¿Necesitas crear un ticket o consultar uno existente?\\nHuman: Eres un asistente de ServiceDesk.\\n\\nTu trabajo es:\\n1. Crear tickets\\n2. Consultar tickets\\n\\nSi el usuario quiere crear un ticket, devuelve:\\n{\\n  \\\"accion\\\": \\\"crear\\\",\\n  \\\"data\\\": {\\n    \\\"solicitante\\\": \\\"...\\\",\\n    \\\"tipo_solicitud\\\": \\\"...\\\",\\n    \\\"prioridad\\\": \\\"...\\\",\\n    \\\"categoria\\\": \\\"...\\\",\\n    \\\"subcategoria\\\": \\\"...\\\",\\n    \\\"articulo\\\": \\\"...\\\",\\n    \\\"asunto\\\": \\\"...\\\",\\n    \\\"descripcion_html\\\": \\\"...\\\"\\n  }\\n}\\n\\nSi quiere consultar:\\n{\\n  \\\"accion\\\": \\\"listar\\\"\\n}\\n\\nUsuario dijo:\\nHola\\nAI: Hola, ¿en qué puedo ayudarte hoy? ¿Necesitas crear un ticket o consultar uno existente?\\nHuman: Eres un asistente de ServiceDesk.\\n\\nTu trabajo es:\\n1. Crear tickets\\n2. Consultar tickets\\n\\nSi el usuario quiere crear un ticket, devuelve:\\n{\\n  \\\"accion\\\": \\\"crear\\\",\\n  \\\"data\\\": {\\n    \\\"solicitante\\\": \\\"...\\\",\\n    \\\"tipo_solicitud\\\": \\\"...\\\",\\n    \\\"prioridad\\\": \\\"...\\\",\\n    \\\"categoria\\\": \\\"...\\\",\\n    \\\"subcategoria\\\": \\\"...\\\",\\n    \\\"articulo\\\": \\\"...\\\",\\n    \\\"asunto\\\": \\\"...\\\",\\n    \\\"descripcion_html\\\": \\\"...\\\"\\n  }\\n}\\n\\nSi quiere consultar:\\n{\\n  \\\"accion\\\": \\\"listar\\\"\\n}\\n\\nUsuario dijo:\\nHola, qué tal?\\nAI: Hola, ¿en qué puedo ayudarte hoy? ¿Necesitas crear un ticket o consultar uno existente?\\nHuman: Eres un asistente de ServiceDesk.\\n\\nTu trabajo es:\\n1. Crear tickets\\n2. Consultar tickets\\n\\nSi el usuario quiere crear un ticket, devuelve:\\n{\\n  \\\"accion\\\": \\\"crear\\\",\\n  \\\"data\\\": {\\n    \\\"solicitante\\\": \\\"...\\\",\\n    \\\"tipo_solicitud\\\": \\\"...\\\",\\n    \\\"prioridad\\\": \\\"...\\\",\\n    \\\"categoria\\\": \\\"...\\\",\\n    \\\"subcategoria\\\": \\\"...\\\",\\n    \\\"articulo\\\": \\\"...\\\",\\n    \\\"asunto\\\": \\\"...\\\",\\n    \\\"descripcion_html\\\": \\\"...\\\"\\n  }\\n}\\n\\nSi quiere consultar:\\n{\\n  \\\"accion\\\": \\\"listar\\\"\\n}\\n\\nUsuario dijo:\\nHola\"],\"options\":{\"google_api_key\":{\"lc\":1,\"type\":\"secret\",\"id\":[\"GOOGLE_API_KEY\"]},\"base_url\":\"https://generativelanguage.googleapis.com\",\"model\":\"gemini-2.5-flash\"},\"response\":{\"response\":{\"generations\":[[{\"text\":\"Hola, ¿en qué puedo ayudarte hoy? ¿Necesitas crear un ticket o consultar uno existente?\",\"generationInfo\":{\"finishReason\":\"STOP\",\"index\":0}}]]},\"tokenUsage\":{\"completionTokens\":20,\"promptTokens\":857,\"totalTokens\":877}}}"}}
{"__type":"$$EventMessageConfirm","confirm":"16af1966-5b4e-4b8a-a69a-391b490ad1e4","ts":"2026-04-04T16:59:25.168-04:00","source":{"id":"0","name":"eventBus"}}
{"__type":"$$EventMessageNode","id":"bc7318c3-12af-42b3-a58a-4900660717a8","ts":"2026-04-04T16:59:25.170-04:00","eventName":"n8n.node.started","message":"n8n.node.started","payload":{"workflowId":"YIYJI8ZkPUi59kQQ","workflowName":"My workflow","executionId":"27","nodeType":"@n8n/n8n-nodes-langchain.memoryMongoDbChat","nodeName":"MongoDB Chat Memory","nodeId":"754b91b0-51fa-4134-b475-fabea68a7ceb"}}
{"__type":"$$EventMessageConfirm","confirm":"bc7318c3-12af-42b3-a58a-4900660717a8","ts":"2026-04-04T16:59:25.170-04:00","source":{"id":"0","name":"eventBus"}}
{"__type":"$$EventMessageNode","id":"bd3b7e1c-f936-45df-a2a2-48085f65ec6d","ts":"2026-04-04T16:59:25.180-04:00","eventName":"n8n.node.finished","message":"n8n.node.finished","payload":{"workflowId":"YIYJI8ZkPUi59kQQ","workflowName":"My workflow","executionId":"27","nodeType":"@n8n/n8n-nodes-langchain.memoryMongoDbChat","nodeName":"MongoDB Chat Memory","nodeId":"754b91b0-51fa-4134-b475-fabea68a7ceb"}}
{"__type":"$$EventMessageConfirm","confirm":"bd3b7e1c-f936-45df-a2a2-48085f65ec6d","ts":"2026-04-04T16:59:25.180-04:00","source":{"id":"0","name":"eventBus"}}
{"__type":"$$EventMessageNode","id":"e9ca6278-b3e6-4b00-a781-78a3d5b75b7b","ts":"2026-04-04T16:59:25.185-04:00","eventName":"n8n.node.finished","message":"n8n.node.finished","payload":{"workflowId":"YIYJI8ZkPUi59kQQ","workflowName":"My workflow","executionId":"27","nodeType":"@n8n/n8n-nodes-langchain.agent","nodeName":"AI Agent","nodeId":"9a07d0c0-fee7-4cf3-bf7c-e89cbd9d96c9"}}
{"__type":"$$EventMessageConfirm","confirm":"e9ca6278-b3e6-4b00-a781-78a3d5b75b7b","ts":"2026-04-04T16:59:25.186-04:00","source":{"id":"0","name":"eventBus"}}
{"__type":"$$EventMessageNode","id":"e8d438f0-9ed4-4884-a02c-fc8c6d981c82","ts":"2026-04-04T16:59:25.187-04:00","eventName":"n8n.node.started","message":"n8n.node.started","payload":{"workflowId":"YIYJI8ZkPUi59kQQ","workflowName":"My workflow","executionId":"27","nodeType":"n8n-nodes-base.respondToWebhook","nodeName":"Respond to Webhook","nodeId":"4299c8c6-af2f-4b17-be27-4cb1faf7742f"}}
{"__type":"$$EventMessageConfirm","confirm":"e8d438f0-9ed4-4884-a02c-fc8c6d981c82","ts":"2026-04-04T16:59:25.187-04:00","source":{"id":"0","name":"eventBus"}}
{"__type":"$$EventMessageNode","id":"a770476c-f7ea-45d3-97bf-5da61aa5bd0e","ts":"2026-04-04T16:59:25.189-04:00","eventName":"n8n.node.finished","message":"n8n.node.finished","payload":{"workflowId":"YIYJI8ZkPUi59kQQ","workflowName":"My workflow","executionId":"27","nodeType":"n8n-nodes-base.respondToWebhook","nodeName":"Respond to Webhook","nodeId":"4299c8c6-af2f-4b17-be27-4cb1faf7742f"}}
{"__type":"$$EventMessageConfirm","confirm":"a770476c-f7ea-45d3-97bf-5da61aa5bd0e","ts":"2026-04-04T16:59:25.189-04:00","source":{"id":"0","name":"eventBus"}}
{"__type":"$$EventMessageWorkflow","id":"49696878-aaca-484a-9f3e-f0676c8f82f2","ts":"2026-04-04T16:59:25.192-04:00","eventName":"n8n.workflow.failed","message":"n8n.workflow.failed","payload":{"executionId":"27","success":false,"isManual":true,"mode":"manual","workflowId":"YIYJI8ZkPUi59kQQ","workflowName":"My workflow","lastNodeExecuted":"Respond to Webhook","errorNodeType":"n8n-nodes-base.respondToWebhook","errorMessage":"Invalid JSON in 'Response Body' field"}}
{"__type":"$$EventMessageConfirm","confirm":"49696878-aaca-484a-9f3e-f0676c8f82f2","ts":"2026-04-04T16:59:25.192-04:00","source":{"id":"0","name":"eventBus"}}
{"__type":"$$EventMessageAudit","id":"84652e41-fca0-427b-a9d1-47141767cd6d","ts":"2026-04-04T16:59:40.469-04:00","eventName":"n8n.audit.workflow.updated","message":"n8n.audit.workflow.updated","payload":{"userId":"5dbe17fd-2bf6-4d1e-ad71-13ee612d9454","_email":"joao.basa.18@gmail.com","_firstName":"Joao","_lastName":"Basanta","globalRole":"global:owner","workflowId":"YIYJI8ZkPUi59kQQ","workflowName":"My workflow"}}
{"__type":"$$EventMessageConfirm","confirm":"84652e41-fca0-427b-a9d1-47141767cd6d","ts":"2026-04-04T16:59:40.469-04:00","source":{"id":"0","name":"eventBus"}}
{"__type":"$$EventMessageAudit","id":"e0a9e4fc-ce80-4430-a296-f7fd4c3f8933","ts":"2026-04-04T16:59:46.452-04:00","eventName":"n8n.audit.workflow.updated","message":"n8n.audit.workflow.updated","payload":{"userId":"5dbe17fd-2bf6-4d1e-ad71-13ee612d9454","_email":"joao.basa.18@gmail.com","_firstName":"Joao","_lastName":"Basanta","globalRole":"global:owner","workflowId":"YIYJI8ZkPUi59kQQ","workflowName":"My workflow"}}
{"__type":"$$EventMessageConfirm","confirm":"e0a9e4fc-ce80-4430-a296-f7fd4c3f8933","ts":"2026-04-04T16:59:46.452-04:00","source":{"id":"0","name":"eventBus"}}
{"__type":"$$EventMessageAudit","id":"f5fc34df-1bcb-47f9-84bc-1a69a93568f9","ts":"2026-04-04T16:59:49.813-04:00","eventName":"n8n.audit.workflow.updated","message":"n8n.audit.workflow.updated","payload":{"userId":"5dbe17fd-2bf6-4d1e-ad71-13ee612d9454","_email":"joao.basa.18@gmail.com","_firstName":"Joao","_lastName":"Basanta","globalRole":"global:owner","workflowId":"YIYJI8ZkPUi59kQQ","workflowName":"My workflow"}}
{"__type":"$$EventMessageConfirm","confirm":"f5fc34df-1bcb-47f9-84bc-1a69a93568f9","ts":"2026-04-04T16:59:49.813-04:00","source":{"id":"0","name":"eventBus"}}
{"__type":"$$EventMessageWorkflow","id":"6f0ceca2-72a2-4a82-8803-dc321fd68aee","ts":"2026-04-04T17:00:01.748-04:00","eventName":"n8n.workflow.started","message":"n8n.workflow.started","payload":{"executionId":"28","workflowId":"YIYJI8ZkPUi59kQQ","isManual":false,"mode":"manual","workflowName":"My workflow"}}
{"__type":"$$EventMessageConfirm","confirm":"6f0ceca2-72a2-4a82-8803-dc321fd68aee","ts":"2026-04-04T17:00:01.748-04:00","source":{"id":"0","name":"eventBus"}}
{"__type":"$$EventMessageAudit","id":"3db88773-3bdd-405b-8e64-7d96e88bf106","ts":"2026-04-04T17:00:01.748-04:00","eventName":"n8n.audit.workflow.executed","message":"n8n.audit.workflow.executed","payload":{"workflowId":"YIYJI8ZkPUi59kQQ","workflowName":"My workflow","executionId":"28","source":"webhook"}}
{"__type":"$$EventMessageConfirm","confirm":"3db88773-3bdd-405b-8e64-7d96e88bf106","ts":"2026-04-04T17:00:01.748-04:00","source":{"id":"0","name":"eventBus"}}
{"__type":"$$EventMessageNode","id":"464cfe1b-553c-4999-9822-af6258e0a2ae","ts":"2026-04-04T17:00:01.749-04:00","eventName":"n8n.node.started","message":"n8n.node.started","payload":{"workflowId":"YIYJI8ZkPUi59kQQ","workflowName":"My workflow","executionId":"28","nodeType":"n8n-nodes-base.webhook","nodeName":"Webhook","nodeId":"209ba0bd-158f-46b3-92d3-3e67fbfaeb46"}}
{"__type":"$$EventMessageConfirm","confirm":"464cfe1b-553c-4999-9822-af6258e0a2ae","ts":"2026-04-04T17:00:01.750-04:00","source":{"id":"0","name":"eventBus"}}
{"__type":"$$EventMessageNode","id":"c40340bd-b986-4f50-a33c-c670050ac191","ts":"2026-04-04T17:00:01.750-04:00","eventName":"n8n.node.finished","message":"n8n.node.finished","payload":{"workflowId":"YIYJI8ZkPUi59kQQ","workflowName":"My workflow","executionId":"28","nodeType":"n8n-nodes-base.webhook","nodeName":"Webhook","nodeId":"209ba0bd-158f-46b3-92d3-3e67fbfaeb46"}}
{"__type":"$$EventMessageConfirm","confirm":"c40340bd-b986-4f50-a33c-c670050ac191","ts":"2026-04-04T17:00:01.751-04:00","source":{"id":"0","name":"eventBus"}}
{"__type":"$$EventMessageNode","id":"f02593ff-2caf-4633-9e9a-f69f3e739a08","ts":"2026-04-04T17:00:01.751-04:00","eventName":"n8n.node.started","message":"n8n.node.started","payload":{"workflowId":"YIYJI8ZkPUi59kQQ","workflowName":"My workflow","executionId":"28","nodeType":"@n8n/n8n-nodes-langchain.agent","nodeName":"AI Agent","nodeId":"9a07d0c0-fee7-4cf3-bf7c-e89cbd9d96c9"}}
{"__type":"$$EventMessageConfirm","confirm":"f02593ff-2caf-4633-9e9a-f69f3e739a08","ts":"2026-04-04T17:00:01.752-04:00","source":{"id":"0","name":"eventBus"}}
{"__type":"$$EventMessageNode","id":"bf799081-9499-4af6-93b7-913a7412beb5","ts":"2026-04-04T17:00:01.798-04:00","eventName":"n8n.node.started","message":"n8n.node.started","payload":{"workflowId":"YIYJI8ZkPUi59kQQ","workflowName":"My workflow","executionId":"28","nodeType":"@n8n/n8n-nodes-langchain.memoryMongoDbChat","nodeName":"MongoDB Chat Memory","nodeId":"754b91b0-51fa-4134-b475-fabea68a7ceb"}}
{"__type":"$$EventMessageConfirm","confirm":"bf799081-9499-4af6-93b7-913a7412beb5","ts":"2026-04-04T17:00:01.798-04:00","source":{"id":"0","name":"eventBus"}}
{"__type":"$$EventMessageNode","id":"f6582633-949b-41e3-8939-8b2b7d135bbf","ts":"2026-04-04T17:00:01.803-04:00","eventName":"n8n.node.finished","message":"n8n.node.finished","payload":{"workflowId":"YIYJI8ZkPUi59kQQ","workflowName":"My workflow","executionId":"28","nodeType":"@n8n/n8n-nodes-langchain.memoryMongoDbChat","nodeName":"MongoDB Chat Memory","nodeId":"754b91b0-51fa-4134-b475-fabea68a7ceb"}}
{"__type":"$$EventMessageConfirm","confirm":"f6582633-949b-41e3-8939-8b2b7d135bbf","ts":"2026-04-04T17:00:01.803-04:00","source":{"id":"0","name":"eventBus"}}
{"__type":"$$EventMessageNode","id":"9ca81dc1-5550-48cd-84e8-527e13148630","ts":"2026-04-04T17:00:01.815-04:00","eventName":"n8n.node.started","message":"n8n.node.started","payload":{"workflowId":"YIYJI8ZkPUi59kQQ","workflowName":"My workflow","executionId":"28","nodeType":"@n8n/n8n-nodes-langchain.lmChatGoogleGemini","nodeName":"Google Gemini Chat Model","nodeId":"cc97ad8b-5a79-4373-a561-d36a9275785e"}}
{"__type":"$$EventMessageConfirm","confirm":"9ca81dc1-5550-48cd-84e8-527e13148630","ts":"2026-04-04T17:00:01.815-04:00","source":{"id":"0","name":"eventBus"}}
{"__type":"$$EventMessageNode","id":"98cffe0d-2659-472e-8855-764cffbea0e4","ts":"2026-04-04T17:00:02.933-04:00","eventName":"n8n.node.finished","message":"n8n.node.finished","payload":{"workflowId":"YIYJI8ZkPUi59kQQ","workflowName":"My workflow","executionId":"28","nodeType":"@n8n/n8n-nodes-langchain.lmChatGoogleGemini","nodeName":"Google Gemini Chat Model","nodeId":"cc97ad8b-5a79-4373-a561-d36a9275785e"}}
{"__type":"$$EventMessageConfirm","confirm":"98cffe0d-2659-472e-8855-764cffbea0e4","ts":"2026-04-04T17:00:02.933-04:00","source":{"id":"0","name":"eventBus"}}
{"__type":"$$EventMessageAiNode","id":"5e51220f-77a3-4440-91b0-17dc5e66d845","ts":"2026-04-04T17:00:02.933-04:00","eventName":"n8n.ai.llm.generated","message":"n8n.ai.llm.generated","payload":{"executionId":"28","nodeName":"Google Gemini Chat Model","workflowName":"My workflow","nodeType":"@n8n/n8n-nodes-langchain.lmChatGoogleGemini","workflowId":"YIYJI8ZkPUi59kQQ","msg":"{\"messages\":[\"Human: Eres un asistente de ServiceDesk.\\n\\nTu trabajo es:\\n1. Crear tickets\\n2. Consultar tickets\\n\\nSi el usuario quiere crear un ticket, devuelve:\\n{\\n  \\\"accion\\\": \\\"crear\\\",\\n  \\\"data\\\": {\\n    \\\"solicitante\\\": \\\"...\\\",\\n    \\\"tipo_solicitud\\\": \\\"...\\\",\\n    \\\"prioridad\\\": \\\"...\\\",\\n    \\\"categoria\\\": \\\"...\\\",\\n    \\\"subcategoria\\\": \\\"...\\\",\\n    \\\"articulo\\\": \\\"...\\\",\\n    \\\"asunto\\\": \\\"...\\\",\\n    \\\"descripcion_html\\\": \\\"...\\\"\\n  }\\n}\\n\\nSi quiere consultar:\\n{\\n  \\\"accion\\\": \\\"listar\\\"\\n}\\n\\nUsuario dijo:\\nHola que tal?\\nAI: Hola, ¿en qué puedo ayudarte hoy? ¿Necesitas crear un ticket o consultar uno existente?\\nHuman: Eres un asistente de ServiceDesk.\\n\\nTu trabajo es:\\n1. Crear tickets\\n2. Consultar tickets\\n\\nSi el usuario quiere crear un ticket, devuelve:\\n{\\n  \\\"accion\\\": \\\"crear\\\",\\n  \\\"data\\\": {\\n    \\\"solicitante\\\": \\\"...\\\",\\n    \\\"tipo_solicitud\\\": \\\"...\\\",\\n    \\\"prioridad\\\": \\\"...\\\",\\n    \\\"categoria\\\": \\\"...\\\",\\n    \\\"subcategoria\\\": \\\"...\\\",\\n    \\\"articulo\\\": \\\"...\\\",\\n    \\\"asunto\\\": \\\"...\\\",\\n    \\\"descripcion_html\\\": \\\"...\\\"\\n  }\\n}\\n\\nSi quiere consultar:\\n{\\n  \\\"accion\\\": \\\"listar\\\"\\n}\\n\\nUsuario dijo:\\nhOLA\\nAI: Hola, ¿en qué puedo ayudarte hoy? ¿Necesitas crear un ticket o consultar uno existente?\\nHuman: Eres un asistente de ServiceDesk.\\n\\nTu trabajo es:\\n1. Crear tickets\\n2. Consultar tickets\\n\\nSi el usuario quiere crear un ticket, devuelve:\\n{\\n  \\\"accion\\\": \\\"crear\\\",\\n  \\\"data\\\": {\\n    \\\"solicitante\\\": \\\"...\\\",\\n    \\\"tipo_solicitud\\\": \\\"...\\\",\\n    \\\"prioridad\\\": \\\"...\\\",\\n    \\\"categoria\\\": \\\"...\\\",\\n    \\\"subcategoria\\\": \\\"...\\\",\\n    \\\"articulo\\\": \\\"...\\\",\\n    \\\"asunto\\\": \\\"...\\\",\\n    \\\"descripcion_html\\\": \\\"...\\\"\\n  }\\n}\\n\\nSi quiere consultar:\\n{\\n  \\\"accion\\\": \\\"listar\\\"\\n}\\n\\nUsuario dijo:\\nHola\\nAI: Hola, ¿en qué puedo ayudarte hoy? ¿Necesitas crear un ticket o consultar uno existente?\\nHuman: Eres un asistente de ServiceDesk.\\n\\nTu trabajo es:\\n1. Crear tickets\\n2. Consultar tickets\\n\\nSi el usuario quiere crear un ticket, devuelve:\\n{\\n  \\\"accion\\\": \\\"crear\\\",\\n  \\\"data\\\": {\\n    \\\"solicitante\\\": \\\"...\\\",\\n    \\\"tipo_solicitud\\\": \\\"...\\\",\\n    \\\"prioridad\\\": \\\"...\\\",\\n    \\\"categoria\\\": \\\"...\\\",\\n    \\\"subcategoria\\\": \\\"...\\\",\\n    \\\"articulo\\\": \\\"...\\\",\\n    \\\"asunto\\\": \\\"...\\\",\\n    \\\"descripcion_html\\\": \\\"...\\\"\\n  }\\n}\\n\\nSi quiere consultar:\\n{\\n  \\\"accion\\\": \\\"listar\\\"\\n}\\n\\nUsuario dijo:\\nHola, qué tal?\\nAI: Hola, ¿en qué puedo ayudarte hoy? ¿Necesitas crear un ticket o consultar uno existente?\\nHuman: Eres un asistente de ServiceDesk.\\n\\nTu trabajo es:\\n1. Crear tickets\\n2. Consultar tickets\\n\\nSi el usuario quiere crear un ticket, devuelve:\\n{\\n  \\\"accion\\\": \\\"crear\\\",\\n  \\\"data\\\": {\\n    \\\"solicitante\\\": \\\"...\\\",\\n    \\\"tipo_solicitud\\\": \\\"...\\\",\\n    \\\"prioridad\\\": \\\"...\\\",\\n    \\\"categoria\\\": \\\"...\\\",\\n    \\\"subcategoria\\\": \\\"...\\\",\\n    \\\"articulo\\\": \\\"...\\\",\\n    \\\"asunto\\\": \\\"...\\\",\\n    \\\"descripcion_html\\\": \\\"...\\\"\\n  }\\n}\\n\\nSi quiere consultar:\\n{\\n  \\\"accion\\\": \\\"listar\\\"\\n}\\n\\nUsuario dijo:\\nHola\\nAI: Hola, ¿en qué puedo ayudarte hoy? ¿Necesitas crear un ticket o consultar uno existente?\\nHuman: Eres un asistente de ServiceDesk.\\n\\nTu trabajo es:\\n1. Crear tickets\\n2. Consultar tickets\\n\\nSi el usuario quiere crear un ticket, devuelve:\\n{\\n  \\\"accion\\\": \\\"crear\\\",\\n  \\\"data\\\": {\\n    \\\"solicitante\\\": \\\"...\\\",\\n    \\\"tipo_solicitud\\\": \\\"...\\\",\\n    \\\"prioridad\\\": \\\"...\\\",\\n    \\\"categoria\\\": \\\"...\\\",\\n    \\\"subcategoria\\\": \\\"...\\\",\\n    \\\"articulo\\\": \\\"...\\\",\\n    \\\"asunto\\\": \\\"...\\\",\\n    \\\"descripcion_html\\\": \\\"...\\\"\\n  }\\n}\\n\\nSi quiere consultar:\\n{\\n  \\\"accion\\\": \\\"listar\\\"\\n}\\n\\nUsuario dijo:\\nHola!\"],\"options\":{\"google_api_key\":{\"lc\":1,\"type\":\"secret\",\"id\":[\"GOOGLE_API_KEY\"]},\"base_url\":\"https://generativelanguage.googleapis.com\",\"model\":\"gemini-2.5-flash\"},\"response\":{\"response\":{\"generations\":[[{\"text\":\"Hola, ¿en qué puedo ayudarte hoy? ¿Necesitas crear un ticket o consultar uno existente?\",\"generationInfo\":{\"finishReason\":\"STOP\",\"index\":0}}]]},\"tokenUsage\":{\"completionTokens\":20,\"promptTokens\":1027,\"totalTokens\":1047}}}"}}
{"__type":"$$EventMessageConfirm","confirm":"5e51220f-77a3-4440-91b0-17dc5e66d845","ts":"2026-04-04T17:00:02.933-04:00","source":{"id":"0","name":"eventBus"}}
{"__type":"$$EventMessageNode","id":"b6835a3d-5558-4832-bfcc-06f2ccbb3623","ts":"2026-04-04T17:00:02.936-04:00","eventName":"n8n.node.started","message":"n8n.node.started","payload":{"workflowId":"YIYJI8ZkPUi59kQQ","workflowName":"My workflow","executionId":"28","nodeType":"@n8n/n8n-nodes-langchain.memoryMongoDbChat","nodeName":"MongoDB Chat Memory","nodeId":"754b91b0-51fa-4134-b475-fabea68a7ceb"}}
{"__type":"$$EventMessageConfirm","confirm":"b6835a3d-5558-4832-bfcc-06f2ccbb3623","ts":"2026-04-04T17:00:02.936-04:00","source":{"id":"0","name":"eventBus"}}
{"__type":"$$EventMessageNode","id":"54e40ad5-b7e2-497e-a327-436560e0984d","ts":"2026-04-04T17:00:02.948-04:00","eventName":"n8n.node.finished","message":"n8n.node.finished","payload":{"workflowId":"YIYJI8ZkPUi59kQQ","workflowName":"My workflow","executionId":"28","nodeType":"@n8n/n8n-nodes-langchain.memoryMongoDbChat","nodeName":"MongoDB Chat Memory","nodeId":"754b91b0-51fa-4134-b475-fabea68a7ceb"}}
{"__type":"$$EventMessageConfirm","confirm":"54e40ad5-b7e2-497e-a327-436560e0984d","ts":"2026-04-04T17:00:02.948-04:00","source":{"id":"0","name":"eventBus"}}
{"__type":"$$EventMessageNode","id":"bd419013-28a0-466f-990c-7837d05f3ec8","ts":"2026-04-04T17:00:02.953-04:00","eventName":"n8n.node.finished","message":"n8n.node.finished","payload":{"workflowId":"YIYJI8ZkPUi59kQQ","workflowName":"My workflow","executionId":"28","nodeType":"@n8n/n8n-nodes-langchain.agent","nodeName":"AI Agent","nodeId":"9a07d0c0-fee7-4cf3-bf7c-e89cbd9d96c9"}}
{"__type":"$$EventMessageConfirm","confirm":"bd419013-28a0-466f-990c-7837d05f3ec8","ts":"2026-04-04T17:00:02.953-04:00","source":{"id":"0","name":"eventBus"}}
{"__type":"$$EventMessageNode","id":"5ef984e6-170d-4fc3-89a5-b0a2aab2ba2a","ts":"2026-04-04T17:00:02.954-04:00","eventName":"n8n.node.started","message":"n8n.node.started","payload":{"workflowId":"YIYJI8ZkPUi59kQQ","workflowName":"My workflow","executionId":"28","nodeType":"n8n-nodes-base.respondToWebhook","nodeName":"Respond to Webhook","nodeId":"4299c8c6-af2f-4b17-be27-4cb1faf7742f"}}
{"__type":"$$EventMessageConfirm","confirm":"5ef984e6-170d-4fc3-89a5-b0a2aab2ba2a","ts":"2026-04-04T17:00:02.954-04:00","source":{"id":"0","name":"eventBus"}}
{"__type":"$$EventMessageNode","id":"5500e2bf-6a32-4e87-990a-f79511860f18","ts":"2026-04-04T17:00:02.964-04:00","eventName":"n8n.node.finished","message":"n8n.node.finished","payload":{"workflowId":"YIYJI8ZkPUi59kQQ","workflowName":"My workflow","executionId":"28","nodeType":"n8n-nodes-base.respondToWebhook","nodeName":"Respond to Webhook","nodeId":"4299c8c6-af2f-4b17-be27-4cb1faf7742f"}}
{"__type":"$$EventMessageConfirm","confirm":"5500e2bf-6a32-4e87-990a-f79511860f18","ts":"2026-04-04T17:00:02.965-04:00","source":{"id":"0","name":"eventBus"}}
{"__type":"$$EventMessageWorkflow","id":"70518833-1340-4a07-90c8-7cbf0109cbcb","ts":"2026-04-04T17:00:02.970-04:00","eventName":"n8n.workflow.success","message":"n8n.workflow.success","payload":{"executionId":"28","success":true,"isManual":true,"mode":"manual","workflowId":"YIYJI8ZkPUi59kQQ","workflowName":"My workflow"}}
{"__type":"$$EventMessageConfirm","confirm":"70518833-1340-4a07-90c8-7cbf0109cbcb","ts":"2026-04-04T17:00:02.971-04:00","source":{"id":"0","name":"eventBus"}}
{"__type":"$$EventMessageWorkflow","id":"caf4c98b-6be7-4814-b3c4-31d670cb425c","ts":"2026-04-04T17:02:36.847-04:00","eventName":"n8n.workflow.started","message":"n8n.workflow.started","payload":{"executionId":"29","workflowId":"YIYJI8ZkPUi59kQQ","isManual":false,"mode":"manual","workflowName":"My workflow"}}
{"__type":"$$EventMessageConfirm","confirm":"caf4c98b-6be7-4814-b3c4-31d670cb425c","ts":"2026-04-04T17:02:36.847-04:00","source":{"id":"0","name":"eventBus"}}
{"__type":"$$EventMessageAudit","id":"85f8a3c3-5913-4647-a91d-ce8abecc4270","ts":"2026-04-04T17:02:36.847-04:00","eventName":"n8n.audit.workflow.executed","message":"n8n.audit.workflow.executed","payload":{"workflowId":"YIYJI8ZkPUi59kQQ","workflowName":"My workflow","executionId":"29","source":"webhook"}}
{"__type":"$$EventMessageConfirm","confirm":"85f8a3c3-5913-4647-a91d-ce8abecc4270","ts":"2026-04-04T17:02:36.847-04:00","source":{"id":"0","name":"eventBus"}}
{"__type":"$$EventMessageNode","id":"6332efe9-ed70-44e9-9d7a-f2f9b8cbd982","ts":"2026-04-04T17:02:36.849-04:00","eventName":"n8n.node.started","message":"n8n.node.started","payload":{"workflowId":"YIYJI8ZkPUi59kQQ","workflowName":"My workflow","executionId":"29","nodeType":"n8n-nodes-base.webhook","nodeName":"Webhook","nodeId":"209ba0bd-158f-46b3-92d3-3e67fbfaeb46"}}
{"__type":"$$EventMessageConfirm","confirm":"6332efe9-ed70-44e9-9d7a-f2f9b8cbd982","ts":"2026-04-04T17:02:36.849-04:00","source":{"id":"0","name":"eventBus"}}
{"__type":"$$EventMessageNode","id":"a25c3b1c-fc0a-4afc-818e-c3c66d8f0e02","ts":"2026-04-04T17:02:36.849-04:00","eventName":"n8n.node.finished","message":"n8n.node.finished","payload":{"workflowId":"YIYJI8ZkPUi59kQQ","workflowName":"My workflow","executionId":"29","nodeType":"n8n-nodes-base.webhook","nodeName":"Webhook","nodeId":"209ba0bd-158f-46b3-92d3-3e67fbfaeb46"}}
{"__type":"$$EventMessageConfirm","confirm":"a25c3b1c-fc0a-4afc-818e-c3c66d8f0e02","ts":"2026-04-04T17:02:36.849-04:00","source":{"id":"0","name":"eventBus"}}
{"__type":"$$EventMessageNode","id":"0be53715-269d-4119-a50f-56aa4892d0e1","ts":"2026-04-04T17:02:36.850-04:00","eventName":"n8n.node.started","message":"n8n.node.started","payload":{"workflowId":"YIYJI8ZkPUi59kQQ","workflowName":"My workflow","executionId":"29","nodeType":"@n8n/n8n-nodes-langchain.agent","nodeName":"AI Agent","nodeId":"9a07d0c0-fee7-4cf3-bf7c-e89cbd9d96c9"}}
{"__type":"$$EventMessageConfirm","confirm":"0be53715-269d-4119-a50f-56aa4892d0e1","ts":"2026-04-04T17:02:36.851-04:00","source":{"id":"0","name":"eventBus"}}
{"__type":"$$EventMessageNode","id":"cfeca0b1-878b-4a45-9e47-9ddc86b16ece","ts":"2026-04-04T17:02:36.882-04:00","eventName":"n8n.node.started","message":"n8n.node.started","payload":{"workflowId":"YIYJI8ZkPUi59kQQ","workflowName":"My workflow","executionId":"29","nodeType":"@n8n/n8n-nodes-langchain.memoryMongoDbChat","nodeName":"MongoDB Chat Memory","nodeId":"754b91b0-51fa-4134-b475-fabea68a7ceb"}}
{"__type":"$$EventMessageConfirm","confirm":"cfeca0b1-878b-4a45-9e47-9ddc86b16ece","ts":"2026-04-04T17:02:36.882-04:00","source":{"id":"0","name":"eventBus"}}
{"__type":"$$EventMessageNode","id":"f4490e2c-0551-4fb3-923e-d2be738268ff","ts":"2026-04-04T17:02:36.886-04:00","eventName":"n8n.node.finished","message":"n8n.node.finished","payload":{"workflowId":"YIYJI8ZkPUi59kQQ","workflowName":"My workflow","executionId":"29","nodeType":"@n8n/n8n-nodes-langchain.memoryMongoDbChat","nodeName":"MongoDB Chat Memory","nodeId":"754b91b0-51fa-4134-b475-fabea68a7ceb"}}
{"__type":"$$EventMessageConfirm","confirm":"f4490e2c-0551-4fb3-923e-d2be738268ff","ts":"2026-04-04T17:02:36.886-04:00","source":{"id":"0","name":"eventBus"}}
{"__type":"$$EventMessageNode","id":"7e2ed68e-7f62-448a-bb1f-bae1a4c5e978","ts":"2026-04-04T17:02:36.897-04:00","eventName":"n8n.node.started","message":"n8n.node.started","payload":{"workflowId":"YIYJI8ZkPUi59kQQ","workflowName":"My workflow","executionId":"29","nodeType":"@n8n/n8n-nodes-langchain.lmChatGoogleGemini","nodeName":"Google Gemini Chat Model","nodeId":"cc97ad8b-5a79-4373-a561-d36a9275785e"}}
{"__type":"$$EventMessageConfirm","confirm":"7e2ed68e-7f62-448a-bb1f-bae1a4c5e978","ts":"2026-04-04T17:02:36.898-04:00","source":{"id":"0","name":"eventBus"}}
{"__type":"$$EventMessageNode","id":"45daec07-31b4-4c5f-9495-31e8f7bc745f","ts":"2026-04-04T17:02:38.596-04:00","eventName":"n8n.node.finished","message":"n8n.node.finished","payload":{"workflowId":"YIYJI8ZkPUi59kQQ","workflowName":"My workflow","executionId":"29","nodeType":"@n8n/n8n-nodes-langchain.lmChatGoogleGemini","nodeName":"Google Gemini Chat Model","nodeId":"cc97ad8b-5a79-4373-a561-d36a9275785e"}}
{"__type":"$$EventMessageConfirm","confirm":"45daec07-31b4-4c5f-9495-31e8f7bc745f","ts":"2026-04-04T17:02:38.597-04:00","source":{"id":"0","name":"eventBus"}}
{"__type":"$$EventMessageAiNode","id":"041f9f46-b5d8-4d81-a4f6-7aa35a851c58","ts":"2026-04-04T17:02:38.597-04:00","eventName":"n8n.ai.llm.generated","message":"n8n.ai.llm.generated","payload":{"executionId":"29","nodeName":"Google Gemini Chat Model","workflowName":"My workflow","nodeType":"@n8n/n8n-nodes-langchain.lmChatGoogleGemini","workflowId":"YIYJI8ZkPUi59kQQ","msg":"{\"messages\":[\"Human: Eres un asistente de ServiceDesk.\\n\\nTu trabajo es:\\n1. Crear tickets\\n2. Consultar tickets\\n\\nSi el usuario quiere crear un ticket, devuelve:\\n{\\n  \\\"accion\\\": \\\"crear\\\",\\n  \\\"data\\\": {\\n    \\\"solicitante\\\": \\\"...\\\",\\n    \\\"tipo_solicitud\\\": \\\"...\\\",\\n    \\\"prioridad\\\": \\\"...\\\",\\n    \\\"categoria\\\": \\\"...\\\",\\n    \\\"subcategoria\\\": \\\"...\\\",\\n    \\\"articulo\\\": \\\"...\\\",\\n    \\\"asunto\\\": \\\"...\\\",\\n    \\\"descripcion_html\\\": \\\"...\\\"\\n  }\\n}\\n\\nSi quiere consultar:\\n{\\n  \\\"accion\\\": \\\"listar\\\"\\n}\\n\\nUsuario dijo:\\nhOLA\\nAI: Hola, ¿en qué puedo ayudarte hoy? ¿Necesitas crear un ticket o consultar uno existente?\\nHuman: Eres un asistente de ServiceDesk.\\n\\nTu trabajo es:\\n1. Crear tickets\\n2. Consultar tickets\\n\\nSi el usuario quiere crear un ticket, devuelve:\\n{\\n  \\\"accion\\\": \\\"crear\\\",\\n  \\\"data\\\": {\\n    \\\"solicitante\\\": \\\"...\\\",\\n    \\\"tipo_solicitud\\\": \\\"...\\\",\\n    \\\"prioridad\\\": \\\"...\\\",\\n    \\\"categoria\\\": \\\"...\\\",\\n    \\\"subcategoria\\\": \\\"...\\\",\\n    \\\"articulo\\\": \\\"...\\\",\\n    \\\"asunto\\\": \\\"...\\\",\\n    \\\"descripcion_html\\\": \\\"...\\\"\\n  }\\n}\\n\\nSi quiere consultar:\\n{\\n  \\\"accion\\\": \\\"listar\\\"\\n}\\n\\nUsuario dijo:\\nHola\\nAI: Hola, ¿en qué puedo ayudarte hoy? ¿Necesitas crear un ticket o consultar uno existente?\\nHuman: Eres un asistente de ServiceDesk.\\n\\nTu trabajo es:\\n1. Crear tickets\\n2. Consultar tickets\\n\\nSi el usuario quiere crear un ticket, devuelve:\\n{\\n  \\\"accion\\\": \\\"crear\\\",\\n  \\\"data\\\": {\\n    \\\"solicitante\\\": \\\"...\\\",\\n    \\\"tipo_solicitud\\\": \\\"...\\\",\\n    \\\"prioridad\\\": \\\"...\\\",\\n    \\\"categoria\\\": \\\"...\\\",\\n    \\\"subcategoria\\\": \\\"...\\\",\\n    \\\"articulo\\\": \\\"...\\\",\\n    \\\"asunto\\\": \\\"...\\\",\\n    \\\"descripcion_html\\\": \\\"...\\\"\\n  }\\n}\\n\\nSi quiere consultar:\\n{\\n  \\\"accion\\\": \\\"listar\\\"\\n}\\n\\nUsuario dijo:\\nHola, qué tal?\\nAI: Hola, ¿en qué puedo ayudarte hoy? ¿Necesitas crear un ticket o consultar uno existente?\\nHuman: Eres un asistente de ServiceDesk.\\n\\nTu trabajo es:\\n1. Crear tickets\\n2. Consultar tickets\\n\\nSi el usuario quiere crear un ticket, devuelve:\\n{\\n  \\\"accion\\\": \\\"crear\\\",\\n  \\\"data\\\": {\\n    \\\"solicitante\\\": \\\"...\\\",\\n    \\\"tipo_solicitud\\\": \\\"...\\\",\\n    \\\"prioridad\\\": \\\"...\\\",\\n    \\\"categoria\\\": \\\"...\\\",\\n    \\\"subcategoria\\\": \\\"...\\\",\\n    \\\"articulo\\\": \\\"...\\\",\\n    \\\"asunto\\\": \\\"...\\\",\\n    \\\"descripcion_html\\\": \\\"...\\\"\\n  }\\n}\\n\\nSi quiere consultar:\\n{\\n  \\\"accion\\\": \\\"listar\\\"\\n}\\n\\nUsuario dijo:\\nHola\\nAI: Hola, ¿en qué puedo ayudarte hoy? ¿Necesitas crear un ticket o consultar uno existente?\\nHuman: Eres un asistente de ServiceDesk.\\n\\nTu trabajo es:\\n1. Crear tickets\\n2. Consultar tickets\\n\\nSi el usuario quiere crear un ticket, devuelve:\\n{\\n  \\\"accion\\\": \\\"crear\\\",\\n  \\\"data\\\": {\\n    \\\"solicitante\\\": \\\"...\\\",\\n    \\\"tipo_solicitud\\\": \\\"...\\\",\\n    \\\"prioridad\\\": \\\"...\\\",\\n    \\\"categoria\\\": \\\"...\\\",\\n    \\\"subcategoria\\\": \\\"...\\\",\\n    \\\"articulo\\\": \\\"...\\\",\\n    \\\"asunto\\\": \\\"...\\\",\\n    \\\"descripcion_html\\\": \\\"...\\\"\\n  }\\n}\\n\\nSi quiere consultar:\\n{\\n  \\\"accion\\\": \\\"listar\\\"\\n}\\n\\nUsuario dijo:\\nHola!\\nAI: Hola, ¿en qué puedo ayudarte hoy? ¿Necesitas crear un ticket o consultar uno existente?\\nHuman: Eres un asistente de ServiceDesk.\\n\\nTu trabajo es:\\n1. Crear tickets\\n2. Consultar tickets\\n\\nSi el usuario quiere crear un ticket, devuelve:\\n{\\n  \\\"accion\\\": \\\"crear\\\",\\n  \\\"data\\\": {\\n    \\\"solicitante\\\": \\\"...\\\",\\n    \\\"tipo_solicitud\\\": \\\"...\\\",\\n    \\\"prioridad\\\": \\\"...\\\",\\n    \\\"categoria\\\": \\\"...\\\",\\n    \\\"subcategoria\\\": \\\"...\\\",\\n    \\\"articulo\\\": \\\"...\\\",\\n    \\\"asunto\\\": \\\"...\\\",\\n    \\\"descripcion_html\\\": \\\"...\\\"\\n  }\\n}\\n\\nSi quiere consultar:\\n{\\n  \\\"accion\\\": \\\"listar\\\"\\n}\\n\\nUsuario dijo:\\nHola\"],\"options\":{\"google_api_key\":{\"lc\":1,\"type\":\"secret\",\"id\":[\"GOOGLE_API_KEY\"]},\"base_url\":\"https://generativelanguage.googleapis.com\",\"model\":\"gemini-2.5-flash\"},\"response\":{\"response\":{\"generations\":[[{\"text\":\"Hola, ¿en qué puedo ayudarte hoy? ¿Necesitas crear un ticket o consultar uno existente?\",\"generationInfo\":{\"finishReason\":\"STOP\",\"index\":0}}]]},\"tokenUsage\":{\"completionTokens\":20,\"promptTokens\":1024,\"totalTokens\":1044}}}"}}
{"__type":"$$EventMessageConfirm","confirm":"041f9f46-b5d8-4d81-a4f6-7aa35a851c58","ts":"2026-04-04T17:02:38.597-04:00","source":{"id":"0","name":"eventBus"}}
{"__type":"$$EventMessageNode","id":"00106082-94c0-4e2b-830a-dfc45944e671","ts":"2026-04-04T17:02:38.599-04:00","eventName":"n8n.node.started","message":"n8n.node.started","payload":{"workflowId":"YIYJI8ZkPUi59kQQ","workflowName":"My workflow","executionId":"29","nodeType":"@n8n/n8n-nodes-langchain.memoryMongoDbChat","nodeName":"MongoDB Chat Memory","nodeId":"754b91b0-51fa-4134-b475-fabea68a7ceb"}}
{"__type":"$$EventMessageConfirm","confirm":"00106082-94c0-4e2b-830a-dfc45944e671","ts":"2026-04-04T17:02:38.599-04:00","source":{"id":"0","name":"eventBus"}}
{"__type":"$$EventMessageNode","id":"b424146e-b9f9-4fb6-a147-666d848b4c96","ts":"2026-04-04T17:02:38.607-04:00","eventName":"n8n.node.finished","message":"n8n.node.finished","payload":{"workflowId":"YIYJI8ZkPUi59kQQ","workflowName":"My workflow","executionId":"29","nodeType":"@n8n/n8n-nodes-langchain.memoryMongoDbChat","nodeName":"MongoDB Chat Memory","nodeId":"754b91b0-51fa-4134-b475-fabea68a7ceb"}}
{"__type":"$$EventMessageConfirm","confirm":"b424146e-b9f9-4fb6-a147-666d848b4c96","ts":"2026-04-04T17:02:38.607-04:00","source":{"id":"0","name":"eventBus"}}
{"__type":"$$EventMessageNode","id":"179a0bc8-bee3-4305-9b09-729eb74e659f","ts":"2026-04-04T17:02:38.615-04:00","eventName":"n8n.node.finished","message":"n8n.node.finished","payload":{"workflowId":"YIYJI8ZkPUi59kQQ","workflowName":"My workflow","executionId":"29","nodeType":"@n8n/n8n-nodes-langchain.agent","nodeName":"AI Agent","nodeId":"9a07d0c0-fee7-4cf3-bf7c-e89cbd9d96c9"}}
{"__type":"$$EventMessageConfirm","confirm":"179a0bc8-bee3-4305-9b09-729eb74e659f","ts":"2026-04-04T17:02:38.615-04:00","source":{"id":"0","name":"eventBus"}}
{"__type":"$$EventMessageNode","id":"a01f269e-14a3-4618-a7c4-7ed896b754e2","ts":"2026-04-04T17:02:38.616-04:00","eventName":"n8n.node.started","message":"n8n.node.started","payload":{"workflowId":"YIYJI8ZkPUi59kQQ","workflowName":"My workflow","executionId":"29","nodeType":"n8n-nodes-base.respondToWebhook","nodeName":"Respond to Webhook","nodeId":"4299c8c6-af2f-4b17-be27-4cb1faf7742f"}}
{"__type":"$$EventMessageConfirm","confirm":"a01f269e-14a3-4618-a7c4-7ed896b754e2","ts":"2026-04-04T17:02:38.616-04:00","source":{"id":"0","name":"eventBus"}}
{"__type":"$$EventMessageNode","id":"6133e432-4209-461a-9f82-2b5e4ddab836","ts":"2026-04-04T17:02:38.619-04:00","eventName":"n8n.node.finished","message":"n8n.node.finished","payload":{"workflowId":"YIYJI8ZkPUi59kQQ","workflowName":"My workflow","executionId":"29","nodeType":"n8n-nodes-base.respondToWebhook","nodeName":"Respond to Webhook","nodeId":"4299c8c6-af2f-4b17-be27-4cb1faf7742f"}}
{"__type":"$$EventMessageConfirm","confirm":"6133e432-4209-461a-9f82-2b5e4ddab836","ts":"2026-04-04T17:02:38.619-04:00","source":{"id":"0","name":"eventBus"}}
{"__type":"$$EventMessageWorkflow","id":"201858f4-c6e0-4090-9e92-6fa5fdd68c8d","ts":"2026-04-04T17:02:38.621-04:00","eventName":"n8n.workflow.success","message":"n8n.workflow.success","payload":{"executionId":"29","success":true,"isManual":true,"mode":"manual","workflowId":"YIYJI8ZkPUi59kQQ","workflowName":"My workflow"}}
{"__type":"$$EventMessageConfirm","confirm":"201858f4-c6e0-4090-9e92-6fa5fdd68c8d","ts":"2026-04-04T17:02:38.622-04:00","source":{"id":"0","name":"eventBus"}}
{"__type":"$$EventMessageAudit","id":"b945e883-5302-4dd7-bb05-ab88b37939d7","ts":"2026-04-04T17:07:38.967-04:00","eventName":"n8n.audit.workflow.activated","message":"n8n.audit.workflow.activated","payload":{"userId":"5dbe17fd-2bf6-4d1e-ad71-13ee612d9454","_email":"joao.basa.18@gmail.com","_firstName":"Joao","_lastName":"Basanta","globalRole":"global:owner","workflowId":"YIYJI8ZkPUi59kQQ","workflowName":"My workflow","activeVersionId":"ef2efaaa-1ae1-4f51-818e-3292f931b6f4"}}
{"__type":"$$EventMessageConfirm","confirm":"b945e883-5302-4dd7-bb05-ab88b37939d7","ts":"2026-04-04T17:07:38.967-04:00","source":{"id":"0","name":"eventBus"}}
{"__type":"$$EventMessageWorkflow","id":"a4041f40-b220-4872-b3b5-e8e9eaf47a1a","ts":"2026-04-04T17:07:44.607-04:00","eventName":"n8n.workflow.started","message":"n8n.workflow.started","payload":{"executionId":"30","workflowId":"YIYJI8ZkPUi59kQQ","isManual":false,"mode":"webhook","workflowName":"My workflow"}}
{"__type":"$$EventMessageConfirm","confirm":"a4041f40-b220-4872-b3b5-e8e9eaf47a1a","ts":"2026-04-04T17:07:44.608-04:00","source":{"id":"0","name":"eventBus"}}
{"__type":"$$EventMessageAudit","id":"24bd0f7a-d0f3-48aa-b92d-59026ef8e1b2","ts":"2026-04-04T17:07:44.608-04:00","eventName":"n8n.audit.workflow.executed","message":"n8n.audit.workflow.executed","payload":{"workflowId":"YIYJI8ZkPUi59kQQ","workflowName":"My workflow","executionId":"30","source":"webhook"}}
{"__type":"$$EventMessageConfirm","confirm":"24bd0f7a-d0f3-48aa-b92d-59026ef8e1b2","ts":"2026-04-04T17:07:44.608-04:00","source":{"id":"0","name":"eventBus"}}
{"__type":"$$EventMessageNode","id":"3ce7cb18-93fc-4366-a696-10c0ae6fa2ed","ts":"2026-04-04T17:07:44.608-04:00","eventName":"n8n.node.started","message":"n8n.node.started","payload":{"workflowId":"YIYJI8ZkPUi59kQQ","workflowName":"My workflow","executionId":"30","nodeType":"n8n-nodes-base.webhook","nodeName":"Webhook","nodeId":"209ba0bd-158f-46b3-92d3-3e67fbfaeb46"}}
{"__type":"$$EventMessageConfirm","confirm":"3ce7cb18-93fc-4366-a696-10c0ae6fa2ed","ts":"2026-04-04T17:07:44.608-04:00","source":{"id":"0","name":"eventBus"}}
{"__type":"$$EventMessageNode","id":"ed3194bd-7bbd-4400-a73f-cc248dc21f29","ts":"2026-04-04T17:07:44.608-04:00","eventName":"n8n.node.finished","message":"n8n.node.finished","payload":{"workflowId":"YIYJI8ZkPUi59kQQ","workflowName":"My workflow","executionId":"30","nodeType":"n8n-nodes-base.webhook","nodeName":"Webhook","nodeId":"209ba0bd-158f-46b3-92d3-3e67fbfaeb46"}}
{"__type":"$$EventMessageConfirm","confirm":"ed3194bd-7bbd-4400-a73f-cc248dc21f29","ts":"2026-04-04T17:07:44.608-04:00","source":{"id":"0","name":"eventBus"}}
{"__type":"$$EventMessageNode","id":"6ac1f109-c771-4e4a-b7ee-4094d528d8ca","ts":"2026-04-04T17:07:44.609-04:00","eventName":"n8n.node.started","message":"n8n.node.started","payload":{"workflowId":"YIYJI8ZkPUi59kQQ","workflowName":"My workflow","executionId":"30","nodeType":"@n8n/n8n-nodes-langchain.agent","nodeName":"AI Agent","nodeId":"9a07d0c0-fee7-4cf3-bf7c-e89cbd9d96c9"}}
{"__type":"$$EventMessageConfirm","confirm":"6ac1f109-c771-4e4a-b7ee-4094d528d8ca","ts":"2026-04-04T17:07:44.609-04:00","source":{"id":"0","name":"eventBus"}}
{"__type":"$$EventMessageNode","id":"e2f07cd4-bd9f-43ea-98b6-3faf795f6876","ts":"2026-04-04T17:07:44.643-04:00","eventName":"n8n.node.started","message":"n8n.node.started","payload":{"workflowId":"YIYJI8ZkPUi59kQQ","workflowName":"My workflow","executionId":"30","nodeType":"@n8n/n8n-nodes-langchain.memoryMongoDbChat","nodeName":"MongoDB Chat Memory","nodeId":"754b91b0-51fa-4134-b475-fabea68a7ceb"}}
{"__type":"$$EventMessageConfirm","confirm":"e2f07cd4-bd9f-43ea-98b6-3faf795f6876","ts":"2026-04-04T17:07:44.643-04:00","source":{"id":"0","name":"eventBus"}}
{"__type":"$$EventMessageNode","id":"162d863b-8d77-4f05-b372-7353b386609f","ts":"2026-04-04T17:07:44.647-04:00","eventName":"n8n.node.finished","message":"n8n.node.finished","payload":{"workflowId":"YIYJI8ZkPUi59kQQ","workflowName":"My workflow","executionId":"30","nodeType":"@n8n/n8n-nodes-langchain.memoryMongoDbChat","nodeName":"MongoDB Chat Memory","nodeId":"754b91b0-51fa-4134-b475-fabea68a7ceb"}}
{"__type":"$$EventMessageConfirm","confirm":"162d863b-8d77-4f05-b372-7353b386609f","ts":"2026-04-04T17:07:44.648-04:00","source":{"id":"0","name":"eventBus"}}
{"__type":"$$EventMessageNode","id":"12401a6c-aa08-4bc6-9298-70fb53d64961","ts":"2026-04-04T17:07:44.661-04:00","eventName":"n8n.node.started","message":"n8n.node.started","payload":{"workflowId":"YIYJI8ZkPUi59kQQ","workflowName":"My workflow","executionId":"30","nodeType":"@n8n/n8n-nodes-langchain.lmChatGoogleGemini","nodeName":"Google Gemini Chat Model","nodeId":"cc97ad8b-5a79-4373-a561-d36a9275785e"}}
{"__type":"$$EventMessageConfirm","confirm":"12401a6c-aa08-4bc6-9298-70fb53d64961","ts":"2026-04-04T17:07:44.662-04:00","source":{"id":"0","name":"eventBus"}}
{"__type":"$$EventMessageNode","id":"0c6ff91d-2561-4d60-91b3-1c7e50332560","ts":"2026-04-04T17:07:46.698-04:00","eventName":"n8n.node.finished","message":"n8n.node.finished","payload":{"workflowId":"YIYJI8ZkPUi59kQQ","workflowName":"My workflow","executionId":"30","nodeType":"@n8n/n8n-nodes-langchain.lmChatGoogleGemini","nodeName":"Google Gemini Chat Model","nodeId":"cc97ad8b-5a79-4373-a561-d36a9275785e"}}
{"__type":"$$EventMessageConfirm","confirm":"0c6ff91d-2561-4d60-91b3-1c7e50332560","ts":"2026-04-04T17:07:46.699-04:00","source":{"id":"0","name":"eventBus"}}
{"__type":"$$EventMessageAiNode","id":"af52bca2-9e7b-4290-ad00-e85bcd73b546","ts":"2026-04-04T17:07:46.699-04:00","eventName":"n8n.ai.llm.generated","message":"n8n.ai.llm.generated","payload":{"executionId":"30","nodeName":"Google Gemini Chat Model","workflowName":"My workflow","nodeType":"@n8n/n8n-nodes-langchain.lmChatGoogleGemini","workflowId":"YIYJI8ZkPUi59kQQ","msg":"{\"messages\":[\"Human: Eres un asistente de ServiceDesk.\\n\\nTu trabajo es:\\n1. Crear tickets\\n2. Consultar tickets\\n\\nSi el usuario quiere crear un ticket, devuelve:\\n{\\n  \\\"accion\\\": \\\"crear\\\",\\n  \\\"data\\\": {\\n    \\\"solicitante\\\": \\\"...\\\",\\n    \\\"tipo_solicitud\\\": \\\"...\\\",\\n    \\\"prioridad\\\": \\\"...\\\",\\n    \\\"categoria\\\": \\\"...\\\",\\n    \\\"subcategoria\\\": \\\"...\\\",\\n    \\\"articulo\\\": \\\"...\\\",\\n    \\\"asunto\\\": \\\"...\\\",\\n    \\\"descripcion_html\\\": \\\"...\\\"\\n  }\\n}\\n\\nSi quiere consultar:\\n{\\n  \\\"accion\\\": \\\"listar\\\"\\n}\\n\\nUsuario dijo:\\nHola\\nAI: Hola, ¿en qué puedo ayudarte hoy? ¿Necesitas crear un ticket o consultar uno existente?\\nHuman: Eres un asistente de ServiceDesk.\\n\\nTu trabajo es:\\n1. Crear tickets\\n2. Consultar tickets\\n\\nSi el usuario quiere crear un ticket, devuelve:\\n{\\n  \\\"accion\\\": \\\"crear\\\",\\n  \\\"data\\\": {\\n    \\\"solicitante\\\": \\\"...\\\",\\n    \\\"tipo_solicitud\\\": \\\"...\\\",\\n    \\\"prioridad\\\": \\\"...\\\",\\n    \\\"categoria\\\": \\\"...\\\",\\n    \\\"subcategoria\\\": \\\"...\\\",\\n    \\\"articulo\\\": \\\"...\\\",\\n    \\\"asunto\\\": \\\"...\\\",\\n    \\\"descripcion_html\\\": \\\"...\\\"\\n  }\\n}\\n\\nSi quiere consultar:\\n{\\n  \\\"accion\\\": \\\"listar\\\"\\n}\\n\\nUsuario dijo:\\nHola, qué tal?\\nAI: Hola, ¿en qué puedo ayudarte hoy? ¿Necesitas crear un ticket o consultar uno existente?\\nHuman: Eres un asistente de ServiceDesk.\\n\\nTu trabajo es:\\n1. Crear tickets\\n2. Consultar tickets\\n\\nSi el usuario quiere crear un ticket, devuelve:\\n{\\n  \\\"accion\\\": \\\"crear\\\",\\n  \\\"data\\\": {\\n    \\\"solicitante\\\": \\\"...\\\",\\n    \\\"tipo_solicitud\\\": \\\"...\\\",\\n    \\\"prioridad\\\": \\\"...\\\",\\n    \\\"categoria\\\": \\\"...\\\",\\n    \\\"subcategoria\\\": \\\"...\\\",\\n    \\\"articulo\\\": \\\"...\\\",\\n    \\\"asunto\\\": \\\"...\\\",\\n    \\\"descripcion_html\\\": \\\"...\\\"\\n  }\\n}\\n\\nSi quiere consultar:\\n{\\n  \\\"accion\\\": \\\"listar\\\"\\n}\\n\\nUsuario dijo:\\nHola\\nAI: Hola, ¿en qué puedo ayudarte hoy? ¿Necesitas crear un ticket o consultar uno existente?\\nHuman: Eres un asistente de ServiceDesk.\\n\\nTu trabajo es:\\n1. Crear tickets\\n2. Consultar tickets\\n\\nSi el usuario quiere crear un ticket, devuelve:\\n{\\n  \\\"accion\\\": \\\"crear\\\",\\n  \\\"data\\\": {\\n    \\\"solicitante\\\": \\\"...\\\",\\n    \\\"tipo_solicitud\\\": \\\"...\\\",\\n    \\\"prioridad\\\": \\\"...\\\",\\n    \\\"categoria\\\": \\\"...\\\",\\n    \\\"subcategoria\\\": \\\"...\\\",\\n    \\\"articulo\\\": \\\"...\\\",\\n    \\\"asunto\\\": \\\"...\\\",\\n    \\\"descripcion_html\\\": \\\"...\\\"\\n  }\\n}\\n\\nSi quiere consultar:\\n{\\n  \\\"accion\\\": \\\"listar\\\"\\n}\\n\\nUsuario dijo:\\nHola!\\nAI: Hola, ¿en qué puedo ayudarte hoy? ¿Necesitas crear un ticket o consultar uno existente?\\nHuman: Eres un asistente de ServiceDesk.\\n\\nTu trabajo es:\\n1. Crear tickets\\n2. Consultar tickets\\n\\nSi el usuario quiere crear un ticket, devuelve:\\n{\\n  \\\"accion\\\": \\\"crear\\\",\\n  \\\"data\\\": {\\n    \\\"solicitante\\\": \\\"...\\\",\\n    \\\"tipo_solicitud\\\": \\\"...\\\",\\n    \\\"prioridad\\\": \\\"...\\\",\\n    \\\"categoria\\\": \\\"...\\\",\\n    \\\"subcategoria\\\": \\\"...\\\",\\n    \\\"articulo\\\": \\\"...\\\",\\n    \\\"asunto\\\": \\\"...\\\",\\n    \\\"descripcion_html\\\": \\\"...\\\"\\n  }\\n}\\n\\nSi quiere consultar:\\n{\\n  \\\"accion\\\": \\\"listar\\\"\\n}\\n\\nUsuario dijo:\\nHola\\nAI: Hola, ¿en qué puedo ayudarte hoy? ¿Necesitas crear un ticket o consultar uno existente?\\nHuman: Eres un asistente de ServiceDesk.\\n\\nTu trabajo es:\\n1. Crear tickets\\n2. Consultar tickets\\n\\nSi el usuario quiere crear un ticket, devuelve:\\n{\\n  \\\"accion\\\": \\\"crear\\\",\\n  \\\"data\\\": {\\n    \\\"solicitante\\\": \\\"...\\\",\\n    \\\"tipo_solicitud\\\": \\\"...\\\",\\n    \\\"prioridad\\\": \\\"...\\\",\\n    \\\"categoria\\\": \\\"...\\\",\\n    \\\"subcategoria\\\": \\\"...\\\",\\n    \\\"articulo\\\": \\\"...\\\",\\n    \\\"asunto\\\": \\\"...\\\",\\n    \\\"descripcion_html\\\": \\\"...\\\"\\n  }\\n}\\n\\nSi quiere consultar:\\n{\\n  \\\"accion\\\": \\\"listar\\\"\\n}\\n\\nUsuario dijo:\\nHola\"],\"options\":{\"google_api_key\":{\"lc\":1,\"type\":\"secret\",\"id\":[\"GOOGLE_API_KEY\"]},\"base_url\":\"https://generativelanguage.googleapis.com\",\"model\":\"gemini-2.5-flash\"},\"response\":{\"response\":{\"generations\":[[{\"text\":\"Hola, ¿en qué puedo ayudarte hoy? ¿Necesitas crear un ticket o consultar uno existente?\",\"generationInfo\":{\"finishReason\":\"STOP\",\"index\":0}}]]},\"tokenUsage\":{\"completionTokens\":20,\"promptTokens\":1023,\"totalTokens\":1043}}}"}}
{"__type":"$$EventMessageConfirm","confirm":"af52bca2-9e7b-4290-ad00-e85bcd73b546","ts":"2026-04-04T17:07:46.699-04:00","source":{"id":"0","name":"eventBus"}}
{"__type":"$$EventMessageNode","id":"25d1a15a-a9f6-476d-a2ef-1057de323c5b","ts":"2026-04-04T17:07:46.700-04:00","eventName":"n8n.node.started","message":"n8n.node.started","payload":{"workflowId":"YIYJI8ZkPUi59kQQ","workflowName":"My workflow","executionId":"30","nodeType":"@n8n/n8n-nodes-langchain.memoryMongoDbChat","nodeName":"MongoDB Chat Memory","nodeId":"754b91b0-51fa-4134-b475-fabea68a7ceb"}}
{"__type":"$$EventMessageConfirm","confirm":"25d1a15a-a9f6-476d-a2ef-1057de323c5b","ts":"2026-04-04T17:07:46.700-04:00","source":{"id":"0","name":"eventBus"}}
{"__type":"$$EventMessageNode","id":"dc30869d-3bd5-41b4-8574-51c5e28890d7","ts":"2026-04-04T17:07:46.707-04:00","eventName":"n8n.node.finished","message":"n8n.node.finished","payload":{"workflowId":"YIYJI8ZkPUi59kQQ","workflowName":"My workflow","executionId":"30","nodeType":"@n8n/n8n-nodes-langchain.memoryMongoDbChat","nodeName":"MongoDB Chat Memory","nodeId":"754b91b0-51fa-4134-b475-fabea68a7ceb"}}
{"__type":"$$EventMessageConfirm","confirm":"dc30869d-3bd5-41b4-8574-51c5e28890d7","ts":"2026-04-04T17:07:46.707-04:00","source":{"id":"0","name":"eventBus"}}
{"__type":"$$EventMessageNode","id":"3d07f7e4-a98c-4e26-9815-add5baf650ed","ts":"2026-04-04T17:07:46.711-04:00","eventName":"n8n.node.finished","message":"n8n.node.finished","payload":{"workflowId":"YIYJI8ZkPUi59kQQ","workflowName":"My workflow","executionId":"30","nodeType":"@n8n/n8n-nodes-langchain.agent","nodeName":"AI Agent","nodeId":"9a07d0c0-fee7-4cf3-bf7c-e89cbd9d96c9"}}
{"__type":"$$EventMessageConfirm","confirm":"3d07f7e4-a98c-4e26-9815-add5baf650ed","ts":"2026-04-04T17:07:46.712-04:00","source":{"id":"0","name":"eventBus"}}
{"__type":"$$EventMessageNode","id":"97f63a53-37c1-458f-9f81-def0c6fc0331","ts":"2026-04-04T17:07:46.712-04:00","eventName":"n8n.node.started","message":"n8n.node.started","payload":{"workflowId":"YIYJI8ZkPUi59kQQ","workflowName":"My workflow","executionId":"30","nodeType":"n8n-nodes-base.respondToWebhook","nodeName":"Respond to Webhook","nodeId":"4299c8c6-af2f-4b17-be27-4cb1faf7742f"}}
{"__type":"$$EventMessageConfirm","confirm":"97f63a53-37c1-458f-9f81-def0c6fc0331","ts":"2026-04-04T17:07:46.712-04:00","source":{"id":"0","name":"eventBus"}}
{"__type":"$$EventMessageNode","id":"9e140f76-aa1d-4ded-bb34-636da404e392","ts":"2026-04-04T17:07:46.714-04:00","eventName":"n8n.node.finished","message":"n8n.node.finished","payload":{"workflowId":"YIYJI8ZkPUi59kQQ","workflowName":"My workflow","executionId":"30","nodeType":"n8n-nodes-base.respondToWebhook","nodeName":"Respond to Webhook","nodeId":"4299c8c6-af2f-4b17-be27-4cb1faf7742f"}}
{"__type":"$$EventMessageConfirm","confirm":"9e140f76-aa1d-4ded-bb34-636da404e392","ts":"2026-04-04T17:07:46.714-04:00","source":{"id":"0","name":"eventBus"}}
{"__type":"$$EventMessageWorkflow","id":"7ca7bf1f-a491-4bdd-b4f5-15b87b9e5173","ts":"2026-04-04T17:07:46.715-04:00","eventName":"n8n.workflow.success","message":"n8n.workflow.success","payload":{"executionId":"30","success":true,"isManual":false,"mode":"webhook","workflowId":"YIYJI8ZkPUi59kQQ","workflowName":"My workflow"}}
{"__type":"$$EventMessageConfirm","confirm":"7ca7bf1f-a491-4bdd-b4f5-15b87b9e5173","ts":"2026-04-04T17:07:46.715-04:00","source":{"id":"0","name":"eventBus"}}
{"__type":"$$EventMessageWorkflow","id":"db139bf5-4e69-472e-aef6-e272ec5fe3c9","ts":"2026-04-04T17:07:51.065-04:00","eventName":"n8n.workflow.started","message":"n8n.workflow.started","payload":{"executionId":"31","workflowId":"YIYJI8ZkPUi59kQQ","isManual":false,"mode":"webhook","workflowName":"My workflow"}}
{"__type":"$$EventMessageConfirm","confirm":"db139bf5-4e69-472e-aef6-e272ec5fe3c9","ts":"2026-04-04T17:07:51.065-04:00","source":{"id":"0","name":"eventBus"}}
{"__type":"$$EventMessageAudit","id":"030bb7a1-e496-47c5-832e-f63b6bb5cb51","ts":"2026-04-04T17:07:51.065-04:00","eventName":"n8n.audit.workflow.executed","message":"n8n.audit.workflow.executed","payload":{"workflowId":"YIYJI8ZkPUi59kQQ","workflowName":"My workflow","executionId":"31","source":"webhook"}}
{"__type":"$$EventMessageConfirm","confirm":"030bb7a1-e496-47c5-832e-f63b6bb5cb51","ts":"2026-04-04T17:07:51.065-04:00","source":{"id":"0","name":"eventBus"}}
{"__type":"$$EventMessageNode","id":"59b828e1-b6bf-4c40-b1f6-f3d7804919d3","ts":"2026-04-04T17:07:51.066-04:00","eventName":"n8n.node.started","message":"n8n.node.started","payload":{"workflowId":"YIYJI8ZkPUi59kQQ","workflowName":"My workflow","executionId":"31","nodeType":"n8n-nodes-base.webhook","nodeName":"Webhook","nodeId":"209ba0bd-158f-46b3-92d3-3e67fbfaeb46"}}
{"__type":"$$EventMessageConfirm","confirm":"59b828e1-b6bf-4c40-b1f6-f3d7804919d3","ts":"2026-04-04T17:07:51.066-04:00","source":{"id":"0","name":"eventBus"}}
{"__type":"$$EventMessageNode","id":"b0ee731a-7bcf-4de6-8bac-fee5db962050","ts":"2026-04-04T17:07:51.066-04:00","eventName":"n8n.node.finished","message":"n8n.node.finished","payload":{"workflowId":"YIYJI8ZkPUi59kQQ","workflowName":"My workflow","executionId":"31","nodeType":"n8n-nodes-base.webhook","nodeName":"Webhook","nodeId":"209ba0bd-158f-46b3-92d3-3e67fbfaeb46"}}
{"__type":"$$EventMessageConfirm","confirm":"b0ee731a-7bcf-4de6-8bac-fee5db962050","ts":"2026-04-04T17:07:51.066-04:00","source":{"id":"0","name":"eventBus"}}
{"__type":"$$EventMessageNode","id":"7e1551ae-90cb-480e-bd3a-126b4ce1d523","ts":"2026-04-04T17:07:51.066-04:00","eventName":"n8n.node.started","message":"n8n.node.started","payload":{"workflowId":"YIYJI8ZkPUi59kQQ","workflowName":"My workflow","executionId":"31","nodeType":"@n8n/n8n-nodes-langchain.agent","nodeName":"AI Agent","nodeId":"9a07d0c0-fee7-4cf3-bf7c-e89cbd9d96c9"}}
{"__type":"$$EventMessageConfirm","confirm":"7e1551ae-90cb-480e-bd3a-126b4ce1d523","ts":"2026-04-04T17:07:51.066-04:00","source":{"id":"0","name":"eventBus"}}
{"__type":"$$EventMessageNode","id":"96dcc047-276f-4ff2-989c-28de7b9966b2","ts":"2026-04-04T17:07:51.099-04:00","eventName":"n8n.node.started","message":"n8n.node.started","payload":{"workflowId":"YIYJI8ZkPUi59kQQ","workflowName":"My workflow","executionId":"31","nodeType":"@n8n/n8n-nodes-langchain.memoryMongoDbChat","nodeName":"MongoDB Chat Memory","nodeId":"754b91b0-51fa-4134-b475-fabea68a7ceb"}}
{"__type":"$$EventMessageConfirm","confirm":"96dcc047-276f-4ff2-989c-28de7b9966b2","ts":"2026-04-04T17:07:51.099-04:00","source":{"id":"0","name":"eventBus"}}
{"__type":"$$EventMessageNode","id":"faf1043b-e890-4f0c-8fb2-cba486b6ecd8","ts":"2026-04-04T17:07:51.104-04:00","eventName":"n8n.node.finished","message":"n8n.node.finished","payload":{"workflowId":"YIYJI8ZkPUi59kQQ","workflowName":"My workflow","executionId":"31","nodeType":"@n8n/n8n-nodes-langchain.memoryMongoDbChat","nodeName":"MongoDB Chat Memory","nodeId":"754b91b0-51fa-4134-b475-fabea68a7ceb"}}
{"__type":"$$EventMessageConfirm","confirm":"faf1043b-e890-4f0c-8fb2-cba486b6ecd8","ts":"2026-04-04T17:07:51.104-04:00","source":{"id":"0","name":"eventBus"}}
{"__type":"$$EventMessageNode","id":"2f131de6-58cf-4620-8112-b3a830a21a4e","ts":"2026-04-04T17:07:51.114-04:00","eventName":"n8n.node.started","message":"n8n.node.started","payload":{"workflowId":"YIYJI8ZkPUi59kQQ","workflowName":"My workflow","executionId":"31","nodeType":"@n8n/n8n-nodes-langchain.lmChatGoogleGemini","nodeName":"Google Gemini Chat Model","nodeId":"cc97ad8b-5a79-4373-a561-d36a9275785e"}}
{"__type":"$$EventMessageConfirm","confirm":"2f131de6-58cf-4620-8112-b3a830a21a4e","ts":"2026-04-04T17:07:51.114-04:00","source":{"id":"0","name":"eventBus"}}
{"__type":"$$EventMessageNode","id":"2730adb7-ad91-43e8-9689-585b142f79a2","ts":"2026-04-04T17:07:53.060-04:00","eventName":"n8n.node.finished","message":"n8n.node.finished","payload":{"workflowId":"YIYJI8ZkPUi59kQQ","workflowName":"My workflow","executionId":"31","nodeType":"@n8n/n8n-nodes-langchain.lmChatGoogleGemini","nodeName":"Google Gemini Chat Model","nodeId":"cc97ad8b-5a79-4373-a561-d36a9275785e"}}
{"__type":"$$EventMessageConfirm","confirm":"2730adb7-ad91-43e8-9689-585b142f79a2","ts":"2026-04-04T17:07:53.061-04:00","source":{"id":"0","name":"eventBus"}}
{"__type":"$$EventMessageAiNode","id":"e181f78c-ed21-495d-83c4-fb34d6482788","ts":"2026-04-04T17:07:53.061-04:00","eventName":"n8n.ai.llm.generated","message":"n8n.ai.llm.generated","payload":{"executionId":"31","nodeName":"Google Gemini Chat Model","workflowName":"My workflow","nodeType":"@n8n/n8n-nodes-langchain.lmChatGoogleGemini","workflowId":"YIYJI8ZkPUi59kQQ","msg":"{\"messages\":[\"Human: Eres un asistente de ServiceDesk.\\n\\nTu trabajo es:\\n1. Crear tickets\\n2. Consultar tickets\\n\\nSi el usuario quiere crear un ticket, devuelve:\\n{\\n  \\\"accion\\\": \\\"crear\\\",\\n  \\\"data\\\": {\\n    \\\"solicitante\\\": \\\"...\\\",\\n    \\\"tipo_solicitud\\\": \\\"...\\\",\\n    \\\"prioridad\\\": \\\"...\\\",\\n    \\\"categoria\\\": \\\"...\\\",\\n    \\\"subcategoria\\\": \\\"...\\\",\\n    \\\"articulo\\\": \\\"...\\\",\\n    \\\"asunto\\\": \\\"...\\\",\\n    \\\"descripcion_html\\\": \\\"...\\\"\\n  }\\n}\\n\\nSi quiere consultar:\\n{\\n  \\\"accion\\\": \\\"listar\\\"\\n}\\n\\nUsuario dijo:\\nHola, qué tal?\\nAI: Hola, ¿en qué puedo ayudarte hoy? ¿Necesitas crear un ticket o consultar uno existente?\\nHuman: Eres un asistente de ServiceDesk.\\n\\nTu trabajo es:\\n1. Crear tickets\\n2. Consultar tickets\\n\\nSi el usuario quiere crear un ticket, devuelve:\\n{\\n  \\\"accion\\\": \\\"crear\\\",\\n  \\\"data\\\": {\\n    \\\"solicitante\\\": \\\"...\\\",\\n    \\\"tipo_solicitud\\\": \\\"...\\\",\\n    \\\"prioridad\\\": \\\"...\\\",\\n    \\\"categoria\\\": \\\"...\\\",\\n    \\\"subcategoria\\\": \\\"...\\\",\\n    \\\"articulo\\\": \\\"...\\\",\\n    \\\"asunto\\\": \\\"...\\\",\\n    \\\"descripcion_html\\\": \\\"...\\\"\\n  }\\n}\\n\\nSi quiere consultar:\\n{\\n  \\\"accion\\\": \\\"listar\\\"\\n}\\n\\nUsuario dijo:\\nHola\\nAI: Hola, ¿en qué puedo ayudarte hoy? ¿Necesitas crear un ticket o consultar uno existente?\\nHuman: Eres un asistente de ServiceDesk.\\n\\nTu trabajo es:\\n1. Crear tickets\\n2. Consultar tickets\\n\\nSi el usuario quiere crear un ticket, devuelve:\\n{\\n  \\\"accion\\\": \\\"crear\\\",\\n  \\\"data\\\": {\\n    \\\"solicitante\\\": \\\"...\\\",\\n    \\\"tipo_solicitud\\\": \\\"...\\\",\\n    \\\"prioridad\\\": \\\"...\\\",\\n    \\\"categoria\\\": \\\"...\\\",\\n    \\\"subcategoria\\\": \\\"...\\\",\\n    \\\"articulo\\\": \\\"...\\\",\\n    \\\"asunto\\\": \\\"...\\\",\\n    \\\"descripcion_html\\\": \\\"...\\\"\\n  }\\n}\\n\\nSi quiere consultar:\\n{\\n  \\\"accion\\\": \\\"listar\\\"\\n}\\n\\nUsuario dijo:\\nHola!\\nAI: Hola, ¿en qué puedo ayudarte hoy? ¿Necesitas crear un ticket o consultar uno existente?\\nHuman: Eres un asistente de ServiceDesk.\\n\\nTu trabajo es:\\n1. Crear tickets\\n2. Consultar tickets\\n\\nSi el usuario quiere crear un ticket, devuelve:\\n{\\n  \\\"accion\\\": \\\"crear\\\",\\n  \\\"data\\\": {\\n    \\\"solicitante\\\": \\\"...\\\",\\n    \\\"tipo_solicitud\\\": \\\"...\\\",\\n    \\\"prioridad\\\": \\\"...\\\",\\n    \\\"categoria\\\": \\\"...\\\",\\n    \\\"subcategoria\\\": \\\"...\\\",\\n    \\\"articulo\\\": \\\"...\\\",\\n    \\\"asunto\\\": \\\"...\\\",\\n    \\\"descripcion_html\\\": \\\"...\\\"\\n  }\\n}\\n\\nSi quiere consultar:\\n{\\n  \\\"accion\\\": \\\"listar\\\"\\n}\\n\\nUsuario dijo:\\nHola\\nAI: Hola, ¿en qué puedo ayudarte hoy? ¿Necesitas crear un ticket o consultar uno existente?\\nHuman: Eres un asistente de ServiceDesk.\\n\\nTu trabajo es:\\n1. Crear tickets\\n2. Consultar tickets\\n\\nSi el usuario quiere crear un ticket, devuelve:\\n{\\n  \\\"accion\\\": \\\"crear\\\",\\n  \\\"data\\\": {\\n    \\\"solicitante\\\": \\\"...\\\",\\n    \\\"tipo_solicitud\\\": \\\"...\\\",\\n    \\\"prioridad\\\": \\\"...\\\",\\n    \\\"categoria\\\": \\\"...\\\",\\n    \\\"subcategoria\\\": \\\"...\\\",\\n    \\\"articulo\\\": \\\"...\\\",\\n    \\\"asunto\\\": \\\"...\\\",\\n    \\\"descripcion_html\\\": \\\"...\\\"\\n  }\\n}\\n\\nSi quiere consultar:\\n{\\n  \\\"accion\\\": \\\"listar\\\"\\n}\\n\\nUsuario dijo:\\nHola\\nAI: Hola, ¿en qué puedo ayudarte hoy? ¿Necesitas crear un ticket o consultar uno existente?\\nHuman: Eres un asistente de ServiceDesk.\\n\\nTu trabajo es:\\n1. Crear tickets\\n2. Consultar tickets\\n\\nSi el usuario quiere crear un ticket, devuelve:\\n{\\n  \\\"accion\\\": \\\"crear\\\",\\n  \\\"data\\\": {\\n    \\\"solicitante\\\": \\\"...\\\",\\n    \\\"tipo_solicitud\\\": \\\"...\\\",\\n    \\\"prioridad\\\": \\\"...\\\",\\n    \\\"categoria\\\": \\\"...\\\",\\n    \\\"subcategoria\\\": \\\"...\\\",\\n    \\\"articulo\\\": \\\"...\\\",\\n    \\\"asunto\\\": \\\"...\\\",\\n    \\\"descripcion_html\\\": \\\"...\\\"\\n  }\\n}\\n\\nSi quiere consultar:\\n{\\n  \\\"accion\\\": \\\"listar\\\"\\n}\\n\\nUsuario dijo:\\nQué tal como va todo?\"],\"options\":{\"google_api_key\":{\"lc\":1,\"type\":\"secret\",\"id\":[\"GOOGLE_API_KEY\"]},\"base_url\":\"https://generativelanguage.googleapis.com\",\"model\":\"gemini-2.5-flash\"},\"response\":{\"response\":{\"generations\":[[{\"text\":\"Hola, ¿en qué puedo ayudarte hoy? ¿Necesitas crear un ticket o consultar uno existente?\",\"generationInfo\":{\"finishReason\":\"STOP\",\"index\":0}}]]},\"tokenUsage\":{\"completionTokens\":20,\"promptTokens\":1028,\"totalTokens\":1048}}}"}}
{"__type":"$$EventMessageConfirm","confirm":"e181f78c-ed21-495d-83c4-fb34d6482788","ts":"2026-04-04T17:07:53.061-04:00","source":{"id":"0","name":"eventBus"}}
{"__type":"$$EventMessageNode","id":"9fbf6b44-23b9-422d-b4b1-af07e58684dc","ts":"2026-04-04T17:07:53.062-04:00","eventName":"n8n.node.started","message":"n8n.node.started","payload":{"workflowId":"YIYJI8ZkPUi59kQQ","workflowName":"My workflow","executionId":"31","nodeType":"@n8n/n8n-nodes-langchain.memoryMongoDbChat","nodeName":"MongoDB Chat Memory","nodeId":"754b91b0-51fa-4134-b475-fabea68a7ceb"}}
{"__type":"$$EventMessageConfirm","confirm":"9fbf6b44-23b9-422d-b4b1-af07e58684dc","ts":"2026-04-04T17:07:53.062-04:00","source":{"id":"0","name":"eventBus"}}
{"__type":"$$EventMessageNode","id":"a625fb05-ec4e-49c1-a417-65e22f689f8a","ts":"2026-04-04T17:07:53.072-04:00","eventName":"n8n.node.finished","message":"n8n.node.finished","payload":{"workflowId":"YIYJI8ZkPUi59kQQ","workflowName":"My workflow","executionId":"31","nodeType":"@n8n/n8n-nodes-langchain.memoryMongoDbChat","nodeName":"MongoDB Chat Memory","nodeId":"754b91b0-51fa-4134-b475-fabea68a7ceb"}}
{"__type":"$$EventMessageConfirm","confirm":"a625fb05-ec4e-49c1-a417-65e22f689f8a","ts":"2026-04-04T17:07:53.072-04:00","source":{"id":"0","name":"eventBus"}}
{"__type":"$$EventMessageNode","id":"23fcafa7-ddfc-4d92-8896-7b746e38b8c7","ts":"2026-04-04T17:07:53.076-04:00","eventName":"n8n.node.finished","message":"n8n.node.finished","payload":{"workflowId":"YIYJI8ZkPUi59kQQ","workflowName":"My workflow","executionId":"31","nodeType":"@n8n/n8n-nodes-langchain.agent","nodeName":"AI Agent","nodeId":"9a07d0c0-fee7-4cf3-bf7c-e89cbd9d96c9"}}
{"__type":"$$EventMessageConfirm","confirm":"23fcafa7-ddfc-4d92-8896-7b746e38b8c7","ts":"2026-04-04T17:07:53.076-04:00","source":{"id":"0","name":"eventBus"}}
{"__type":"$$EventMessageNode","id":"a041632b-1f63-4fce-8080-c49552d57be3","ts":"2026-04-04T17:07:53.076-04:00","eventName":"n8n.node.started","message":"n8n.node.started","payload":{"workflowId":"YIYJI8ZkPUi59kQQ","workflowName":"My workflow","executionId":"31","nodeType":"n8n-nodes-base.respondToWebhook","nodeName":"Respond to Webhook","nodeId":"4299c8c6-af2f-4b17-be27-4cb1faf7742f"}}
{"__type":"$$EventMessageConfirm","confirm":"a041632b-1f63-4fce-8080-c49552d57be3","ts":"2026-04-04T17:07:53.076-04:00","source":{"id":"0","name":"eventBus"}}
{"__type":"$$EventMessageNode","id":"fcb1c3fb-03f0-4403-8f8e-fd7d73195584","ts":"2026-04-04T17:07:53.081-04:00","eventName":"n8n.node.finished","message":"n8n.node.finished","payload":{"workflowId":"YIYJI8ZkPUi59kQQ","workflowName":"My workflow","executionId":"31","nodeType":"n8n-nodes-base.respondToWebhook","nodeName":"Respond to Webhook","nodeId":"4299c8c6-af2f-4b17-be27-4cb1faf7742f"}}
{"__type":"$$EventMessageConfirm","confirm":"fcb1c3fb-03f0-4403-8f8e-fd7d73195584","ts":"2026-04-04T17:07:53.081-04:00","source":{"id":"0","name":"eventBus"}}
{"__type":"$$EventMessageWorkflow","id":"85c27dfc-dd6e-4882-b4d4-a2126577cb97","ts":"2026-04-04T17:07:53.081-04:00","eventName":"n8n.workflow.success","message":"n8n.workflow.success","payload":{"executionId":"31","success":true,"isManual":false,"mode":"webhook","workflowId":"YIYJI8ZkPUi59kQQ","workflowName":"My workflow"}}
{"__type":"$$EventMessageConfirm","confirm":"85c27dfc-dd6e-4882-b4d4-a2126577cb97","ts":"2026-04-04T17:07:53.081-04:00","source":{"id":"0","name":"eventBus"}}
{"__type":"$$EventMessageWorkflow","id":"ce1f101d-2345-4039-a222-fc6c4b82f050","ts":"2026-04-04T17:08:11.441-04:00","eventName":"n8n.workflow.started","message":"n8n.workflow.started","payload":{"executionId":"32","workflowId":"YIYJI8ZkPUi59kQQ","isManual":false,"mode":"webhook","workflowName":"My workflow"}}
{"__type":"$$EventMessageConfirm","confirm":"ce1f101d-2345-4039-a222-fc6c4b82f050","ts":"2026-04-04T17:08:11.441-04:00","source":{"id":"0","name":"eventBus"}}
{"__type":"$$EventMessageAudit","id":"2c59ca2b-ba06-4d0e-a650-a1c55fec7582","ts":"2026-04-04T17:08:11.441-04:00","eventName":"n8n.audit.workflow.executed","message":"n8n.audit.workflow.executed","payload":{"workflowId":"YIYJI8ZkPUi59kQQ","workflowName":"My workflow","executionId":"32","source":"webhook"}}
{"__type":"$$EventMessageConfirm","confirm":"2c59ca2b-ba06-4d0e-a650-a1c55fec7582","ts":"2026-04-04T17:08:11.441-04:00","source":{"id":"0","name":"eventBus"}}
{"__type":"$$EventMessageNode","id":"40773759-70bd-4685-8344-68b4408c68ee","ts":"2026-04-04T17:08:11.441-04:00","eventName":"n8n.node.started","message":"n8n.node.started","payload":{"workflowId":"YIYJI8ZkPUi59kQQ","workflowName":"My workflow","executionId":"32","nodeType":"n8n-nodes-base.webhook","nodeName":"Webhook","nodeId":"209ba0bd-158f-46b3-92d3-3e67fbfaeb46"}}
{"__type":"$$EventMessageConfirm","confirm":"40773759-70bd-4685-8344-68b4408c68ee","ts":"2026-04-04T17:08:11.441-04:00","source":{"id":"0","name":"eventBus"}}
{"__type":"$$EventMessageNode","id":"2162edc6-ae5a-41ef-96a0-683785fc73e5","ts":"2026-04-04T17:08:11.442-04:00","eventName":"n8n.node.finished","message":"n8n.node.finished","payload":{"workflowId":"YIYJI8ZkPUi59kQQ","workflowName":"My workflow","executionId":"32","nodeType":"n8n-nodes-base.webhook","nodeName":"Webhook","nodeId":"209ba0bd-158f-46b3-92d3-3e67fbfaeb46"}}
{"__type":"$$EventMessageConfirm","confirm":"2162edc6-ae5a-41ef-96a0-683785fc73e5","ts":"2026-04-04T17:08:11.442-04:00","source":{"id":"0","name":"eventBus"}}
{"__type":"$$EventMessageNode","id":"8b2094ed-d762-4ca0-a5d2-6c9387ed2500","ts":"2026-04-04T17:08:11.442-04:00","eventName":"n8n.node.started","message":"n8n.node.started","payload":{"workflowId":"YIYJI8ZkPUi59kQQ","workflowName":"My workflow","executionId":"32","nodeType":"@n8n/n8n-nodes-langchain.agent","nodeName":"AI Agent","nodeId":"9a07d0c0-fee7-4cf3-bf7c-e89cbd9d96c9"}}
{"__type":"$$EventMessageConfirm","confirm":"8b2094ed-d762-4ca0-a5d2-6c9387ed2500","ts":"2026-04-04T17:08:11.442-04:00","source":{"id":"0","name":"eventBus"}}
{"__type":"$$EventMessageNode","id":"759c043b-c7d1-495f-8022-9d5cde8aec61","ts":"2026-04-04T17:08:11.476-04:00","eventName":"n8n.node.started","message":"n8n.node.started","payload":{"workflowId":"YIYJI8ZkPUi59kQQ","workflowName":"My workflow","executionId":"32","nodeType":"@n8n/n8n-nodes-langchain.memoryMongoDbChat","nodeName":"MongoDB Chat Memory","nodeId":"754b91b0-51fa-4134-b475-fabea68a7ceb"}}
{"__type":"$$EventMessageConfirm","confirm":"759c043b-c7d1-495f-8022-9d5cde8aec61","ts":"2026-04-04T17:08:11.476-04:00","source":{"id":"0","name":"eventBus"}}
{"__type":"$$EventMessageNode","id":"ffa95869-c5b4-49b0-bfa8-1bda9acee3eb","ts":"2026-04-04T17:08:11.479-04:00","eventName":"n8n.node.finished","message":"n8n.node.finished","payload":{"workflowId":"YIYJI8ZkPUi59kQQ","workflowName":"My workflow","executionId":"32","nodeType":"@n8n/n8n-nodes-langchain.memoryMongoDbChat","nodeName":"MongoDB Chat Memory","nodeId":"754b91b0-51fa-4134-b475-fabea68a7ceb"}}
{"__type":"$$EventMessageConfirm","confirm":"ffa95869-c5b4-49b0-bfa8-1bda9acee3eb","ts":"2026-04-04T17:08:11.480-04:00","source":{"id":"0","name":"eventBus"}}
{"__type":"$$EventMessageNode","id":"70fe7102-d838-4be9-a20f-e684b6c239b9","ts":"2026-04-04T17:08:11.491-04:00","eventName":"n8n.node.started","message":"n8n.node.started","payload":{"workflowId":"YIYJI8ZkPUi59kQQ","workflowName":"My workflow","executionId":"32","nodeType":"@n8n/n8n-nodes-langchain.lmChatGoogleGemini","nodeName":"Google Gemini Chat Model","nodeId":"cc97ad8b-5a79-4373-a561-d36a9275785e"}}
{"__type":"$$EventMessageConfirm","confirm":"70fe7102-d838-4be9-a20f-e684b6c239b9","ts":"2026-04-04T17:08:11.491-04:00","source":{"id":"0","name":"eventBus"}}
{"__type":"$$EventMessageNode","id":"97031a83-3446-4431-b52a-7061efe6f779","ts":"2026-04-04T17:08:12.465-04:00","eventName":"n8n.node.finished","message":"n8n.node.finished","payload":{"workflowId":"YIYJI8ZkPUi59kQQ","workflowName":"My workflow","executionId":"32","nodeType":"@n8n/n8n-nodes-langchain.lmChatGoogleGemini","nodeName":"Google Gemini Chat Model","nodeId":"cc97ad8b-5a79-4373-a561-d36a9275785e"}}
{"__type":"$$EventMessageConfirm","confirm":"97031a83-3446-4431-b52a-7061efe6f779","ts":"2026-04-04T17:08:12.465-04:00","source":{"id":"0","name":"eventBus"}}
{"__type":"$$EventMessageAiNode","id":"6461c11e-1f51-4149-ad9e-f48050b32658","ts":"2026-04-04T17:08:12.466-04:00","eventName":"n8n.ai.llm.generated","message":"n8n.ai.llm.generated","payload":{"executionId":"32","nodeName":"Google Gemini Chat Model","workflowName":"My workflow","nodeType":"@n8n/n8n-nodes-langchain.lmChatGoogleGemini","workflowId":"YIYJI8ZkPUi59kQQ","msg":"{\"messages\":[\"Human: Eres un asistente de ServiceDesk.\\n\\nTu trabajo es:\\n1. Crear tickets\\n2. Consultar tickets\\n\\nSi el usuario quiere crear un ticket, devuelve:\\n{\\n  \\\"accion\\\": \\\"crear\\\",\\n  \\\"data\\\": {\\n    \\\"solicitante\\\": \\\"...\\\",\\n    \\\"tipo_solicitud\\\": \\\"...\\\",\\n    \\\"prioridad\\\": \\\"...\\\",\\n    \\\"categoria\\\": \\\"...\\\",\\n    \\\"subcategoria\\\": \\\"...\\\",\\n    \\\"articulo\\\": \\\"...\\\",\\n    \\\"asunto\\\": \\\"...\\\",\\n    \\\"descripcion_html\\\": \\\"...\\\"\\n  }\\n}\\n\\nSi quiere consultar:\\n{\\n  \\\"accion\\\": \\\"listar\\\"\\n}\\n\\nUsuario dijo:\\nHola\\nAI: Hola, ¿en qué puedo ayudarte hoy? ¿Necesitas crear un ticket o consultar uno existente?\\nHuman: Eres un asistente de ServiceDesk.\\n\\nTu trabajo es:\\n1. Crear tickets\\n2. Consultar tickets\\n\\nSi el usuario quiere crear un ticket, devuelve:\\n{\\n  \\\"accion\\\": \\\"crear\\\",\\n  \\\"data\\\": {\\n    \\\"solicitante\\\": \\\"...\\\",\\n    \\\"tipo_solicitud\\\": \\\"...\\\",\\n    \\\"prioridad\\\": \\\"...\\\",\\n    \\\"categoria\\\": \\\"...\\\",\\n    \\\"subcategoria\\\": \\\"...\\\",\\n    \\\"articulo\\\": \\\"...\\\",\\n    \\\"asunto\\\": \\\"...\\\",\\n    \\\"descripcion_html\\\": \\\"...\\\"\\n  }\\n}\\n\\nSi quiere consultar:\\n{\\n  \\\"accion\\\": \\\"listar\\\"\\n}\\n\\nUsuario dijo:\\nHola!\\nAI: Hola, ¿en qué puedo ayudarte hoy? ¿Necesitas crear un ticket o consultar uno existente?\\nHuman: Eres un asistente de ServiceDesk.\\n\\nTu trabajo es:\\n1. Crear tickets\\n2. Consultar tickets\\n\\nSi el usuario quiere crear un ticket, devuelve:\\n{\\n  \\\"accion\\\": \\\"crear\\\",\\n  \\\"data\\\": {\\n    \\\"solicitante\\\": \\\"...\\\",\\n    \\\"tipo_solicitud\\\": \\\"...\\\",\\n    \\\"prioridad\\\": \\\"...\\\",\\n    \\\"categoria\\\": \\\"...\\\",\\n    \\\"subcategoria\\\": \\\"...\\\",\\n    \\\"articulo\\\": \\\"...\\\",\\n    \\\"asunto\\\": \\\"...\\\",\\n    \\\"descripcion_html\\\": \\\"...\\\"\\n  }\\n}\\n\\nSi quiere consultar:\\n{\\n  \\\"accion\\\": \\\"listar\\\"\\n}\\n\\nUsuario dijo:\\nHola\\nAI: Hola, ¿en qué puedo ayudarte hoy? ¿Necesitas crear un ticket o consultar uno existente?\\nHuman: Eres un asistente de ServiceDesk.\\n\\nTu trabajo es:\\n1. Crear tickets\\n2. Consultar tickets\\n\\nSi el usuario quiere crear un ticket, devuelve:\\n{\\n  \\\"accion\\\": \\\"crear\\\",\\n  \\\"data\\\": {\\n    \\\"solicitante\\\": \\\"...\\\",\\n    \\\"tipo_solicitud\\\": \\\"...\\\",\\n    \\\"prioridad\\\": \\\"...\\\",\\n    \\\"categoria\\\": \\\"...\\\",\\n    \\\"subcategoria\\\": \\\"...\\\",\\n    \\\"articulo\\\": \\\"...\\\",\\n    \\\"asunto\\\": \\\"...\\\",\\n    \\\"descripcion_html\\\": \\\"...\\\"\\n  }\\n}\\n\\nSi quiere consultar:\\n{\\n  \\\"accion\\\": \\\"listar\\\"\\n}\\n\\nUsuario dijo:\\nHola\\nAI: Hola, ¿en qué puedo ayudarte hoy? ¿Necesitas crear un ticket o consultar uno existente?\\nHuman: Eres un asistente de ServiceDesk.\\n\\nTu trabajo es:\\n1. Crear tickets\\n2. Consultar tickets\\n\\nSi el usuario quiere crear un ticket, devuelve:\\n{\\n  \\\"accion\\\": \\\"crear\\\",\\n  \\\"data\\\": {\\n    \\\"solicitante\\\": \\\"...\\\",\\n    \\\"tipo_solicitud\\\": \\\"...\\\",\\n    \\\"prioridad\\\": \\\"...\\\",\\n    \\\"categoria\\\": \\\"...\\\",\\n    \\\"subcategoria\\\": \\\"...\\\",\\n    \\\"articulo\\\": \\\"...\\\",\\n    \\\"asunto\\\": \\\"...\\\",\\n    \\\"descripcion_html\\\": \\\"...\\\"\\n  }\\n}\\n\\nSi quiere consultar:\\n{\\n  \\\"accion\\\": \\\"listar\\\"\\n}\\n\\nUsuario dijo:\\nQué tal como va todo?\\nAI: Hola, ¿en qué puedo ayudarte hoy? ¿Necesitas crear un ticket o consultar uno existente?\\nHuman: Eres un asistente de ServiceDesk.\\n\\nTu trabajo es:\\n1. Crear tickets\\n2. Consultar tickets\\n\\nSi el usuario quiere crear un ticket, devuelve:\\n{\\n  \\\"accion\\\": \\\"crear\\\",\\n  \\\"data\\\": {\\n    \\\"solicitante\\\": \\\"...\\\",\\n    \\\"tipo_solicitud\\\": \\\"...\\\",\\n    \\\"prioridad\\\": \\\"...\\\",\\n    \\\"categoria\\\": \\\"...\\\",\\n    \\\"subcategoria\\\": \\\"...\\\",\\n    \\\"articulo\\\": \\\"...\\\",\\n    \\\"asunto\\\": \\\"...\\\",\\n    \\\"descripcion_html\\\": \\\"...\\\"\\n  }\\n}\\n\\nSi quiere consultar:\\n{\\n  \\\"accion\\\": \\\"listar\\\"\\n}\\n\\nUsuario dijo:\\nEstoy haciendo pruebas contigo, respondeme otra cosa por favor, lo que sea\"],\"options\":{\"google_api_key\":{\"lc\":1,\"type\":\"secret\",\"id\":[\"GOOGLE_API_KEY\"]},\"base_url\":\"https://generativelanguage.googleapis.com\",\"model\":\"gemini-2.5-flash\"},\"response\":{\"response\":{\"generations\":[[{\"text\":\"Entiendo. Estoy aquí para ayudarte con la creación o consulta de tickets. Si en algún momento necesitas asistencia con eso, házmelo saber. De lo contrario, ¿hay algo más en lo que pueda ayudarte fuera de esas dos funciones?\",\"generationInfo\":{\"finishReason\":\"STOP\",\"index\":0}}]]},\"tokenUsage\":{\"completionTokens\":48,\"promptTokens\":1038,\"totalTokens\":1086}}}"}}
{"__type":"$$EventMessageConfirm","confirm":"6461c11e-1f51-4149-ad9e-f48050b32658","ts":"2026-04-04T17:08:12.466-04:00","source":{"id":"0","name":"eventBus"}}
{"__type":"$$EventMessageNode","id":"ec320eb1-1c96-49f6-8d94-54ee2b442305","ts":"2026-04-04T17:08:12.467-04:00","eventName":"n8n.node.started","message":"n8n.node.started","payload":{"workflowId":"YIYJI8ZkPUi59kQQ","workflowName":"My workflow","executionId":"32","nodeType":"@n8n/n8n-nodes-langchain.memoryMongoDbChat","nodeName":"MongoDB Chat Memory","nodeId":"754b91b0-51fa-4134-b475-fabea68a7ceb"}}
{"__type":"$$EventMessageConfirm","confirm":"ec320eb1-1c96-49f6-8d94-54ee2b442305","ts":"2026-04-04T17:08:12.467-04:00","source":{"id":"0","name":"eventBus"}}
{"__type":"$$EventMessageNode","id":"c26dc6a3-df9f-40be-a3a5-43240f212696","ts":"2026-04-04T17:08:12.476-04:00","eventName":"n8n.node.finished","message":"n8n.node.finished","payload":{"workflowId":"YIYJI8ZkPUi59kQQ","workflowName":"My workflow","executionId":"32","nodeType":"@n8n/n8n-nodes-langchain.memoryMongoDbChat","nodeName":"MongoDB Chat Memory","nodeId":"754b91b0-51fa-4134-b475-fabea68a7ceb"}}
{"__type":"$$EventMessageConfirm","confirm":"c26dc6a3-df9f-40be-a3a5-43240f212696","ts":"2026-04-04T17:08:12.477-04:00","source":{"id":"0","name":"eventBus"}}
{"__type":"$$EventMessageNode","id":"77f94caa-8ebf-4bb1-8778-e8ee9d9e74bf","ts":"2026-04-04T17:08:12.481-04:00","eventName":"n8n.node.finished","message":"n8n.node.finished","payload":{"workflowId":"YIYJI8ZkPUi59kQQ","workflowName":"My workflow","executionId":"32","nodeType":"@n8n/n8n-nodes-langchain.agent","nodeName":"AI Agent","nodeId":"9a07d0c0-fee7-4cf3-bf7c-e89cbd9d96c9"}}
{"__type":"$$EventMessageConfirm","confirm":"77f94caa-8ebf-4bb1-8778-e8ee9d9e74bf","ts":"2026-04-04T17:08:12.481-04:00","source":{"id":"0","name":"eventBus"}}
{"__type":"$$EventMessageNode","id":"039f3442-da02-4b44-af3d-14b748e55829","ts":"2026-04-04T17:08:12.481-04:00","eventName":"n8n.node.started","message":"n8n.node.started","payload":{"workflowId":"YIYJI8ZkPUi59kQQ","workflowName":"My workflow","executionId":"32","nodeType":"n8n-nodes-base.respondToWebhook","nodeName":"Respond to Webhook","nodeId":"4299c8c6-af2f-4b17-be27-4cb1faf7742f"}}
{"__type":"$$EventMessageConfirm","confirm":"039f3442-da02-4b44-af3d-14b748e55829","ts":"2026-04-04T17:08:12.481-04:00","source":{"id":"0","name":"eventBus"}}
{"__type":"$$EventMessageNode","id":"13a91645-5073-419b-b24c-8cb2560454aa","ts":"2026-04-04T17:08:12.484-04:00","eventName":"n8n.node.finished","message":"n8n.node.finished","payload":{"workflowId":"YIYJI8ZkPUi59kQQ","workflowName":"My workflow","executionId":"32","nodeType":"n8n-nodes-base.respondToWebhook","nodeName":"Respond to Webhook","nodeId":"4299c8c6-af2f-4b17-be27-4cb1faf7742f"}}
{"__type":"$$EventMessageConfirm","confirm":"13a91645-5073-419b-b24c-8cb2560454aa","ts":"2026-04-04T17:08:12.484-04:00","source":{"id":"0","name":"eventBus"}}
{"__type":"$$EventMessageWorkflow","id":"e15bc992-a41d-4aef-9a30-96f9f221c5d0","ts":"2026-04-04T17:08:12.484-04:00","eventName":"n8n.workflow.success","message":"n8n.workflow.success","payload":{"executionId":"32","success":true,"isManual":false,"mode":"webhook","workflowId":"YIYJI8ZkPUi59kQQ","workflowName":"My workflow"}}
{"__type":"$$EventMessageConfirm","confirm":"e15bc992-a41d-4aef-9a30-96f9f221c5d0","ts":"2026-04-04T17:08:12.484-04:00","source":{"id":"0","name":"eventBus"}}
{"__type":"$$EventMessageWorkflow","id":"1303bb60-a4c5-4764-974c-48d10cad1682","ts":"2026-04-04T17:10:38.026-04:00","eventName":"n8n.workflow.started","message":"n8n.workflow.started","payload":{"executionId":"33","workflowId":"YIYJI8ZkPUi59kQQ","isManual":false,"mode":"webhook","workflowName":"My workflow"}}
{"__type":"$$EventMessageConfirm","confirm":"1303bb60-a4c5-4764-974c-48d10cad1682","ts":"2026-04-04T17:10:38.026-04:00","source":{"id":"0","name":"eventBus"}}
{"__type":"$$EventMessageAudit","id":"c3fc273f-62e9-442b-a33e-a3b525102404","ts":"2026-04-04T17:10:38.026-04:00","eventName":"n8n.audit.workflow.executed","message":"n8n.audit.workflow.executed","payload":{"workflowId":"YIYJI8ZkPUi59kQQ","workflowName":"My workflow","executionId":"33","source":"webhook"}}
{"__type":"$$EventMessageConfirm","confirm":"c3fc273f-62e9-442b-a33e-a3b525102404","ts":"2026-04-04T17:10:38.026-04:00","source":{"id":"0","name":"eventBus"}}
{"__type":"$$EventMessageNode","id":"7d831bc8-5068-4e77-bfb2-aad81996d892","ts":"2026-04-04T17:10:38.026-04:00","eventName":"n8n.node.started","message":"n8n.node.started","payload":{"workflowId":"YIYJI8ZkPUi59kQQ","workflowName":"My workflow","executionId":"33","nodeType":"n8n-nodes-base.webhook","nodeName":"Webhook","nodeId":"209ba0bd-158f-46b3-92d3-3e67fbfaeb46"}}
{"__type":"$$EventMessageConfirm","confirm":"7d831bc8-5068-4e77-bfb2-aad81996d892","ts":"2026-04-04T17:10:38.026-04:00","source":{"id":"0","name":"eventBus"}}
{"__type":"$$EventMessageNode","id":"953840ba-2219-4279-bc89-4388d7999e47","ts":"2026-04-04T17:10:38.027-04:00","eventName":"n8n.node.finished","message":"n8n.node.finished","payload":{"workflowId":"YIYJI8ZkPUi59kQQ","workflowName":"My workflow","executionId":"33","nodeType":"n8n-nodes-base.webhook","nodeName":"Webhook","nodeId":"209ba0bd-158f-46b3-92d3-3e67fbfaeb46"}}
{"__type":"$$EventMessageConfirm","confirm":"953840ba-2219-4279-bc89-4388d7999e47","ts":"2026-04-04T17:10:38.027-04:00","source":{"id":"0","name":"eventBus"}}
{"__type":"$$EventMessageNode","id":"cb28f8f0-7f1a-4ee4-96eb-75c452258027","ts":"2026-04-04T17:10:38.027-04:00","eventName":"n8n.node.started","message":"n8n.node.started","payload":{"workflowId":"YIYJI8ZkPUi59kQQ","workflowName":"My workflow","executionId":"33","nodeType":"@n8n/n8n-nodes-langchain.agent","nodeName":"AI Agent","nodeId":"9a07d0c0-fee7-4cf3-bf7c-e89cbd9d96c9"}}
{"__type":"$$EventMessageConfirm","confirm":"cb28f8f0-7f1a-4ee4-96eb-75c452258027","ts":"2026-04-04T17:10:38.027-04:00","source":{"id":"0","name":"eventBus"}}
{"__type":"$$EventMessageNode","id":"e3032e62-6c56-4563-b6d2-efbca335a291","ts":"2026-04-04T17:10:38.067-04:00","eventName":"n8n.node.started","message":"n8n.node.started","payload":{"workflowId":"YIYJI8ZkPUi59kQQ","workflowName":"My workflow","executionId":"33","nodeType":"@n8n/n8n-nodes-langchain.memoryMongoDbChat","nodeName":"MongoDB Chat Memory","nodeId":"754b91b0-51fa-4134-b475-fabea68a7ceb"}}
{"__type":"$$EventMessageConfirm","confirm":"e3032e62-6c56-4563-b6d2-efbca335a291","ts":"2026-04-04T17:10:38.068-04:00","source":{"id":"0","name":"eventBus"}}
{"__type":"$$EventMessageNode","id":"93111540-a6b1-4d70-971e-5b946387b209","ts":"2026-04-04T17:10:38.072-04:00","eventName":"n8n.node.finished","message":"n8n.node.finished","payload":{"workflowId":"YIYJI8ZkPUi59kQQ","workflowName":"My workflow","executionId":"33","nodeType":"@n8n/n8n-nodes-langchain.memoryMongoDbChat","nodeName":"MongoDB Chat Memory","nodeId":"754b91b0-51fa-4134-b475-fabea68a7ceb"}}
{"__type":"$$EventMessageConfirm","confirm":"93111540-a6b1-4d70-971e-5b946387b209","ts":"2026-04-04T17:10:38.072-04:00","source":{"id":"0","name":"eventBus"}}
{"__type":"$$EventMessageNode","id":"aef0b683-75c9-412d-8bc0-34384fa4edb6","ts":"2026-04-04T17:10:38.087-04:00","eventName":"n8n.node.started","message":"n8n.node.started","payload":{"workflowId":"YIYJI8ZkPUi59kQQ","workflowName":"My workflow","executionId":"33","nodeType":"@n8n/n8n-nodes-langchain.lmChatGoogleGemini","nodeName":"Google Gemini Chat Model","nodeId":"cc97ad8b-5a79-4373-a561-d36a9275785e"}}
{"__type":"$$EventMessageConfirm","confirm":"aef0b683-75c9-412d-8bc0-34384fa4edb6","ts":"2026-04-04T17:10:38.087-04:00","source":{"id":"0","name":"eventBus"}}
{"__type":"$$EventMessageNode","id":"2d2b5cb4-897e-4246-a8e2-6e881946a6d8","ts":"2026-04-04T17:10:41.787-04:00","eventName":"n8n.node.finished","message":"n8n.node.finished","payload":{"workflowId":"YIYJI8ZkPUi59kQQ","workflowName":"My workflow","executionId":"33","nodeType":"@n8n/n8n-nodes-langchain.lmChatGoogleGemini","nodeName":"Google Gemini Chat Model","nodeId":"cc97ad8b-5a79-4373-a561-d36a9275785e"}}
{"__type":"$$EventMessageConfirm","confirm":"2d2b5cb4-897e-4246-a8e2-6e881946a6d8","ts":"2026-04-04T17:10:41.787-04:00","source":{"id":"0","name":"eventBus"}}
{"__type":"$$EventMessageAiNode","id":"40c21f21-04df-4a05-8343-3c7aa0b5e7ec","ts":"2026-04-04T17:10:41.787-04:00","eventName":"n8n.ai.llm.generated","message":"n8n.ai.llm.generated","payload":{"executionId":"33","nodeName":"Google Gemini Chat Model","workflowName":"My workflow","nodeType":"@n8n/n8n-nodes-langchain.lmChatGoogleGemini","workflowId":"YIYJI8ZkPUi59kQQ","msg":"{\"messages\":[\"Human: Eres un asistente de ServiceDesk.\\n\\nTu trabajo es:\\n1. Crear tickets\\n2. Consultar tickets\\n\\nSi el usuario quiere crear un ticket, devuelve:\\n{\\n  \\\"accion\\\": \\\"crear\\\",\\n  \\\"data\\\": {\\n    \\\"solicitante\\\": \\\"...\\\",\\n    \\\"tipo_solicitud\\\": \\\"...\\\",\\n    \\\"prioridad\\\": \\\"...\\\",\\n    \\\"categoria\\\": \\\"...\\\",\\n    \\\"subcategoria\\\": \\\"...\\\",\\n    \\\"articulo\\\": \\\"...\\\",\\n    \\\"asunto\\\": \\\"...\\\",\\n    \\\"descripcion_html\\\": \\\"...\\\"\\n  }\\n}\\n\\nSi quiere consultar:\\n{\\n  \\\"accion\\\": \\\"listar\\\"\\n}\\n\\nUsuario dijo:\\nHola!\\nAI: Hola, ¿en qué puedo ayudarte hoy? ¿Necesitas crear un ticket o consultar uno existente?\\nHuman: Eres un asistente de ServiceDesk.\\n\\nTu trabajo es:\\n1. Crear tickets\\n2. Consultar tickets\\n\\nSi el usuario quiere crear un ticket, devuelve:\\n{\\n  \\\"accion\\\": \\\"crear\\\",\\n  \\\"data\\\": {\\n    \\\"solicitante\\\": \\\"...\\\",\\n    \\\"tipo_solicitud\\\": \\\"...\\\",\\n    \\\"prioridad\\\": \\\"...\\\",\\n    \\\"categoria\\\": \\\"...\\\",\\n    \\\"subcategoria\\\": \\\"...\\\",\\n    \\\"articulo\\\": \\\"...\\\",\\n    \\\"asunto\\\": \\\"...\\\",\\n    \\\"descripcion_html\\\": \\\"...\\\"\\n  }\\n}\\n\\nSi quiere consultar:\\n{\\n  \\\"accion\\\": \\\"listar\\\"\\n}\\n\\nUsuario dijo:\\nHola\\nAI: Hola, ¿en qué puedo ayudarte hoy? ¿Necesitas crear un ticket o consultar uno existente?\\nHuman: Eres un asistente de ServiceDesk.\\n\\nTu trabajo es:\\n1. Crear tickets\\n2. Consultar tickets\\n\\nSi el usuario quiere crear un ticket, devuelve:\\n{\\n  \\\"accion\\\": \\\"crear\\\",\\n  \\\"data\\\": {\\n    \\\"solicitante\\\": \\\"...\\\",\\n    \\\"tipo_solicitud\\\": \\\"...\\\",\\n    \\\"prioridad\\\": \\\"...\\\",\\n    \\\"categoria\\\": \\\"...\\\",\\n    \\\"subcategoria\\\": \\\"...\\\",\\n    \\\"articulo\\\": \\\"...\\\",\\n    \\\"asunto\\\": \\\"...\\\",\\n    \\\"descripcion_html\\\": \\\"...\\\"\\n  }\\n}\\n\\nSi quiere consultar:\\n{\\n  \\\"accion\\\": \\\"listar\\\"\\n}\\n\\nUsuario dijo:\\nHola\\nAI: Hola, ¿en qué puedo ayudarte hoy? ¿Necesitas crear un ticket o consultar uno existente?\\nHuman: Eres un asistente de ServiceDesk.\\n\\nTu trabajo es:\\n1. Crear tickets\\n2. Consultar tickets\\n\\nSi el usuario quiere crear un ticket, devuelve:\\n{\\n  \\\"accion\\\": \\\"crear\\\",\\n  \\\"data\\\": {\\n    \\\"solicitante\\\": \\\"...\\\",\\n    \\\"tipo_solicitud\\\": \\\"...\\\",\\n    \\\"prioridad\\\": \\\"...\\\",\\n    \\\"categoria\\\": \\\"...\\\",\\n    \\\"subcategoria\\\": \\\"...\\\",\\n    \\\"articulo\\\": \\\"...\\\",\\n    \\\"asunto\\\": \\\"...\\\",\\n    \\\"descripcion_html\\\": \\\"...\\\"\\n  }\\n}\\n\\nSi quiere consultar:\\n{\\n  \\\"accion\\\": \\\"listar\\\"\\n}\\n\\nUsuario dijo:\\nQué tal como va todo?\\nAI: Hola, ¿en qué puedo ayudarte hoy? ¿Necesitas crear un ticket o consultar uno existente?\\nHuman: Eres un asistente de ServiceDesk.\\n\\nTu trabajo es:\\n1. Crear tickets\\n2. Consultar tickets\\n\\nSi el usuario quiere crear un ticket, devuelve:\\n{\\n  \\\"accion\\\": \\\"crear\\\",\\n  \\\"data\\\": {\\n    \\\"solicitante\\\": \\\"...\\\",\\n    \\\"tipo_solicitud\\\": \\\"...\\\",\\n    \\\"prioridad\\\": \\\"...\\\",\\n    \\\"categoria\\\": \\\"...\\\",\\n    \\\"subcategoria\\\": \\\"...\\\",\\n    \\\"articulo\\\": \\\"...\\\",\\n    \\\"asunto\\\": \\\"...\\\",\\n    \\\"descripcion_html\\\": \\\"...\\\"\\n  }\\n}\\n\\nSi quiere consultar:\\n{\\n  \\\"accion\\\": \\\"listar\\\"\\n}\\n\\nUsuario dijo:\\nEstoy haciendo pruebas contigo, respondeme otra cosa por favor, lo que sea\\nAI: Entiendo. Estoy aquí para ayudarte con la creación o consulta de tickets. Si en algún momento necesitas asistencia con eso, házmelo saber. De lo contrario, ¿hay algo más en lo que pueda ayudarte fuera de esas dos funciones?\\nHuman: Eres un asistente de ServiceDesk.\\n\\nTu trabajo es:\\n1. Crear tickets\\n2. Consultar tickets\\n\\nSi el usuario quiere crear un ticket, devuelve:\\n{\\n  \\\"accion\\\": \\\"crear\\\",\\n  \\\"data\\\": {\\n    \\\"solicitante\\\": \\\"...\\\",\\n    \\\"tipo_solicitud\\\": \\\"...\\\",\\n    \\\"prioridad\\\": \\\"...\\\",\\n    \\\"categoria\\\": \\\"...\\\",\\n    \\\"subcategoria\\\": \\\"...\\\",\\n    \\\"articulo\\\": \\\"...\\\",\\n    \\\"asunto\\\": \\\"...\\\",\\n    \\\"descripcion_html\\\": \\\"...\\\"\\n  }\\n}\\n\\nSi quiere consultar:\\n{\\n  \\\"accion\\\": \\\"listar\\\"\\n}\\n\\nUsuario dijo:\\nNo puedo acceder a la aplicación de WhatsApp desde mi celular, me sale error al iniciar sesión. Por favor crea un ticket de incidencia con prioridad media.\"],\"options\":{\"google_api_key\":{\"lc\":1,\"type\":\"secret\",\"id\":[\"GOOGLE_API_KEY\"]},\"base_url\":\"https://generativelanguage.googleapis.com\",\"model\":\"gemini-2.5-flash\"},\"response\":{\"response\":{\"generations\":[[{\"text\":\"```json\\n{\\n  \\\"accion\\\": \\\"crear\\\",\\n  \\\"data\\\": {\\n    \\\"solicitante\\\": \\\"...\\\",\\n    \\\"tipo_solicitud\\\": \\\"incidencia\\\",\\n    \\\"prioridad\\\": \\\"media\\\",\\n    \\\"categoria\\\": \\\"...\\\",\\n    \\\"subcategoria\\\": \\\"...\\\",\\n    \\\"articulo\\\": \\\"...\\\",\\n    \\\"asunto\\\": \\\"No puedo acceder a la aplicación de WhatsApp desde mi celular, me sale error al iniciar sesión\\\",\\n    \\\"descripcion_html\\\": \\\"No puedo acceder a la aplicación de WhatsApp desde mi celular, me sale error al iniciar sesión.\\\"\\n  }\\n}\\n```\",\"generationInfo\":{\"finishReason\":\"STOP\",\"index\":0}}]]},\"tokenUsage\":{\"completionTokens\":133,\"promptTokens\":1095,\"totalTokens\":1228}}}"}}
{"__type":"$$EventMessageConfirm","confirm":"40c21f21-04df-4a05-8343-3c7aa0b5e7ec","ts":"2026-04-04T17:10:41.787-04:00","source":{"id":"0","name":"eventBus"}}
{"__type":"$$EventMessageNode","id":"f9cd9a07-dd6c-438d-bab7-95d4a0c902a4","ts":"2026-04-04T17:10:41.790-04:00","eventName":"n8n.node.started","message":"n8n.node.started","payload":{"workflowId":"YIYJI8ZkPUi59kQQ","workflowName":"My workflow","executionId":"33","nodeType":"@n8n/n8n-nodes-langchain.memoryMongoDbChat","nodeName":"MongoDB Chat Memory","nodeId":"754b91b0-51fa-4134-b475-fabea68a7ceb"}}
{"__type":"$$EventMessageConfirm","confirm":"f9cd9a07-dd6c-438d-bab7-95d4a0c902a4","ts":"2026-04-04T17:10:41.791-04:00","source":{"id":"0","name":"eventBus"}}
{"__type":"$$EventMessageNode","id":"6b88ac1e-6b4e-438a-82f7-fa5412d14fb8","ts":"2026-04-04T17:10:41.799-04:00","eventName":"n8n.node.finished","message":"n8n.node.finished","payload":{"workflowId":"YIYJI8ZkPUi59kQQ","workflowName":"My workflow","executionId":"33","nodeType":"@n8n/n8n-nodes-langchain.memoryMongoDbChat","nodeName":"MongoDB Chat Memory","nodeId":"754b91b0-51fa-4134-b475-fabea68a7ceb"}}
{"__type":"$$EventMessageConfirm","confirm":"6b88ac1e-6b4e-438a-82f7-fa5412d14fb8","ts":"2026-04-04T17:10:41.799-04:00","source":{"id":"0","name":"eventBus"}}
{"__type":"$$EventMessageNode","id":"a543f456-54e6-4f05-96e3-dd23a0557fbe","ts":"2026-04-04T17:10:41.803-04:00","eventName":"n8n.node.finished","message":"n8n.node.finished","payload":{"workflowId":"YIYJI8ZkPUi59kQQ","workflowName":"My workflow","executionId":"33","nodeType":"@n8n/n8n-nodes-langchain.agent","nodeName":"AI Agent","nodeId":"9a07d0c0-fee7-4cf3-bf7c-e89cbd9d96c9"}}
{"__type":"$$EventMessageConfirm","confirm":"a543f456-54e6-4f05-96e3-dd23a0557fbe","ts":"2026-04-04T17:10:41.803-04:00","source":{"id":"0","name":"eventBus"}}
{"__type":"$$EventMessageNode","id":"80bd66d8-540a-42d8-b21b-89124e2c7c9e","ts":"2026-04-04T17:10:41.803-04:00","eventName":"n8n.node.started","message":"n8n.node.started","payload":{"workflowId":"YIYJI8ZkPUi59kQQ","workflowName":"My workflow","executionId":"33","nodeType":"n8n-nodes-base.respondToWebhook","nodeName":"Respond to Webhook","nodeId":"4299c8c6-af2f-4b17-be27-4cb1faf7742f"}}
{"__type":"$$EventMessageConfirm","confirm":"80bd66d8-540a-42d8-b21b-89124e2c7c9e","ts":"2026-04-04T17:10:41.803-04:00","source":{"id":"0","name":"eventBus"}}
{"__type":"$$EventMessageNode","id":"55e7c342-bcc2-4c65-b479-17602142ae45","ts":"2026-04-04T17:10:41.806-04:00","eventName":"n8n.node.finished","message":"n8n.node.finished","payload":{"workflowId":"YIYJI8ZkPUi59kQQ","workflowName":"My workflow","executionId":"33","nodeType":"n8n-nodes-base.respondToWebhook","nodeName":"Respond to Webhook","nodeId":"4299c8c6-af2f-4b17-be27-4cb1faf7742f"}}
{"__type":"$$EventMessageConfirm","confirm":"55e7c342-bcc2-4c65-b479-17602142ae45","ts":"2026-04-04T17:10:41.806-04:00","source":{"id":"0","name":"eventBus"}}
{"__type":"$$EventMessageWorkflow","id":"c634dbc8-376d-4bda-84a1-a7ac45d13a68","ts":"2026-04-04T17:10:41.807-04:00","eventName":"n8n.workflow.failed","message":"n8n.workflow.failed","payload":{"executionId":"33","success":false,"isManual":false,"mode":"webhook","workflowId":"YIYJI8ZkPUi59kQQ","workflowName":"My workflow","lastNodeExecuted":"Respond to Webhook","errorNodeType":"n8n-nodes-base.respondToWebhook","errorMessage":"Invalid JSON in 'Response Body' field"}}
{"__type":"$$EventMessageConfirm","confirm":"c634dbc8-376d-4bda-84a1-a7ac45d13a68","ts":"2026-04-04T17:10:41.807-04:00","source":{"id":"0","name":"eventBus"}}
{"__type":"$$EventMessageAudit","id":"33c9cd9a-98b9-47aa-8d3f-14252f80f190","ts":"2026-04-04T17:13:45.519-04:00","eventName":"n8n.audit.workflow.updated","message":"n8n.audit.workflow.updated","payload":{"userId":"5dbe17fd-2bf6-4d1e-ad71-13ee612d9454","_email":"joao.basa.18@gmail.com","_firstName":"Joao","_lastName":"Basanta","globalRole":"global:owner","workflowId":"YIYJI8ZkPUi59kQQ","workflowName":"My workflow"}}
{"__type":"$$EventMessageConfirm","confirm":"33c9cd9a-98b9-47aa-8d3f-14252f80f190","ts":"2026-04-04T17:13:45.520-04:00","source":{"id":"0","name":"eventBus"}}
{"__type":"$$EventMessageAudit","id":"162352e0-0181-4c3a-a6fb-9a1ae688a45c","ts":"2026-04-04T17:13:50.393-04:00","eventName":"n8n.audit.workflow.updated","message":"n8n.audit.workflow.updated","payload":{"userId":"5dbe17fd-2bf6-4d1e-ad71-13ee612d9454","_email":"joao.basa.18@gmail.com","_firstName":"Joao","_lastName":"Basanta","globalRole":"global:owner","workflowId":"YIYJI8ZkPUi59kQQ","workflowName":"My workflow"}}
{"__type":"$$EventMessageConfirm","confirm":"162352e0-0181-4c3a-a6fb-9a1ae688a45c","ts":"2026-04-04T17:13:50.393-04:00","source":{"id":"0","name":"eventBus"}}
{"__type":"$$EventMessageAudit","id":"62ba2f6f-ba57-4399-b6ba-ac44a14e1650","ts":"2026-04-04T17:14:43.214-04:00","eventName":"n8n.audit.workflow.updated","message":"n8n.audit.workflow.updated","payload":{"userId":"5dbe17fd-2bf6-4d1e-ad71-13ee612d9454","_email":"joao.basa.18@gmail.com","_firstName":"Joao","_lastName":"Basanta","globalRole":"global:owner","workflowId":"YIYJI8ZkPUi59kQQ","workflowName":"My workflow"}}
{"__type":"$$EventMessageConfirm","confirm":"62ba2f6f-ba57-4399-b6ba-ac44a14e1650","ts":"2026-04-04T17:14:43.215-04:00","source":{"id":"0","name":"eventBus"}}
{"__type":"$$EventMessageAudit","id":"b2917e7e-8a1e-4913-b2b6-eec266d9d376","ts":"2026-04-04T17:14:47.760-04:00","eventName":"n8n.audit.workflow.deactivated","message":"n8n.audit.workflow.deactivated","payload":{"userId":"5dbe17fd-2bf6-4d1e-ad71-13ee612d9454","_email":"joao.basa.18@gmail.com","_firstName":"Joao","_lastName":"Basanta","globalRole":"global:owner","workflowId":"YIYJI8ZkPUi59kQQ","workflowName":"My workflow","deactivatedVersionId":"ef2efaaa-1ae1-4f51-818e-3292f931b6f4"}}
{"__type":"$$EventMessageConfirm","confirm":"b2917e7e-8a1e-4913-b2b6-eec266d9d376","ts":"2026-04-04T17:14:47.761-04:00","source":{"id":"0","name":"eventBus"}}
{"__type":"$$EventMessageAudit","id":"78420eb8-b4c5-465b-9b9f-d6a423075f07","ts":"2026-04-04T17:14:47.831-04:00","eventName":"n8n.audit.workflow.activated","message":"n8n.audit.workflow.activated","payload":{"userId":"5dbe17fd-2bf6-4d1e-ad71-13ee612d9454","_email":"joao.basa.18@gmail.com","_firstName":"Joao","_lastName":"Basanta","globalRole":"global:owner","workflowId":"YIYJI8ZkPUi59kQQ","workflowName":"My workflow","activeVersionId":"9177508c-e157-47bb-ba6a-52ce0665f5ed"}}
{"__type":"$$EventMessageConfirm","confirm":"78420eb8-b4c5-465b-9b9f-d6a423075f07","ts":"2026-04-04T17:14:47.832-04:00","source":{"id":"0","name":"eventBus"}}
{"__type":"$$EventMessageWorkflow","id":"b9a25666-2045-4af5-a1ec-ff2e51cbf5fa","ts":"2026-04-04T17:15:03.557-04:00","eventName":"n8n.workflow.started","message":"n8n.workflow.started","payload":{"executionId":"34","workflowId":"YIYJI8ZkPUi59kQQ","isManual":false,"mode":"webhook","workflowName":"My workflow"}}
{"__type":"$$EventMessageConfirm","confirm":"b9a25666-2045-4af5-a1ec-ff2e51cbf5fa","ts":"2026-04-04T17:15:03.557-04:00","source":{"id":"0","name":"eventBus"}}
{"__type":"$$EventMessageAudit","id":"9a2f7793-8923-4aa3-97f2-c5257b042f8f","ts":"2026-04-04T17:15:03.557-04:00","eventName":"n8n.audit.workflow.executed","message":"n8n.audit.workflow.executed","payload":{"workflowId":"YIYJI8ZkPUi59kQQ","workflowName":"My workflow","executionId":"34","source":"webhook"}}
{"__type":"$$EventMessageConfirm","confirm":"9a2f7793-8923-4aa3-97f2-c5257b042f8f","ts":"2026-04-04T17:15:03.557-04:00","source":{"id":"0","name":"eventBus"}}
{"__type":"$$EventMessageNode","id":"02720077-85fc-4090-8c0c-3a6d8b70837a","ts":"2026-04-04T17:15:03.558-04:00","eventName":"n8n.node.started","message":"n8n.node.started","payload":{"workflowId":"YIYJI8ZkPUi59kQQ","workflowName":"My workflow","executionId":"34","nodeType":"n8n-nodes-base.webhook","nodeName":"Webhook","nodeId":"209ba0bd-158f-46b3-92d3-3e67fbfaeb46"}}
{"__type":"$$EventMessageConfirm","confirm":"02720077-85fc-4090-8c0c-3a6d8b70837a","ts":"2026-04-04T17:15:03.558-04:00","source":{"id":"0","name":"eventBus"}}
{"__type":"$$EventMessageNode","id":"99c6a071-a9a4-4cf9-9fa9-ff3aba37d1c3","ts":"2026-04-04T17:15:03.558-04:00","eventName":"n8n.node.finished","message":"n8n.node.finished","payload":{"workflowId":"YIYJI8ZkPUi59kQQ","workflowName":"My workflow","executionId":"34","nodeType":"n8n-nodes-base.webhook","nodeName":"Webhook","nodeId":"209ba0bd-158f-46b3-92d3-3e67fbfaeb46"}}
{"__type":"$$EventMessageConfirm","confirm":"99c6a071-a9a4-4cf9-9fa9-ff3aba37d1c3","ts":"2026-04-04T17:15:03.558-04:00","source":{"id":"0","name":"eventBus"}}
{"__type":"$$EventMessageNode","id":"45a9b4ef-aff3-431a-b0e8-940250d45235","ts":"2026-04-04T17:15:03.558-04:00","eventName":"n8n.node.started","message":"n8n.node.started","payload":{"workflowId":"YIYJI8ZkPUi59kQQ","workflowName":"My workflow","executionId":"34","nodeType":"@n8n/n8n-nodes-langchain.agent","nodeName":"AI Agent","nodeId":"9a07d0c0-fee7-4cf3-bf7c-e89cbd9d96c9"}}
{"__type":"$$EventMessageConfirm","confirm":"45a9b4ef-aff3-431a-b0e8-940250d45235","ts":"2026-04-04T17:15:03.558-04:00","source":{"id":"0","name":"eventBus"}}
{"__type":"$$EventMessageNode","id":"e9430932-6168-45dc-bbbd-b5995e1034d0","ts":"2026-04-04T17:15:03.602-04:00","eventName":"n8n.node.started","message":"n8n.node.started","payload":{"workflowId":"YIYJI8ZkPUi59kQQ","workflowName":"My workflow","executionId":"34","nodeType":"@n8n/n8n-nodes-langchain.memoryMongoDbChat","nodeName":"MongoDB Chat Memory","nodeId":"754b91b0-51fa-4134-b475-fabea68a7ceb"}}
{"__type":"$$EventMessageConfirm","confirm":"e9430932-6168-45dc-bbbd-b5995e1034d0","ts":"2026-04-04T17:15:03.603-04:00","source":{"id":"0","name":"eventBus"}}
{"__type":"$$EventMessageNode","id":"ad19156a-fd5e-49bc-8ca3-20656e483b16","ts":"2026-04-04T17:15:03.611-04:00","eventName":"n8n.node.finished","message":"n8n.node.finished","payload":{"workflowId":"YIYJI8ZkPUi59kQQ","workflowName":"My workflow","executionId":"34","nodeType":"@n8n/n8n-nodes-langchain.memoryMongoDbChat","nodeName":"MongoDB Chat Memory","nodeId":"754b91b0-51fa-4134-b475-fabea68a7ceb"}}
{"__type":"$$EventMessageConfirm","confirm":"ad19156a-fd5e-49bc-8ca3-20656e483b16","ts":"2026-04-04T17:15:03.611-04:00","source":{"id":"0","name":"eventBus"}}
{"__type":"$$EventMessageNode","id":"a6f5b185-595e-429f-994a-595211d68446","ts":"2026-04-04T17:15:03.621-04:00","eventName":"n8n.node.started","message":"n8n.node.started","payload":{"workflowId":"YIYJI8ZkPUi59kQQ","workflowName":"My workflow","executionId":"34","nodeType":"@n8n/n8n-nodes-langchain.lmChatGoogleGemini","nodeName":"Google Gemini Chat Model","nodeId":"cc97ad8b-5a79-4373-a561-d36a9275785e"}}
{"__type":"$$EventMessageConfirm","confirm":"a6f5b185-595e-429f-994a-595211d68446","ts":"2026-04-04T17:15:03.621-04:00","source":{"id":"0","name":"eventBus"}}
{"__type":"$$EventMessageNode","id":"abf0737d-1e7a-46ec-8082-0742e3ea4a14","ts":"2026-04-04T17:15:06.660-04:00","eventName":"n8n.node.finished","message":"n8n.node.finished","payload":{"workflowId":"YIYJI8ZkPUi59kQQ","workflowName":"My workflow","executionId":"34","nodeType":"@n8n/n8n-nodes-langchain.lmChatGoogleGemini","nodeName":"Google Gemini Chat Model","nodeId":"cc97ad8b-5a79-4373-a561-d36a9275785e"}}
{"__type":"$$EventMessageConfirm","confirm":"abf0737d-1e7a-46ec-8082-0742e3ea4a14","ts":"2026-04-04T17:15:06.661-04:00","source":{"id":"0","name":"eventBus"}}
{"__type":"$$EventMessageAiNode","id":"e8bd6b13-bc43-4526-9077-7495a0d1336f","ts":"2026-04-04T17:15:06.661-04:00","eventName":"n8n.ai.llm.generated","message":"n8n.ai.llm.generated","payload":{"executionId":"34","nodeName":"Google Gemini Chat Model","workflowName":"My workflow","nodeType":"@n8n/n8n-nodes-langchain.lmChatGoogleGemini","workflowId":"YIYJI8ZkPUi59kQQ","msg":"{\"messages\":[\"Human: Eres un asistente de ServiceDesk.\\n\\nTu trabajo es:\\n1. Crear tickets\\n2. Consultar tickets\\n\\nSi el usuario quiere crear un ticket, devuelve:\\n{\\n  \\\"accion\\\": \\\"crear\\\",\\n  \\\"data\\\": {\\n    \\\"solicitante\\\": \\\"...\\\",\\n    \\\"tipo_solicitud\\\": \\\"...\\\",\\n    \\\"prioridad\\\": \\\"...\\\",\\n    \\\"categoria\\\": \\\"...\\\",\\n    \\\"subcategoria\\\": \\\"...\\\",\\n    \\\"articulo\\\": \\\"...\\\",\\n    \\\"asunto\\\": \\\"...\\\",\\n    \\\"descripcion_html\\\": \\\"...\\\"\\n  }\\n}\\n\\nSi quiere consultar:\\n{\\n  \\\"accion\\\": \\\"listar\\\"\\n}\\n\\nUsuario dijo:\\nHola\\nAI: Hola, ¿en qué puedo ayudarte hoy? ¿Necesitas crear un ticket o consultar uno existente?\\nHuman: Eres un asistente de ServiceDesk.\\n\\nTu trabajo es:\\n1. Crear tickets\\n2. Consultar tickets\\n\\nSi el usuario quiere crear un ticket, devuelve:\\n{\\n  \\\"accion\\\": \\\"crear\\\",\\n  \\\"data\\\": {\\n    \\\"solicitante\\\": \\\"...\\\",\\n    \\\"tipo_solicitud\\\": \\\"...\\\",\\n    \\\"prioridad\\\": \\\"...\\\",\\n    \\\"categoria\\\": \\\"...\\\",\\n    \\\"subcategoria\\\": \\\"...\\\",\\n    \\\"articulo\\\": \\\"...\\\",\\n    \\\"asunto\\\": \\\"...\\\",\\n    \\\"descripcion_html\\\": \\\"...\\\"\\n  }\\n}\\n\\nSi quiere consultar:\\n{\\n  \\\"accion\\\": \\\"listar\\\"\\n}\\n\\nUsuario dijo:\\nHola\\nAI: Hola, ¿en qué puedo ayudarte hoy? ¿Necesitas crear un ticket o consultar uno existente?\\nHuman: Eres un asistente de ServiceDesk.\\n\\nTu trabajo es:\\n1. Crear tickets\\n2. Consultar tickets\\n\\nSi el usuario quiere crear un ticket, devuelve:\\n{\\n  \\\"accion\\\": \\\"crear\\\",\\n  \\\"data\\\": {\\n    \\\"solicitante\\\": \\\"...\\\",\\n    \\\"tipo_solicitud\\\": \\\"...\\\",\\n    \\\"prioridad\\\": \\\"...\\\",\\n    \\\"categoria\\\": \\\"...\\\",\\n    \\\"subcategoria\\\": \\\"...\\\",\\n    \\\"articulo\\\": \\\"...\\\",\\n    \\\"asunto\\\": \\\"...\\\",\\n    \\\"descripcion_html\\\": \\\"...\\\"\\n  }\\n}\\n\\nSi quiere consultar:\\n{\\n  \\\"accion\\\": \\\"listar\\\"\\n}\\n\\nUsuario dijo:\\nQué tal como va todo?\\nAI: Hola, ¿en qué puedo ayudarte hoy? ¿Necesitas crear un ticket o consultar uno existente?\\nHuman: Eres un asistente de ServiceDesk.\\n\\nTu trabajo es:\\n1. Crear tickets\\n2. Consultar tickets\\n\\nSi el usuario quiere crear un ticket, devuelve:\\n{\\n  \\\"accion\\\": \\\"crear\\\",\\n  \\\"data\\\": {\\n    \\\"solicitante\\\": \\\"...\\\",\\n    \\\"tipo_solicitud\\\": \\\"...\\\",\\n    \\\"prioridad\\\": \\\"...\\\",\\n    \\\"categoria\\\": \\\"...\\\",\\n    \\\"subcategoria\\\": \\\"...\\\",\\n    \\\"articulo\\\": \\\"...\\\",\\n    \\\"asunto\\\": \\\"...\\\",\\n    \\\"descripcion_html\\\": \\\"...\\\"\\n  }\\n}\\n\\nSi quiere consultar:\\n{\\n  \\\"accion\\\": \\\"listar\\\"\\n}\\n\\nUsuario dijo:\\nEstoy haciendo pruebas contigo, respondeme otra cosa por favor, lo que sea\\nAI: Entiendo. Estoy aquí para ayudarte con la creación o consulta de tickets. Si en algún momento necesitas asistencia con eso, házmelo saber. De lo contrario, ¿hay algo más en lo que pueda ayudarte fuera de esas dos funciones?\\nHuman: Eres un asistente de ServiceDesk.\\n\\nTu trabajo es:\\n1. Crear tickets\\n2. Consultar tickets\\n\\nSi el usuario quiere crear un ticket, devuelve:\\n{\\n  \\\"accion\\\": \\\"crear\\\",\\n  \\\"data\\\": {\\n    \\\"solicitante\\\": \\\"...\\\",\\n    \\\"tipo_solicitud\\\": \\\"...\\\",\\n    \\\"prioridad\\\": \\\"...\\\",\\n    \\\"categoria\\\": \\\"...\\\",\\n    \\\"subcategoria\\\": \\\"...\\\",\\n    \\\"articulo\\\": \\\"...\\\",\\n    \\\"asunto\\\": \\\"...\\\",\\n    \\\"descripcion_html\\\": \\\"...\\\"\\n  }\\n}\\n\\nSi quiere consultar:\\n{\\n  \\\"accion\\\": \\\"listar\\\"\\n}\\n\\nUsuario dijo:\\nNo puedo acceder a la aplicación de WhatsApp desde mi celular, me sale error al iniciar sesión. Por favor crea un ticket de incidencia con prioridad media.\\nAI: ```json\\n{\\n  \\\"accion\\\": \\\"crear\\\",\\n  \\\"data\\\": {\\n    \\\"solicitante\\\": \\\"...\\\",\\n    \\\"tipo_solicitud\\\": \\\"incidencia\\\",\\n    \\\"prioridad\\\": \\\"media\\\",\\n    \\\"categoria\\\": \\\"...\\\",\\n    \\\"subcategoria\\\": \\\"...\\\",\\n    \\\"articulo\\\": \\\"...\\\",\\n    \\\"asunto\\\": \\\"No puedo acceder a la aplicación de WhatsApp desde mi celular, me sale error al iniciar sesión\\\",\\n    \\\"descripcion_html\\\": \\\"No puedo acceder a la aplicación de WhatsApp desde mi celular, me sale error al iniciar sesión.\\\"\\n  }\\n}\\n```\\nHuman: Eres un asistente inteligente de ServiceDesk.\\n\\nTu función principal es ayudar a los usuarios a resolver problemas relacionados con TI.\\n\\nDispones de una herramienta llamada crear_ticket que debes usar cuando el usuario reporta un problema o solicita crear un ticket.\\n\\nReglas importantes:\\n\\n- Si el usuario describe un problema (por ejemplo: no puede acceder a una aplicación, tiene errores, fallas, etc.), debes usar la herramienta crear_ticket.\\n- No devuelvas JSON manualmente.\\n- No expliques que usarás una herramienta, simplemente úsala.\\n\\nPara usar la herramienta crear_ticket, debes enviar estos campos:\\n\\n- solicitante: usa \\\"web-user\\\"\\n- tipo_solicitud: \\\"Incidencia\\\" si es un problema, o \\\"Requerimiento\\\" si es una solicitud\\n- prioridad: detecta \\\"Alta\\\", \\\"Media\\\" o \\\"Baja\\\" según el mensaje (por defecto \\\"Media\\\")\\n- categoria: \\\"Aplicaciones\\\"\\n- subcategoria: \\\"General\\\"\\n- articulo: el nombre de la aplicación o sistema (por ejemplo: WhatsApp, SAP, Outlook)\\n- asunto: un resumen corto del problema\\n- descripcion_html: una descripción clara del problema del usuario\\n\\nSi el usuario no está reportando un problema, responde normalmente como un asistente conversacional.\\n\\nDespués de crear el ticket, responde indicando que el ticket fue creado correctamente.\\n\\nUsuario dijo:\\nNo puedo acceder a la aplicación de WhatsApp desde mi celular, me sale error al iniciar sesión. Por favor crea un ticket de incidencia con prioridad media.\"],\"options\":{\"google_api_key\":{\"lc\":1,\"type\":\"secret\",\"id\":[\"GOOGLE_API_KEY\"]},\"base_url\":\"https://generativelanguage.googleapis.com\",\"model\":\"gemini-2.5-flash\"},\"response\":{\"response\":{\"generations\":[[{\"text\":\"\",\"generationInfo\":{\"finishReason\":\"STOP\",\"index\":0,\"finishMessage\":\"Model generated function call(s).\"}}]]},\"tokenUsage\":{\"completionTokens\":98,\"promptTokens\":1383,\"totalTokens\":1481}}}"}}
{"__type":"$$EventMessageConfirm","confirm":"e8bd6b13-bc43-4526-9077-7495a0d1336f","ts":"2026-04-04T17:15:06.661-04:00","source":{"id":"0","name":"eventBus"}}
{"__type":"$$EventMessageNode","id":"c92e5653-00fc-4ddc-98f3-34524e8758f6","ts":"2026-04-04T17:15:06.666-04:00","eventName":"n8n.node.started","message":"n8n.node.started","payload":{"workflowId":"YIYJI8ZkPUi59kQQ","workflowName":"My workflow","executionId":"34","nodeType":"n8n-nodes-base.httpRequestTool","nodeName":"crear_ticket","nodeId":"d652dc57-d83b-43ef-b214-991d6c64acd0"}}
{"__type":"$$EventMessageConfirm","confirm":"c92e5653-00fc-4ddc-98f3-34524e8758f6","ts":"2026-04-04T17:15:06.666-04:00","source":{"id":"0","name":"eventBus"}}
{"__type":"$$EventMessageNode","id":"ce4543f8-d8e5-41c2-9d52-f00097efc016","ts":"2026-04-04T17:15:06.741-04:00","eventName":"n8n.node.finished","message":"n8n.node.finished","payload":{"workflowId":"YIYJI8ZkPUi59kQQ","workflowName":"My workflow","executionId":"34","nodeType":"n8n-nodes-base.httpRequestTool","nodeName":"crear_ticket","nodeId":"d652dc57-d83b-43ef-b214-991d6c64acd0"}}
{"__type":"$$EventMessageConfirm","confirm":"ce4543f8-d8e5-41c2-9d52-f00097efc016","ts":"2026-04-04T17:15:06.741-04:00","source":{"id":"0","name":"eventBus"}}
{"__type":"$$EventMessageWorkflow","id":"42a34cd0-7bd6-4eb5-b517-aac2fa3329fb","ts":"2026-04-04T17:15:06.743-04:00","eventName":"n8n.workflow.failed","message":"n8n.workflow.failed","payload":{"executionId":"34","success":false,"isManual":false,"mode":"webhook","workflowId":"YIYJI8ZkPUi59kQQ","workflowName":"My workflow","lastNodeExecuted":"crear_ticket","errorMessage":"invalid syntax"}}
{"__type":"$$EventMessageConfirm","confirm":"42a34cd0-7bd6-4eb5-b517-aac2fa3329fb","ts":"2026-04-04T17:15:06.743-04:00","source":{"id":"0","name":"eventBus"}}
{"__type":"$$EventMessageAudit","id":"1f7456fb-a1bf-4eae-930f-d5bf4988f1db","ts":"2026-04-04T17:17:12.906-04:00","eventName":"n8n.audit.workflow.updated","message":"n8n.audit.workflow.updated","payload":{"userId":"5dbe17fd-2bf6-4d1e-ad71-13ee612d9454","_email":"joao.basa.18@gmail.com","_firstName":"Joao","_lastName":"Basanta","globalRole":"global:owner","workflowId":"YIYJI8ZkPUi59kQQ","workflowName":"My workflow"}}
{"__type":"$$EventMessageConfirm","confirm":"1f7456fb-a1bf-4eae-930f-d5bf4988f1db","ts":"2026-04-04T17:17:12.906-04:00","source":{"id":"0","name":"eventBus"}}
{"__type":"$$EventMessageAudit","id":"eef5f820-e669-486f-98b6-798ec8600733","ts":"2026-04-04T17:17:28.783-04:00","eventName":"n8n.audit.workflow.updated","message":"n8n.audit.workflow.updated","payload":{"userId":"5dbe17fd-2bf6-4d1e-ad71-13ee612d9454","_email":"joao.basa.18@gmail.com","_firstName":"Joao","_lastName":"Basanta","globalRole":"global:owner","workflowId":"YIYJI8ZkPUi59kQQ","workflowName":"My workflow"}}
{"__type":"$$EventMessageConfirm","confirm":"eef5f820-e669-486f-98b6-798ec8600733","ts":"2026-04-04T17:17:28.783-04:00","source":{"id":"0","name":"eventBus"}}
{"__type":"$$EventMessageAudit","id":"ce5cda07-d952-4c83-9205-3a1a062bb8ab","ts":"2026-04-04T17:17:30.519-04:00","eventName":"n8n.audit.workflow.updated","message":"n8n.audit.workflow.updated","payload":{"userId":"5dbe17fd-2bf6-4d1e-ad71-13ee612d9454","_email":"joao.basa.18@gmail.com","_firstName":"Joao","_lastName":"Basanta","globalRole":"global:owner","workflowId":"YIYJI8ZkPUi59kQQ","workflowName":"My workflow"}}
{"__type":"$$EventMessageConfirm","confirm":"ce5cda07-d952-4c83-9205-3a1a062bb8ab","ts":"2026-04-04T17:17:30.519-04:00","source":{"id":"0","name":"eventBus"}}
{"__type":"$$EventMessageAudit","id":"f95a265d-eba5-46f7-b375-fab260a0f264","ts":"2026-04-04T17:17:43.605-04:00","eventName":"n8n.audit.workflow.updated","message":"n8n.audit.workflow.updated","payload":{"userId":"5dbe17fd-2bf6-4d1e-ad71-13ee612d9454","_email":"joao.basa.18@gmail.com","_firstName":"Joao","_lastName":"Basanta","globalRole":"global:owner","workflowId":"YIYJI8ZkPUi59kQQ","workflowName":"My workflow"}}
{"__type":"$$EventMessageConfirm","confirm":"f95a265d-eba5-46f7-b375-fab260a0f264","ts":"2026-04-04T17:17:43.605-04:00","source":{"id":"0","name":"eventBus"}}
{"__type":"$$EventMessageAudit","id":"d0980d6f-af13-4607-8293-3bf2c4387aef","ts":"2026-04-04T17:17:46.641-04:00","eventName":"n8n.audit.workflow.updated","message":"n8n.audit.workflow.updated","payload":{"userId":"5dbe17fd-2bf6-4d1e-ad71-13ee612d9454","_email":"joao.basa.18@gmail.com","_firstName":"Joao","_lastName":"Basanta","globalRole":"global:owner","workflowId":"YIYJI8ZkPUi59kQQ","workflowName":"My workflow"}}
{"__type":"$$EventMessageConfirm","confirm":"d0980d6f-af13-4607-8293-3bf2c4387aef","ts":"2026-04-04T17:17:46.641-04:00","source":{"id":"0","name":"eventBus"}}
{"__type":"$$EventMessageAudit","id":"5aa16eb8-5d41-4972-8361-98f2e55884b1","ts":"2026-04-04T17:18:09.239-04:00","eventName":"n8n.audit.workflow.deactivated","message":"n8n.audit.workflow.deactivated","payload":{"userId":"5dbe17fd-2bf6-4d1e-ad71-13ee612d9454","_email":"joao.basa.18@gmail.com","_firstName":"Joao","_lastName":"Basanta","globalRole":"global:owner","workflowId":"YIYJI8ZkPUi59kQQ","workflowName":"My workflow","deactivatedVersionId":"9177508c-e157-47bb-ba6a-52ce0665f5ed"}}
{"__type":"$$EventMessageConfirm","confirm":"5aa16eb8-5d41-4972-8361-98f2e55884b1","ts":"2026-04-04T17:18:09.240-04:00","source":{"id":"0","name":"eventBus"}}
{"__type":"$$EventMessageAudit","id":"b0d8528b-d257-4bc0-a2f1-923a7a868021","ts":"2026-04-04T17:18:09.305-04:00","eventName":"n8n.audit.workflow.activated","message":"n8n.audit.workflow.activated","payload":{"userId":"5dbe17fd-2bf6-4d1e-ad71-13ee612d9454","_email":"joao.basa.18@gmail.com","_firstName":"Joao","_lastName":"Basanta","globalRole":"global:owner","workflowId":"YIYJI8ZkPUi59kQQ","workflowName":"My workflow","activeVersionId":"4ddacced-7e8c-4dbe-a79d-ff93ea479ae1"}}
{"__type":"$$EventMessageConfirm","confirm":"b0d8528b-d257-4bc0-a2f1-923a7a868021","ts":"2026-04-04T17:18:09.306-04:00","source":{"id":"0","name":"eventBus"}}
{"__type":"$$EventMessageWorkflow","id":"8144d54a-e3ab-43d6-afab-0a8a67103ee1","ts":"2026-04-04T17:18:23.833-04:00","eventName":"n8n.workflow.started","message":"n8n.workflow.started","payload":{"executionId":"35","workflowId":"YIYJI8ZkPUi59kQQ","isManual":false,"mode":"webhook","workflowName":"My workflow"}}
{"__type":"$$EventMessageConfirm","confirm":"8144d54a-e3ab-43d6-afab-0a8a67103ee1","ts":"2026-04-04T17:18:23.834-04:00","source":{"id":"0","name":"eventBus"}}
{"__type":"$$EventMessageAudit","id":"954088ef-8655-4e54-937d-b8a5649f6e59","ts":"2026-04-04T17:18:23.834-04:00","eventName":"n8n.audit.workflow.executed","message":"n8n.audit.workflow.executed","payload":{"workflowId":"YIYJI8ZkPUi59kQQ","workflowName":"My workflow","executionId":"35","source":"webhook"}}
{"__type":"$$EventMessageConfirm","confirm":"954088ef-8655-4e54-937d-b8a5649f6e59","ts":"2026-04-04T17:18:23.834-04:00","source":{"id":"0","name":"eventBus"}}
{"__type":"$$EventMessageNode","id":"d65bfcfc-9602-41de-9ae7-1177441c85ec","ts":"2026-04-04T17:18:23.834-04:00","eventName":"n8n.node.started","message":"n8n.node.started","payload":{"workflowId":"YIYJI8ZkPUi59kQQ","workflowName":"My workflow","executionId":"35","nodeType":"n8n-nodes-base.webhook","nodeName":"Webhook","nodeId":"209ba0bd-158f-46b3-92d3-3e67fbfaeb46"}}
{"__type":"$$EventMessageConfirm","confirm":"d65bfcfc-9602-41de-9ae7-1177441c85ec","ts":"2026-04-04T17:18:23.834-04:00","source":{"id":"0","name":"eventBus"}}
{"__type":"$$EventMessageNode","id":"00c56b31-fc94-4abc-b1ef-159a0d7ca4fc","ts":"2026-04-04T17:18:23.834-04:00","eventName":"n8n.node.finished","message":"n8n.node.finished","payload":{"workflowId":"YIYJI8ZkPUi59kQQ","workflowName":"My workflow","executionId":"35","nodeType":"n8n-nodes-base.webhook","nodeName":"Webhook","nodeId":"209ba0bd-158f-46b3-92d3-3e67fbfaeb46"}}
{"__type":"$$EventMessageConfirm","confirm":"00c56b31-fc94-4abc-b1ef-159a0d7ca4fc","ts":"2026-04-04T17:18:23.834-04:00","source":{"id":"0","name":"eventBus"}}
{"__type":"$$EventMessageNode","id":"0a8efb73-34d5-4011-a960-2c094e9c095c","ts":"2026-04-04T17:18:23.835-04:00","eventName":"n8n.node.started","message":"n8n.node.started","payload":{"workflowId":"YIYJI8ZkPUi59kQQ","workflowName":"My workflow","executionId":"35","nodeType":"@n8n/n8n-nodes-langchain.agent","nodeName":"AI Agent","nodeId":"9a07d0c0-fee7-4cf3-bf7c-e89cbd9d96c9"}}
{"__type":"$$EventMessageConfirm","confirm":"0a8efb73-34d5-4011-a960-2c094e9c095c","ts":"2026-04-04T17:18:23.835-04:00","source":{"id":"0","name":"eventBus"}}
{"__type":"$$EventMessageNode","id":"f2f73083-b1ce-4208-b235-fec640f7a641","ts":"2026-04-04T17:18:23.870-04:00","eventName":"n8n.node.started","message":"n8n.node.started","payload":{"workflowId":"YIYJI8ZkPUi59kQQ","workflowName":"My workflow","executionId":"35","nodeType":"@n8n/n8n-nodes-langchain.memoryMongoDbChat","nodeName":"MongoDB Chat Memory","nodeId":"754b91b0-51fa-4134-b475-fabea68a7ceb"}}
{"__type":"$$EventMessageConfirm","confirm":"f2f73083-b1ce-4208-b235-fec640f7a641","ts":"2026-04-04T17:18:23.870-04:00","source":{"id":"0","name":"eventBus"}}
{"__type":"$$EventMessageNode","id":"c56a326c-8736-4f89-af7e-f219bc0cdc91","ts":"2026-04-04T17:18:23.876-04:00","eventName":"n8n.node.finished","message":"n8n.node.finished","payload":{"workflowId":"YIYJI8ZkPUi59kQQ","workflowName":"My workflow","executionId":"35","nodeType":"@n8n/n8n-nodes-langchain.memoryMongoDbChat","nodeName":"MongoDB Chat Memory","nodeId":"754b91b0-51fa-4134-b475-fabea68a7ceb"}}
{"__type":"$$EventMessageConfirm","confirm":"c56a326c-8736-4f89-af7e-f219bc0cdc91","ts":"2026-04-04T17:18:23.876-04:00","source":{"id":"0","name":"eventBus"}}
{"__type":"$$EventMessageNode","id":"d4221d26-8501-442f-a3c7-629c0785cc0e","ts":"2026-04-04T17:18:23.904-04:00","eventName":"n8n.node.started","message":"n8n.node.started","payload":{"workflowId":"YIYJI8ZkPUi59kQQ","workflowName":"My workflow","executionId":"35","nodeType":"@n8n/n8n-nodes-langchain.lmChatGoogleGemini","nodeName":"Google Gemini Chat Model","nodeId":"cc97ad8b-5a79-4373-a561-d36a9275785e"}}
{"__type":"$$EventMessageConfirm","confirm":"d4221d26-8501-442f-a3c7-629c0785cc0e","ts":"2026-04-04T17:18:23.904-04:00","source":{"id":"0","name":"eventBus"}}
{"__type":"$$EventMessageNode","id":"1ba39e17-c7e0-4dc9-acb4-b54f2507e6c7","ts":"2026-04-04T17:18:27.000-04:00","eventName":"n8n.node.finished","message":"n8n.node.finished","payload":{"workflowId":"YIYJI8ZkPUi59kQQ","workflowName":"My workflow","executionId":"35","nodeType":"@n8n/n8n-nodes-langchain.lmChatGoogleGemini","nodeName":"Google Gemini Chat Model","nodeId":"cc97ad8b-5a79-4373-a561-d36a9275785e"}}
{"__type":"$$EventMessageConfirm","confirm":"1ba39e17-c7e0-4dc9-acb4-b54f2507e6c7","ts":"2026-04-04T17:18:27.000-04:00","source":{"id":"0","name":"eventBus"}}
{"__type":"$$EventMessageAiNode","id":"cf962d48-e562-4a80-832c-ded1629483a3","ts":"2026-04-04T17:18:27.000-04:00","eventName":"n8n.ai.llm.generated","message":"n8n.ai.llm.generated","payload":{"executionId":"35","nodeName":"Google Gemini Chat Model","workflowName":"My workflow","nodeType":"@n8n/n8n-nodes-langchain.lmChatGoogleGemini","workflowId":"YIYJI8ZkPUi59kQQ","msg":"{\"messages\":[\"Human: Eres un asistente de ServiceDesk.\\n\\nTu trabajo es:\\n1. Crear tickets\\n2. Consultar tickets\\n\\nSi el usuario quiere crear un ticket, devuelve:\\n{\\n  \\\"accion\\\": \\\"crear\\\",\\n  \\\"data\\\": {\\n    \\\"solicitante\\\": \\\"...\\\",\\n    \\\"tipo_solicitud\\\": \\\"...\\\",\\n    \\\"prioridad\\\": \\\"...\\\",\\n    \\\"categoria\\\": \\\"...\\\",\\n    \\\"subcategoria\\\": \\\"...\\\",\\n    \\\"articulo\\\": \\\"...\\\",\\n    \\\"asunto\\\": \\\"...\\\",\\n    \\\"descripcion_html\\\": \\\"...\\\"\\n  }\\n}\\n\\nSi quiere consultar:\\n{\\n  \\\"accion\\\": \\\"listar\\\"\\n}\\n\\nUsuario dijo:\\nHola\\nAI: Hola, ¿en qué puedo ayudarte hoy? ¿Necesitas crear un ticket o consultar uno existente?\\nHuman: Eres un asistente de ServiceDesk.\\n\\nTu trabajo es:\\n1. Crear tickets\\n2. Consultar tickets\\n\\nSi el usuario quiere crear un ticket, devuelve:\\n{\\n  \\\"accion\\\": \\\"crear\\\",\\n  \\\"data\\\": {\\n    \\\"solicitante\\\": \\\"...\\\",\\n    \\\"tipo_solicitud\\\": \\\"...\\\",\\n    \\\"prioridad\\\": \\\"...\\\",\\n    \\\"categoria\\\": \\\"...\\\",\\n    \\\"subcategoria\\\": \\\"...\\\",\\n    \\\"articulo\\\": \\\"...\\\",\\n    \\\"asunto\\\": \\\"...\\\",\\n    \\\"descripcion_html\\\": \\\"...\\\"\\n  }\\n}\\n\\nSi quiere consultar:\\n{\\n  \\\"accion\\\": \\\"listar\\\"\\n}\\n\\nUsuario dijo:\\nHola\\nAI: Hola, ¿en qué puedo ayudarte hoy? ¿Necesitas crear un ticket o consultar uno existente?\\nHuman: Eres un asistente de ServiceDesk.\\n\\nTu trabajo es:\\n1. Crear tickets\\n2. Consultar tickets\\n\\nSi el usuario quiere crear un ticket, devuelve:\\n{\\n  \\\"accion\\\": \\\"crear\\\",\\n  \\\"data\\\": {\\n    \\\"solicitante\\\": \\\"...\\\",\\n    \\\"tipo_solicitud\\\": \\\"...\\\",\\n    \\\"prioridad\\\": \\\"...\\\",\\n    \\\"categoria\\\": \\\"...\\\",\\n    \\\"subcategoria\\\": \\\"...\\\",\\n    \\\"articulo\\\": \\\"...\\\",\\n    \\\"asunto\\\": \\\"...\\\",\\n    \\\"descripcion_html\\\": \\\"...\\\"\\n  }\\n}\\n\\nSi quiere consultar:\\n{\\n  \\\"accion\\\": \\\"listar\\\"\\n}\\n\\nUsuario dijo:\\nQué tal como va todo?\\nAI: Hola, ¿en qué puedo ayudarte hoy? ¿Necesitas crear un ticket o consultar uno existente?\\nHuman: Eres un asistente de ServiceDesk.\\n\\nTu trabajo es:\\n1. Crear tickets\\n2. Consultar tickets\\n\\nSi el usuario quiere crear un ticket, devuelve:\\n{\\n  \\\"accion\\\": \\\"crear\\\",\\n  \\\"data\\\": {\\n    \\\"solicitante\\\": \\\"...\\\",\\n    \\\"tipo_solicitud\\\": \\\"...\\\",\\n    \\\"prioridad\\\": \\\"...\\\",\\n    \\\"categoria\\\": \\\"...\\\",\\n    \\\"subcategoria\\\": \\\"...\\\",\\n    \\\"articulo\\\": \\\"...\\\",\\n    \\\"asunto\\\": \\\"...\\\",\\n    \\\"descripcion_html\\\": \\\"...\\\"\\n  }\\n}\\n\\nSi quiere consultar:\\n{\\n  \\\"accion\\\": \\\"listar\\\"\\n}\\n\\nUsuario dijo:\\nEstoy haciendo pruebas contigo, respondeme otra cosa por favor, lo que sea\\nAI: Entiendo. Estoy aquí para ayudarte con la creación o consulta de tickets. Si en algún momento necesitas asistencia con eso, házmelo saber. De lo contrario, ¿hay algo más en lo que pueda ayudarte fuera de esas dos funciones?\\nHuman: Eres un asistente de ServiceDesk.\\n\\nTu trabajo es:\\n1. Crear tickets\\n2. Consultar tickets\\n\\nSi el usuario quiere crear un ticket, devuelve:\\n{\\n  \\\"accion\\\": \\\"crear\\\",\\n  \\\"data\\\": {\\n    \\\"solicitante\\\": \\\"...\\\",\\n    \\\"tipo_solicitud\\\": \\\"...\\\",\\n    \\\"prioridad\\\": \\\"...\\\",\\n    \\\"categoria\\\": \\\"...\\\",\\n    \\\"subcategoria\\\": \\\"...\\\",\\n    \\\"articulo\\\": \\\"...\\\",\\n    \\\"asunto\\\": \\\"...\\\",\\n    \\\"descripcion_html\\\": \\\"...\\\"\\n  }\\n}\\n\\nSi quiere consultar:\\n{\\n  \\\"accion\\\": \\\"listar\\\"\\n}\\n\\nUsuario dijo:\\nNo puedo acceder a la aplicación de WhatsApp desde mi celular, me sale error al iniciar sesión. Por favor crea un ticket de incidencia con prioridad media.\\nAI: ```json\\n{\\n  \\\"accion\\\": \\\"crear\\\",\\n  \\\"data\\\": {\\n    \\\"solicitante\\\": \\\"...\\\",\\n    \\\"tipo_solicitud\\\": \\\"incidencia\\\",\\n    \\\"prioridad\\\": \\\"media\\\",\\n    \\\"categoria\\\": \\\"...\\\",\\n    \\\"subcategoria\\\": \\\"...\\\",\\n    \\\"articulo\\\": \\\"...\\\",\\n    \\\"asunto\\\": \\\"No puedo acceder a la aplicación de WhatsApp desde mi celular, me sale error al iniciar sesión\\\",\\n    \\\"descripcion_html\\\": \\\"No puedo acceder a la aplicación de WhatsApp desde mi celular, me sale error al iniciar sesión.\\\"\\n  }\\n}\\n```\\nHuman: Eres un asistente inteligente de ServiceDesk.\\n\\nTu función principal es ayudar a los usuarios a resolver problemas relacionados con TI.\\n\\nDispones de una herramienta llamada crear_ticket que debes usar cuando el usuario reporta un problema o solicita crear un ticket.\\n\\nReglas importantes:\\n\\n- Si el usuario describe un problema (por ejemplo: no puede acceder a una aplicación, tiene errores, fallas, etc.), debes usar la herramienta crear_ticket.\\n- No devuelvas JSON manualmente.\\n- No expliques que usarás una herramienta, simplemente úsala.\\n\\nPara usar la herramienta crear_ticket, debes enviar estos campos:\\n\\n- solicitante: usa \\\"web-user\\\"\\n- tipo_solicitud: \\\"Incidencia\\\" si es un problema, o \\\"Requerimiento\\\" si es una solicitud\\n- prioridad: detecta \\\"Alta\\\", \\\"Media\\\" o \\\"Baja\\\" según el mensaje (por defecto \\\"Media\\\")\\n- categoria: \\\"Aplicaciones\\\"\\n- subcategoria: \\\"General\\\"\\n- articulo: el nombre de la aplicación o sistema (por ejemplo: WhatsApp, SAP, Outlook)\\n- asunto: un resumen corto del problema\\n- descripcion_html: una descripción clara del problema del usuario\\n\\nSi el usuario no está reportando un problema, responde normalmente como un asistente conversacional.\\n\\nDespués de crear el ticket, responde indicando que el ticket fue creado correctamente.\\n\\nUsuario dijo:\\nNo puedo acceder a WhatsApp desde mi celular\"],\"options\":{\"google_api_key\":{\"lc\":1,\"type\":\"secret\",\"id\":[\"GOOGLE_API_KEY\"]},\"base_url\":\"https://generativelanguage.googleapis.com\",\"model\":\"gemini-2.5-flash\"},\"response\":{\"response\":{\"generations\":[[{\"text\":\"\",\"generationInfo\":{\"finishReason\":\"STOP\",\"index\":0,\"finishMessage\":\"Model generated function call(s).\"}}]]},\"tokenUsage\":{\"completionTokens\":78,\"promptTokens\":1361,\"totalTokens\":1439}}}"}}
{"__type":"$$EventMessageConfirm","confirm":"cf962d48-e562-4a80-832c-ded1629483a3","ts":"2026-04-04T17:18:27.000-04:00","source":{"id":"0","name":"eventBus"}}
{"__type":"$$EventMessageNode","id":"3adb4626-60bf-46ae-8f98-43d6e9bcbe32","ts":"2026-04-04T17:18:27.002-04:00","eventName":"n8n.node.started","message":"n8n.node.started","payload":{"workflowId":"YIYJI8ZkPUi59kQQ","workflowName":"My workflow","executionId":"35","nodeType":"n8n-nodes-base.httpRequestTool","nodeName":"crear_ticket","nodeId":"d652dc57-d83b-43ef-b214-991d6c64acd0"}}
{"__type":"$$EventMessageConfirm","confirm":"3adb4626-60bf-46ae-8f98-43d6e9bcbe32","ts":"2026-04-04T17:18:27.002-04:00","source":{"id":"0","name":"eventBus"}}
{"__type":"$$EventMessageNode","id":"608275be-db3b-4ff0-970a-217fdcde8804","ts":"2026-04-04T17:18:27.018-04:00","eventName":"n8n.node.finished","message":"n8n.node.finished","payload":{"workflowId":"YIYJI8ZkPUi59kQQ","workflowName":"My workflow","executionId":"35","nodeType":"n8n-nodes-base.httpRequestTool","nodeName":"crear_ticket","nodeId":"d652dc57-d83b-43ef-b214-991d6c64acd0"}}
{"__type":"$$EventMessageConfirm","confirm":"608275be-db3b-4ff0-970a-217fdcde8804","ts":"2026-04-04T17:18:27.018-04:00","source":{"id":"0","name":"eventBus"}}
{"__type":"$$EventMessageWorkflow","id":"0f9b2402-7695-4363-a4f6-12481e71b340","ts":"2026-04-04T17:18:27.019-04:00","eventName":"n8n.workflow.failed","message":"n8n.workflow.failed","payload":{"executionId":"35","success":false,"isManual":false,"mode":"webhook","workflowId":"YIYJI8ZkPUi59kQQ","workflowName":"My workflow","lastNodeExecuted":"crear_ticket","errorNodeType":"n8n-nodes-base.httpRequestTool","errorMessage":"The value in the \"JSON Body\" field is not valid JSON"}}
{"__type":"$$EventMessageConfirm","confirm":"0f9b2402-7695-4363-a4f6-12481e71b340","ts":"2026-04-04T17:18:27.019-04:00","source":{"id":"0","name":"eventBus"}}
{"__type":"$$EventMessageAudit","id":"e037a48b-e339-4de8-b175-1e1a68095bdd","ts":"2026-04-04T17:19:39.433-04:00","eventName":"n8n.audit.workflow.updated","message":"n8n.audit.workflow.updated","payload":{"userId":"5dbe17fd-2bf6-4d1e-ad71-13ee612d9454","_email":"joao.basa.18@gmail.com","_firstName":"Joao","_lastName":"Basanta","globalRole":"global:owner","workflowId":"YIYJI8ZkPUi59kQQ","workflowName":"My workflow"}}
{"__type":"$$EventMessageConfirm","confirm":"e037a48b-e339-4de8-b175-1e1a68095bdd","ts":"2026-04-04T17:19:39.433-04:00","source":{"id":"0","name":"eventBus"}}
{"__type":"$$EventMessageAudit","id":"0154cff1-98fb-4f97-a3c5-0ae063738b00","ts":"2026-04-04T17:19:49.016-04:00","eventName":"n8n.audit.workflow.updated","message":"n8n.audit.workflow.updated","payload":{"userId":"5dbe17fd-2bf6-4d1e-ad71-13ee612d9454","_email":"joao.basa.18@gmail.com","_firstName":"Joao","_lastName":"Basanta","globalRole":"global:owner","workflowId":"YIYJI8ZkPUi59kQQ","workflowName":"My workflow"}}
{"__type":"$$EventMessageConfirm","confirm":"0154cff1-98fb-4f97-a3c5-0ae063738b00","ts":"2026-04-04T17:19:49.017-04:00","source":{"id":"0","name":"eventBus"}}
{"__type":"$$EventMessageAudit","id":"84fcc68e-ab0e-491b-936b-2d79964a4200","ts":"2026-04-04T17:20:01.928-04:00","eventName":"n8n.audit.workflow.updated","message":"n8n.audit.workflow.updated","payload":{"userId":"5dbe17fd-2bf6-4d1e-ad71-13ee612d9454","_email":"joao.basa.18@gmail.com","_firstName":"Joao","_lastName":"Basanta","globalRole":"global:owner","workflowId":"YIYJI8ZkPUi59kQQ","workflowName":"My workflow"}}
{"__type":"$$EventMessageConfirm","confirm":"84fcc68e-ab0e-491b-936b-2d79964a4200","ts":"2026-04-04T17:20:01.929-04:00","source":{"id":"0","name":"eventBus"}}
{"__type":"$$EventMessageAudit","id":"09018420-05dc-4409-a939-5cf11f9b29d8","ts":"2026-04-04T17:20:04.578-04:00","eventName":"n8n.audit.workflow.updated","message":"n8n.audit.workflow.updated","payload":{"userId":"5dbe17fd-2bf6-4d1e-ad71-13ee612d9454","_email":"joao.basa.18@gmail.com","_firstName":"Joao","_lastName":"Basanta","globalRole":"global:owner","workflowId":"YIYJI8ZkPUi59kQQ","workflowName":"My workflow"}}
{"__type":"$$EventMessageConfirm","confirm":"09018420-05dc-4409-a939-5cf11f9b29d8","ts":"2026-04-04T17:20:04.578-04:00","source":{"id":"0","name":"eventBus"}}
{"__type":"$$EventMessageAudit","id":"5ba475ae-452b-4db1-bfd4-cddf146ed178","ts":"2026-04-04T17:20:06.791-04:00","eventName":"n8n.audit.workflow.updated","message":"n8n.audit.workflow.updated","payload":{"userId":"5dbe17fd-2bf6-4d1e-ad71-13ee612d9454","_email":"joao.basa.18@gmail.com","_firstName":"Joao","_lastName":"Basanta","globalRole":"global:owner","workflowId":"YIYJI8ZkPUi59kQQ","workflowName":"My workflow"}}
{"__type":"$$EventMessageConfirm","confirm":"5ba475ae-452b-4db1-bfd4-cddf146ed178","ts":"2026-04-04T17:20:06.791-04:00","source":{"id":"0","name":"eventBus"}}
{"__type":"$$EventMessageAudit","id":"bf765379-708b-4856-bc05-c9a39170bf89","ts":"2026-04-04T17:20:19.141-04:00","eventName":"n8n.audit.workflow.updated","message":"n8n.audit.workflow.updated","payload":{"userId":"5dbe17fd-2bf6-4d1e-ad71-13ee612d9454","_email":"joao.basa.18@gmail.com","_firstName":"Joao","_lastName":"Basanta","globalRole":"global:owner","workflowId":"YIYJI8ZkPUi59kQQ","workflowName":"My workflow"}}
{"__type":"$$EventMessageConfirm","confirm":"bf765379-708b-4856-bc05-c9a39170bf89","ts":"2026-04-04T17:20:19.141-04:00","source":{"id":"0","name":"eventBus"}}
{"__type":"$$EventMessageAudit","id":"ec71737d-b287-4bc8-b24f-e136d230adf7","ts":"2026-04-04T17:20:21.445-04:00","eventName":"n8n.audit.workflow.updated","message":"n8n.audit.workflow.updated","payload":{"userId":"5dbe17fd-2bf6-4d1e-ad71-13ee612d9454","_email":"joao.basa.18@gmail.com","_firstName":"Joao","_lastName":"Basanta","globalRole":"global:owner","workflowId":"YIYJI8ZkPUi59kQQ","workflowName":"My workflow"}}
{"__type":"$$EventMessageConfirm","confirm":"ec71737d-b287-4bc8-b24f-e136d230adf7","ts":"2026-04-04T17:20:21.445-04:00","source":{"id":"0","name":"eventBus"}}
{"__type":"$$EventMessageAudit","id":"b04c8189-4763-43d6-9224-5eee7d1ce802","ts":"2026-04-04T17:20:24.516-04:00","eventName":"n8n.audit.workflow.updated","message":"n8n.audit.workflow.updated","payload":{"userId":"5dbe17fd-2bf6-4d1e-ad71-13ee612d9454","_email":"joao.basa.18@gmail.com","_firstName":"Joao","_lastName":"Basanta","globalRole":"global:owner","workflowId":"YIYJI8ZkPUi59kQQ","workflowName":"My workflow"}}
{"__type":"$$EventMessageConfirm","confirm":"b04c8189-4763-43d6-9224-5eee7d1ce802","ts":"2026-04-04T17:20:24.517-04:00","source":{"id":"0","name":"eventBus"}}
{"__type":"$$EventMessageAudit","id":"a10ec3bd-48b6-4ff7-a004-b77ab0af55a2","ts":"2026-04-04T17:20:31.468-04:00","eventName":"n8n.audit.workflow.updated","message":"n8n.audit.workflow.updated","payload":{"userId":"5dbe17fd-2bf6-4d1e-ad71-13ee612d9454","_email":"joao.basa.18@gmail.com","_firstName":"Joao","_lastName":"Basanta","globalRole":"global:owner","workflowId":"YIYJI8ZkPUi59kQQ","workflowName":"My workflow"}}
{"__type":"$$EventMessageConfirm","confirm":"a10ec3bd-48b6-4ff7-a004-b77ab0af55a2","ts":"2026-04-04T17:20:31.468-04:00","source":{"id":"0","name":"eventBus"}}
{"__type":"$$EventMessageAudit","id":"c023523d-c66d-42f5-b9fe-8dfd08440e90","ts":"2026-04-04T17:20:35.977-04:00","eventName":"n8n.audit.workflow.updated","message":"n8n.audit.workflow.updated","payload":{"userId":"5dbe17fd-2bf6-4d1e-ad71-13ee612d9454","_email":"joao.basa.18@gmail.com","_firstName":"Joao","_lastName":"Basanta","globalRole":"global:owner","workflowId":"YIYJI8ZkPUi59kQQ","workflowName":"My workflow"}}
{"__type":"$$EventMessageConfirm","confirm":"c023523d-c66d-42f5-b9fe-8dfd08440e90","ts":"2026-04-04T17:20:35.978-04:00","source":{"id":"0","name":"eventBus"}}
{"__type":"$$EventMessageAudit","id":"289307eb-5535-44ea-883f-ca8cee9baa42","ts":"2026-04-04T17:20:37.974-04:00","eventName":"n8n.audit.workflow.updated","message":"n8n.audit.workflow.updated","payload":{"userId":"5dbe17fd-2bf6-4d1e-ad71-13ee612d9454","_email":"joao.basa.18@gmail.com","_firstName":"Joao","_lastName":"Basanta","globalRole":"global:owner","workflowId":"YIYJI8ZkPUi59kQQ","workflowName":"My workflow"}}
{"__type":"$$EventMessageConfirm","confirm":"289307eb-5535-44ea-883f-ca8cee9baa42","ts":"2026-04-04T17:20:37.974-04:00","source":{"id":"0","name":"eventBus"}}
{"__type":"$$EventMessageAudit","id":"99418b40-93c5-44c9-9330-c7273e01d0e2","ts":"2026-04-04T17:20:44.693-04:00","eventName":"n8n.audit.workflow.updated","message":"n8n.audit.workflow.updated","payload":{"userId":"5dbe17fd-2bf6-4d1e-ad71-13ee612d9454","_email":"joao.basa.18@gmail.com","_firstName":"Joao","_lastName":"Basanta","globalRole":"global:owner","workflowId":"YIYJI8ZkPUi59kQQ","workflowName":"My workflow"}}
{"__type":"$$EventMessageConfirm","confirm":"99418b40-93c5-44c9-9330-c7273e01d0e2","ts":"2026-04-04T17:20:44.694-04:00","source":{"id":"0","name":"eventBus"}}
{"__type":"$$EventMessageAudit","id":"b312d932-d608-44ae-86cd-e91f0a442d45","ts":"2026-04-04T17:20:51.021-04:00","eventName":"n8n.audit.workflow.updated","message":"n8n.audit.workflow.updated","payload":{"userId":"5dbe17fd-2bf6-4d1e-ad71-13ee612d9454","_email":"joao.basa.18@gmail.com","_firstName":"Joao","_lastName":"Basanta","globalRole":"global:owner","workflowId":"YIYJI8ZkPUi59kQQ","workflowName":"My workflow"}}
{"__type":"$$EventMessageConfirm","confirm":"b312d932-d608-44ae-86cd-e91f0a442d45","ts":"2026-04-04T17:20:51.021-04:00","source":{"id":"0","name":"eventBus"}}
{"__type":"$$EventMessageAudit","id":"087ff2de-fd85-4aef-8346-5a41882fcbe5","ts":"2026-04-04T17:20:55.273-04:00","eventName":"n8n.audit.workflow.updated","message":"n8n.audit.workflow.updated","payload":{"userId":"5dbe17fd-2bf6-4d1e-ad71-13ee612d9454","_email":"joao.basa.18@gmail.com","_firstName":"Joao","_lastName":"Basanta","globalRole":"global:owner","workflowId":"YIYJI8ZkPUi59kQQ","workflowName":"My workflow"}}
{"__type":"$$EventMessageConfirm","confirm":"087ff2de-fd85-4aef-8346-5a41882fcbe5","ts":"2026-04-04T17:20:55.274-04:00","source":{"id":"0","name":"eventBus"}}
{"__type":"$$EventMessageAudit","id":"cf173574-c497-4d12-a522-cd99a6603735","ts":"2026-04-04T17:20:57.006-04:00","eventName":"n8n.audit.workflow.updated","message":"n8n.audit.workflow.updated","payload":{"userId":"5dbe17fd-2bf6-4d1e-ad71-13ee612d9454","_email":"joao.basa.18@gmail.com","_firstName":"Joao","_lastName":"Basanta","globalRole":"global:owner","workflowId":"YIYJI8ZkPUi59kQQ","workflowName":"My workflow"}}
{"__type":"$$EventMessageConfirm","confirm":"cf173574-c497-4d12-a522-cd99a6603735","ts":"2026-04-04T17:20:57.006-04:00","source":{"id":"0","name":"eventBus"}}
{"__type":"$$EventMessageAudit","id":"667d47c4-5a15-44a5-9879-895cc55aa235","ts":"2026-04-04T17:21:01.534-04:00","eventName":"n8n.audit.workflow.updated","message":"n8n.audit.workflow.updated","payload":{"userId":"5dbe17fd-2bf6-4d1e-ad71-13ee612d9454","_email":"joao.basa.18@gmail.com","_firstName":"Joao","_lastName":"Basanta","globalRole":"global:owner","workflowId":"YIYJI8ZkPUi59kQQ","workflowName":"My workflow"}}
{"__type":"$$EventMessageConfirm","confirm":"667d47c4-5a15-44a5-9879-895cc55aa235","ts":"2026-04-04T17:21:01.534-04:00","source":{"id":"0","name":"eventBus"}}
{"__type":"$$EventMessageAudit","id":"70f6215c-17d3-407b-97b9-762e42c68b25","ts":"2026-04-04T17:21:04.266-04:00","eventName":"n8n.audit.workflow.updated","message":"n8n.audit.workflow.updated","payload":{"userId":"5dbe17fd-2bf6-4d1e-ad71-13ee612d9454","_email":"joao.basa.18@gmail.com","_firstName":"Joao","_lastName":"Basanta","globalRole":"global:owner","workflowId":"YIYJI8ZkPUi59kQQ","workflowName":"My workflow"}}
{"__type":"$$EventMessageConfirm","confirm":"70f6215c-17d3-407b-97b9-762e42c68b25","ts":"2026-04-04T17:21:04.266-04:00","source":{"id":"0","name":"eventBus"}}
{"__type":"$$EventMessageAudit","id":"5b7e6718-30b9-4624-bd47-72edc3c1559d","ts":"2026-04-04T17:21:08.813-04:00","eventName":"n8n.audit.workflow.updated","message":"n8n.audit.workflow.updated","payload":{"userId":"5dbe17fd-2bf6-4d1e-ad71-13ee612d9454","_email":"joao.basa.18@gmail.com","_firstName":"Joao","_lastName":"Basanta","globalRole":"global:owner","workflowId":"YIYJI8ZkPUi59kQQ","workflowName":"My workflow"}}
{"__type":"$$EventMessageConfirm","confirm":"5b7e6718-30b9-4624-bd47-72edc3c1559d","ts":"2026-04-04T17:21:08.813-04:00","source":{"id":"0","name":"eventBus"}}
{"__type":"$$EventMessageAudit","id":"85a37a86-04ba-4c25-92a1-b2a61ad2c7d4","ts":"2026-04-04T17:21:10.730-04:00","eventName":"n8n.audit.workflow.updated","message":"n8n.audit.workflow.updated","payload":{"userId":"5dbe17fd-2bf6-4d1e-ad71-13ee612d9454","_email":"joao.basa.18@gmail.com","_firstName":"Joao","_lastName":"Basanta","globalRole":"global:owner","workflowId":"YIYJI8ZkPUi59kQQ","workflowName":"My workflow"}}
{"__type":"$$EventMessageConfirm","confirm":"85a37a86-04ba-4c25-92a1-b2a61ad2c7d4","ts":"2026-04-04T17:21:10.730-04:00","source":{"id":"0","name":"eventBus"}}
{"__type":"$$EventMessageAudit","id":"e903c771-dbf8-4b46-9939-507734a65cdc","ts":"2026-04-04T17:21:13.723-04:00","eventName":"n8n.audit.workflow.updated","message":"n8n.audit.workflow.updated","payload":{"userId":"5dbe17fd-2bf6-4d1e-ad71-13ee612d9454","_email":"joao.basa.18@gmail.com","_firstName":"Joao","_lastName":"Basanta","globalRole":"global:owner","workflowId":"YIYJI8ZkPUi59kQQ","workflowName":"My workflow"}}
{"__type":"$$EventMessageConfirm","confirm":"e903c771-dbf8-4b46-9939-507734a65cdc","ts":"2026-04-04T17:21:13.724-04:00","source":{"id":"0","name":"eventBus"}}
{"__type":"$$EventMessageAudit","id":"86b3e9af-8b9e-42ac-87e1-29065d2ecbab","ts":"2026-04-04T17:21:18.985-04:00","eventName":"n8n.audit.workflow.updated","message":"n8n.audit.workflow.updated","payload":{"userId":"5dbe17fd-2bf6-4d1e-ad71-13ee612d9454","_email":"joao.basa.18@gmail.com","_firstName":"Joao","_lastName":"Basanta","globalRole":"global:owner","workflowId":"YIYJI8ZkPUi59kQQ","workflowName":"My workflow"}}
{"__type":"$$EventMessageConfirm","confirm":"86b3e9af-8b9e-42ac-87e1-29065d2ecbab","ts":"2026-04-04T17:21:18.985-04:00","source":{"id":"0","name":"eventBus"}}
{"__type":"$$EventMessageAudit","id":"3a5f1e9e-12cd-4f3e-a339-58d2816ed53b","ts":"2026-04-04T17:21:25.617-04:00","eventName":"n8n.audit.workflow.updated","message":"n8n.audit.workflow.updated","payload":{"userId":"5dbe17fd-2bf6-4d1e-ad71-13ee612d9454","_email":"joao.basa.18@gmail.com","_firstName":"Joao","_lastName":"Basanta","globalRole":"global:owner","workflowId":"YIYJI8ZkPUi59kQQ","workflowName":"My workflow"}}
{"__type":"$$EventMessageConfirm","confirm":"3a5f1e9e-12cd-4f3e-a339-58d2816ed53b","ts":"2026-04-04T17:21:25.617-04:00","source":{"id":"0","name":"eventBus"}}
{"__type":"$$EventMessageAudit","id":"9f01a3e8-77bc-4996-bcc3-f0f7d1a7359d","ts":"2026-04-04T17:21:28.972-04:00","eventName":"n8n.audit.workflow.updated","message":"n8n.audit.workflow.updated","payload":{"userId":"5dbe17fd-2bf6-4d1e-ad71-13ee612d9454","_email":"joao.basa.18@gmail.com","_firstName":"Joao","_lastName":"Basanta","globalRole":"global:owner","workflowId":"YIYJI8ZkPUi59kQQ","workflowName":"My workflow"}}
{"__type":"$$EventMessageConfirm","confirm":"9f01a3e8-77bc-4996-bcc3-f0f7d1a7359d","ts":"2026-04-04T17:21:28.973-04:00","source":{"id":"0","name":"eventBus"}}
{"__type":"$$EventMessageAudit","id":"f37f8f43-f986-4e5e-bd1b-cc6f19620ad3","ts":"2026-04-04T17:21:32.989-04:00","eventName":"n8n.audit.workflow.updated","message":"n8n.audit.workflow.updated","payload":{"userId":"5dbe17fd-2bf6-4d1e-ad71-13ee612d9454","_email":"joao.basa.18@gmail.com","_firstName":"Joao","_lastName":"Basanta","globalRole":"global:owner","workflowId":"YIYJI8ZkPUi59kQQ","workflowName":"My workflow"}}
{"__type":"$$EventMessageConfirm","confirm":"f37f8f43-f986-4e5e-bd1b-cc6f19620ad3","ts":"2026-04-04T17:21:32.989-04:00","source":{"id":"0","name":"eventBus"}}
{"__type":"$$EventMessageAudit","id":"4ac657f9-0d67-4359-b886-b329befbfd5e","ts":"2026-04-04T17:21:35.969-04:00","eventName":"n8n.audit.workflow.updated","message":"n8n.audit.workflow.updated","payload":{"userId":"5dbe17fd-2bf6-4d1e-ad71-13ee612d9454","_email":"joao.basa.18@gmail.com","_firstName":"Joao","_lastName":"Basanta","globalRole":"global:owner","workflowId":"YIYJI8ZkPUi59kQQ","workflowName":"My workflow"}}
{"__type":"$$EventMessageConfirm","confirm":"4ac657f9-0d67-4359-b886-b329befbfd5e","ts":"2026-04-04T17:21:35.970-04:00","source":{"id":"0","name":"eventBus"}}
{"__type":"$$EventMessageAudit","id":"7cbc004c-fd85-4161-af23-1f2fa0cacf10","ts":"2026-04-04T17:21:38.063-04:00","eventName":"n8n.audit.workflow.updated","message":"n8n.audit.workflow.updated","payload":{"userId":"5dbe17fd-2bf6-4d1e-ad71-13ee612d9454","_email":"joao.basa.18@gmail.com","_firstName":"Joao","_lastName":"Basanta","globalRole":"global:owner","workflowId":"YIYJI8ZkPUi59kQQ","workflowName":"My workflow"}}
{"__type":"$$EventMessageConfirm","confirm":"7cbc004c-fd85-4161-af23-1f2fa0cacf10","ts":"2026-04-04T17:21:38.063-04:00","source":{"id":"0","name":"eventBus"}}
{"__type":"$$EventMessageAudit","id":"1318278d-ed31-4dba-a886-adcde65b132c","ts":"2026-04-04T17:21:43.786-04:00","eventName":"n8n.audit.workflow.updated","message":"n8n.audit.workflow.updated","payload":{"userId":"5dbe17fd-2bf6-4d1e-ad71-13ee612d9454","_email":"joao.basa.18@gmail.com","_firstName":"Joao","_lastName":"Basanta","globalRole":"global:owner","workflowId":"YIYJI8ZkPUi59kQQ","workflowName":"My workflow"}}
{"__type":"$$EventMessageConfirm","confirm":"1318278d-ed31-4dba-a886-adcde65b132c","ts":"2026-04-04T17:21:43.786-04:00","source":{"id":"0","name":"eventBus"}}
{"__type":"$$EventMessageAudit","id":"e338b1b9-6956-4470-a6b8-de4647fb71c6","ts":"2026-04-04T17:21:50.120-04:00","eventName":"n8n.audit.workflow.updated","message":"n8n.audit.workflow.updated","payload":{"userId":"5dbe17fd-2bf6-4d1e-ad71-13ee612d9454","_email":"joao.basa.18@gmail.com","_firstName":"Joao","_lastName":"Basanta","globalRole":"global:owner","workflowId":"YIYJI8ZkPUi59kQQ","workflowName":"My workflow"}}
{"__type":"$$EventMessageConfirm","confirm":"e338b1b9-6956-4470-a6b8-de4647fb71c6","ts":"2026-04-04T17:21:50.120-04:00","source":{"id":"0","name":"eventBus"}}
{"__type":"$$EventMessageAudit","id":"b041b418-30be-466a-8613-34b46b3a7ca5","ts":"2026-04-04T17:21:55.615-04:00","eventName":"n8n.audit.workflow.updated","message":"n8n.audit.workflow.updated","payload":{"userId":"5dbe17fd-2bf6-4d1e-ad71-13ee612d9454","_email":"joao.basa.18@gmail.com","_firstName":"Joao","_lastName":"Basanta","globalRole":"global:owner","workflowId":"YIYJI8ZkPUi59kQQ","workflowName":"My workflow"}}
{"__type":"$$EventMessageConfirm","confirm":"b041b418-30be-466a-8613-34b46b3a7ca5","ts":"2026-04-04T17:21:55.615-04:00","source":{"id":"0","name":"eventBus"}}
{"__type":"$$EventMessageAudit","id":"c282e9e0-02c4-4504-8d25-a8f85fa39ecc","ts":"2026-04-04T17:21:59.622-04:00","eventName":"n8n.audit.workflow.updated","message":"n8n.audit.workflow.updated","payload":{"userId":"5dbe17fd-2bf6-4d1e-ad71-13ee612d9454","_email":"joao.basa.18@gmail.com","_firstName":"Joao","_lastName":"Basanta","globalRole":"global:owner","workflowId":"YIYJI8ZkPUi59kQQ","workflowName":"My workflow"}}
{"__type":"$$EventMessageConfirm","confirm":"c282e9e0-02c4-4504-8d25-a8f85fa39ecc","ts":"2026-04-04T17:21:59.622-04:00","source":{"id":"0","name":"eventBus"}}
{"__type":"$$EventMessageAudit","id":"d3e4f6fa-cd0b-486d-9ec9-e6144501df95","ts":"2026-04-04T17:22:04.409-04:00","eventName":"n8n.audit.workflow.updated","message":"n8n.audit.workflow.updated","payload":{"userId":"5dbe17fd-2bf6-4d1e-ad71-13ee612d9454","_email":"joao.basa.18@gmail.com","_firstName":"Joao","_lastName":"Basanta","globalRole":"global:owner","workflowId":"YIYJI8ZkPUi59kQQ","workflowName":"My workflow"}}
{"__type":"$$EventMessageConfirm","confirm":"d3e4f6fa-cd0b-486d-9ec9-e6144501df95","ts":"2026-04-04T17:22:04.409-04:00","source":{"id":"0","name":"eventBus"}}
{"__type":"$$EventMessageAudit","id":"7df6c256-af5a-4dee-adbb-0244cfa569c3","ts":"2026-04-04T17:22:10.750-04:00","eventName":"n8n.audit.workflow.updated","message":"n8n.audit.workflow.updated","payload":{"userId":"5dbe17fd-2bf6-4d1e-ad71-13ee612d9454","_email":"joao.basa.18@gmail.com","_firstName":"Joao","_lastName":"Basanta","globalRole":"global:owner","workflowId":"YIYJI8ZkPUi59kQQ","workflowName":"My workflow"}}
{"__type":"$$EventMessageConfirm","confirm":"7df6c256-af5a-4dee-adbb-0244cfa569c3","ts":"2026-04-04T17:22:10.750-04:00","source":{"id":"0","name":"eventBus"}}
{"__type":"$$EventMessageAudit","id":"8ac65104-45e3-47ed-b0a6-2200e65a869e","ts":"2026-04-04T17:22:17.033-04:00","eventName":"n8n.audit.workflow.updated","message":"n8n.audit.workflow.updated","payload":{"userId":"5dbe17fd-2bf6-4d1e-ad71-13ee612d9454","_email":"joao.basa.18@gmail.com","_firstName":"Joao","_lastName":"Basanta","globalRole":"global:owner","workflowId":"YIYJI8ZkPUi59kQQ","workflowName":"My workflow"}}
{"__type":"$$EventMessageConfirm","confirm":"8ac65104-45e3-47ed-b0a6-2200e65a869e","ts":"2026-04-04T17:22:17.034-04:00","source":{"id":"0","name":"eventBus"}}
{"__type":"$$EventMessageAudit","id":"469b1b11-34d3-4dd8-bb96-220f01c03731","ts":"2026-04-04T17:22:22.114-04:00","eventName":"n8n.audit.workflow.updated","message":"n8n.audit.workflow.updated","payload":{"userId":"5dbe17fd-2bf6-4d1e-ad71-13ee612d9454","_email":"joao.basa.18@gmail.com","_firstName":"Joao","_lastName":"Basanta","globalRole":"global:owner","workflowId":"YIYJI8ZkPUi59kQQ","workflowName":"My workflow"}}
{"__type":"$$EventMessageConfirm","confirm":"469b1b11-34d3-4dd8-bb96-220f01c03731","ts":"2026-04-04T17:22:22.115-04:00","source":{"id":"0","name":"eventBus"}}
{"__type":"$$EventMessageAudit","id":"56c675e0-012c-4172-b1cb-f2d5a6f842e6","ts":"2026-04-04T17:22:30.271-04:00","eventName":"n8n.audit.workflow.deactivated","message":"n8n.audit.workflow.deactivated","payload":{"userId":"5dbe17fd-2bf6-4d1e-ad71-13ee612d9454","_email":"joao.basa.18@gmail.com","_firstName":"Joao","_lastName":"Basanta","globalRole":"global:owner","workflowId":"YIYJI8ZkPUi59kQQ","workflowName":"My workflow","deactivatedVersionId":"4ddacced-7e8c-4dbe-a79d-ff93ea479ae1"}}
{"__type":"$$EventMessageConfirm","confirm":"56c675e0-012c-4172-b1cb-f2d5a6f842e6","ts":"2026-04-04T17:22:30.271-04:00","source":{"id":"0","name":"eventBus"}}
{"__type":"$$EventMessageAudit","id":"30776362-4dad-4cf7-97a7-99621090723d","ts":"2026-04-04T17:22:30.334-04:00","eventName":"n8n.audit.workflow.activated","message":"n8n.audit.workflow.activated","payload":{"userId":"5dbe17fd-2bf6-4d1e-ad71-13ee612d9454","_email":"joao.basa.18@gmail.com","_firstName":"Joao","_lastName":"Basanta","globalRole":"global:owner","workflowId":"YIYJI8ZkPUi59kQQ","workflowName":"My workflow","activeVersionId":"427a260a-cfed-4273-b5ca-ad98bb9754f8"}}
{"__type":"$$EventMessageConfirm","confirm":"30776362-4dad-4cf7-97a7-99621090723d","ts":"2026-04-04T17:22:30.335-04:00","source":{"id":"0","name":"eventBus"}}
{"__type":"$$EventMessageWorkflow","id":"12896f11-f0b9-4d88-ba84-09923ee76bef","ts":"2026-04-04T17:22:35.074-04:00","eventName":"n8n.workflow.started","message":"n8n.workflow.started","payload":{"executionId":"36","workflowId":"YIYJI8ZkPUi59kQQ","isManual":false,"mode":"webhook","workflowName":"My workflow"}}
{"__type":"$$EventMessageConfirm","confirm":"12896f11-f0b9-4d88-ba84-09923ee76bef","ts":"2026-04-04T17:22:35.074-04:00","source":{"id":"0","name":"eventBus"}}
{"__type":"$$EventMessageAudit","id":"9ad1dd5f-0f52-491d-88e9-a2aeb33cba3a","ts":"2026-04-04T17:22:35.074-04:00","eventName":"n8n.audit.workflow.executed","message":"n8n.audit.workflow.executed","payload":{"workflowId":"YIYJI8ZkPUi59kQQ","workflowName":"My workflow","executionId":"36","source":"webhook"}}
{"__type":"$$EventMessageConfirm","confirm":"9ad1dd5f-0f52-491d-88e9-a2aeb33cba3a","ts":"2026-04-04T17:22:35.074-04:00","source":{"id":"0","name":"eventBus"}}
{"__type":"$$EventMessageNode","id":"739336c4-7f93-41c5-8077-dd17b25847fd","ts":"2026-04-04T17:22:35.074-04:00","eventName":"n8n.node.started","message":"n8n.node.started","payload":{"workflowId":"YIYJI8ZkPUi59kQQ","workflowName":"My workflow","executionId":"36","nodeType":"n8n-nodes-base.webhook","nodeName":"Webhook","nodeId":"209ba0bd-158f-46b3-92d3-3e67fbfaeb46"}}
{"__type":"$$EventMessageConfirm","confirm":"739336c4-7f93-41c5-8077-dd17b25847fd","ts":"2026-04-04T17:22:35.075-04:00","source":{"id":"0","name":"eventBus"}}
{"__type":"$$EventMessageNode","id":"09c86468-8cf8-4bd0-9319-0629ea252620","ts":"2026-04-04T17:22:35.075-04:00","eventName":"n8n.node.finished","message":"n8n.node.finished","payload":{"workflowId":"YIYJI8ZkPUi59kQQ","workflowName":"My workflow","executionId":"36","nodeType":"n8n-nodes-base.webhook","nodeName":"Webhook","nodeId":"209ba0bd-158f-46b3-92d3-3e67fbfaeb46"}}
{"__type":"$$EventMessageConfirm","confirm":"09c86468-8cf8-4bd0-9319-0629ea252620","ts":"2026-04-04T17:22:35.075-04:00","source":{"id":"0","name":"eventBus"}}
{"__type":"$$EventMessageNode","id":"00d9a114-0a12-4738-a971-d9421c96385b","ts":"2026-04-04T17:22:35.075-04:00","eventName":"n8n.node.started","message":"n8n.node.started","payload":{"workflowId":"YIYJI8ZkPUi59kQQ","workflowName":"My workflow","executionId":"36","nodeType":"@n8n/n8n-nodes-langchain.agent","nodeName":"AI Agent","nodeId":"9a07d0c0-fee7-4cf3-bf7c-e89cbd9d96c9"}}
{"__type":"$$EventMessageConfirm","confirm":"00d9a114-0a12-4738-a971-d9421c96385b","ts":"2026-04-04T17:22:35.075-04:00","source":{"id":"0","name":"eventBus"}}
{"__type":"$$EventMessageNode","id":"c04442e0-4bc6-40c6-b863-1b35811bf626","ts":"2026-04-04T17:22:35.112-04:00","eventName":"n8n.node.started","message":"n8n.node.started","payload":{"workflowId":"YIYJI8ZkPUi59kQQ","workflowName":"My workflow","executionId":"36","nodeType":"@n8n/n8n-nodes-langchain.memoryMongoDbChat","nodeName":"MongoDB Chat Memory","nodeId":"754b91b0-51fa-4134-b475-fabea68a7ceb"}}
{"__type":"$$EventMessageConfirm","confirm":"c04442e0-4bc6-40c6-b863-1b35811bf626","ts":"2026-04-04T17:22:35.112-04:00","source":{"id":"0","name":"eventBus"}}
{"__type":"$$EventMessageNode","id":"d58b3b5f-09d7-4910-8bb8-21adbcb58ddc","ts":"2026-04-04T17:22:35.117-04:00","eventName":"n8n.node.finished","message":"n8n.node.finished","payload":{"workflowId":"YIYJI8ZkPUi59kQQ","workflowName":"My workflow","executionId":"36","nodeType":"@n8n/n8n-nodes-langchain.memoryMongoDbChat","nodeName":"MongoDB Chat Memory","nodeId":"754b91b0-51fa-4134-b475-fabea68a7ceb"}}
{"__type":"$$EventMessageConfirm","confirm":"d58b3b5f-09d7-4910-8bb8-21adbcb58ddc","ts":"2026-04-04T17:22:35.117-04:00","source":{"id":"0","name":"eventBus"}}
{"__type":"$$EventMessageNode","id":"10fc1174-07d2-40f4-9acc-7c15eb6392be","ts":"2026-04-04T17:22:35.138-04:00","eventName":"n8n.node.started","message":"n8n.node.started","payload":{"workflowId":"YIYJI8ZkPUi59kQQ","workflowName":"My workflow","executionId":"36","nodeType":"@n8n/n8n-nodes-langchain.lmChatGoogleGemini","nodeName":"Google Gemini Chat Model","nodeId":"cc97ad8b-5a79-4373-a561-d36a9275785e"}}
{"__type":"$$EventMessageConfirm","confirm":"10fc1174-07d2-40f4-9acc-7c15eb6392be","ts":"2026-04-04T17:22:35.138-04:00","source":{"id":"0","name":"eventBus"}}
{"__type":"$$EventMessageNode","id":"13b96bd1-12e3-4da5-bf83-0c94639adfe3","ts":"2026-04-04T17:22:37.146-04:00","eventName":"n8n.node.finished","message":"n8n.node.finished","payload":{"workflowId":"YIYJI8ZkPUi59kQQ","workflowName":"My workflow","executionId":"36","nodeType":"@n8n/n8n-nodes-langchain.lmChatGoogleGemini","nodeName":"Google Gemini Chat Model","nodeId":"cc97ad8b-5a79-4373-a561-d36a9275785e"}}
{"__type":"$$EventMessageConfirm","confirm":"13b96bd1-12e3-4da5-bf83-0c94639adfe3","ts":"2026-04-04T17:22:37.146-04:00","source":{"id":"0","name":"eventBus"}}
{"__type":"$$EventMessageAiNode","id":"e46e9a14-aaaa-42fb-ac5f-9383b78d6859","ts":"2026-04-04T17:22:37.147-04:00","eventName":"n8n.ai.llm.generated","message":"n8n.ai.llm.generated","payload":{"executionId":"36","nodeName":"Google Gemini Chat Model","workflowName":"My workflow","nodeType":"@n8n/n8n-nodes-langchain.lmChatGoogleGemini","workflowId":"YIYJI8ZkPUi59kQQ","msg":"{\"messages\":[\"Human: Eres un asistente de ServiceDesk.\\n\\nTu trabajo es:\\n1. Crear tickets\\n2. Consultar tickets\\n\\nSi el usuario quiere crear un ticket, devuelve:\\n{\\n  \\\"accion\\\": \\\"crear\\\",\\n  \\\"data\\\": {\\n    \\\"solicitante\\\": \\\"...\\\",\\n    \\\"tipo_solicitud\\\": \\\"...\\\",\\n    \\\"prioridad\\\": \\\"...\\\",\\n    \\\"categoria\\\": \\\"...\\\",\\n    \\\"subcategoria\\\": \\\"...\\\",\\n    \\\"articulo\\\": \\\"...\\\",\\n    \\\"asunto\\\": \\\"...\\\",\\n    \\\"descripcion_html\\\": \\\"...\\\"\\n  }\\n}\\n\\nSi quiere consultar:\\n{\\n  \\\"accion\\\": \\\"listar\\\"\\n}\\n\\nUsuario dijo:\\nHola\\nAI: Hola, ¿en qué puedo ayudarte hoy? ¿Necesitas crear un ticket o consultar uno existente?\\nHuman: Eres un asistente de ServiceDesk.\\n\\nTu trabajo es:\\n1. Crear tickets\\n2. Consultar tickets\\n\\nSi el usuario quiere crear un ticket, devuelve:\\n{\\n  \\\"accion\\\": \\\"crear\\\",\\n  \\\"data\\\": {\\n    \\\"solicitante\\\": \\\"...\\\",\\n    \\\"tipo_solicitud\\\": \\\"...\\\",\\n    \\\"prioridad\\\": \\\"...\\\",\\n    \\\"categoria\\\": \\\"...\\\",\\n    \\\"subcategoria\\\": \\\"...\\\",\\n    \\\"articulo\\\": \\\"...\\\",\\n    \\\"asunto\\\": \\\"...\\\",\\n    \\\"descripcion_html\\\": \\\"...\\\"\\n  }\\n}\\n\\nSi quiere consultar:\\n{\\n  \\\"accion\\\": \\\"listar\\\"\\n}\\n\\nUsuario dijo:\\nHola\\nAI: Hola, ¿en qué puedo ayudarte hoy? ¿Necesitas crear un ticket o consultar uno existente?\\nHuman: Eres un asistente de ServiceDesk.\\n\\nTu trabajo es:\\n1. Crear tickets\\n2. Consultar tickets\\n\\nSi el usuario quiere crear un ticket, devuelve:\\n{\\n  \\\"accion\\\": \\\"crear\\\",\\n  \\\"data\\\": {\\n    \\\"solicitante\\\": \\\"...\\\",\\n    \\\"tipo_solicitud\\\": \\\"...\\\",\\n    \\\"prioridad\\\": \\\"...\\\",\\n    \\\"categoria\\\": \\\"...\\\",\\n    \\\"subcategoria\\\": \\\"...\\\",\\n    \\\"articulo\\\": \\\"...\\\",\\n    \\\"asunto\\\": \\\"...\\\",\\n    \\\"descripcion_html\\\": \\\"...\\\"\\n  }\\n}\\n\\nSi quiere consultar:\\n{\\n  \\\"accion\\\": \\\"listar\\\"\\n}\\n\\nUsuario dijo:\\nQué tal como va todo?\\nAI: Hola, ¿en qué puedo ayudarte hoy? ¿Necesitas crear un ticket o consultar uno existente?\\nHuman: Eres un asistente de ServiceDesk.\\n\\nTu trabajo es:\\n1. Crear tickets\\n2. Consultar tickets\\n\\nSi el usuario quiere crear un ticket, devuelve:\\n{\\n  \\\"accion\\\": \\\"crear\\\",\\n  \\\"data\\\": {\\n    \\\"solicitante\\\": \\\"...\\\",\\n    \\\"tipo_solicitud\\\": \\\"...\\\",\\n    \\\"prioridad\\\": \\\"...\\\",\\n    \\\"categoria\\\": \\\"...\\\",\\n    \\\"subcategoria\\\": \\\"...\\\",\\n    \\\"articulo\\\": \\\"...\\\",\\n    \\\"asunto\\\": \\\"...\\\",\\n    \\\"descripcion_html\\\": \\\"...\\\"\\n  }\\n}\\n\\nSi quiere consultar:\\n{\\n  \\\"accion\\\": \\\"listar\\\"\\n}\\n\\nUsuario dijo:\\nEstoy haciendo pruebas contigo, respondeme otra cosa por favor, lo que sea\\nAI: Entiendo. Estoy aquí para ayudarte con la creación o consulta de tickets. Si en algún momento necesitas asistencia con eso, házmelo saber. De lo contrario, ¿hay algo más en lo que pueda ayudarte fuera de esas dos funciones?\\nHuman: Eres un asistente de ServiceDesk.\\n\\nTu trabajo es:\\n1. Crear tickets\\n2. Consultar tickets\\n\\nSi el usuario quiere crear un ticket, devuelve:\\n{\\n  \\\"accion\\\": \\\"crear\\\",\\n  \\\"data\\\": {\\n    \\\"solicitante\\\": \\\"...\\\",\\n    \\\"tipo_solicitud\\\": \\\"...\\\",\\n    \\\"prioridad\\\": \\\"...\\\",\\n    \\\"categoria\\\": \\\"...\\\",\\n    \\\"subcategoria\\\": \\\"...\\\",\\n    \\\"articulo\\\": \\\"...\\\",\\n    \\\"asunto\\\": \\\"...\\\",\\n    \\\"descripcion_html\\\": \\\"...\\\"\\n  }\\n}\\n\\nSi quiere consultar:\\n{\\n  \\\"accion\\\": \\\"listar\\\"\\n}\\n\\nUsuario dijo:\\nNo puedo acceder a la aplicación de WhatsApp desde mi celular, me sale error al iniciar sesión. Por favor crea un ticket de incidencia con prioridad media.\\nAI: ```json\\n{\\n  \\\"accion\\\": \\\"crear\\\",\\n  \\\"data\\\": {\\n    \\\"solicitante\\\": \\\"...\\\",\\n    \\\"tipo_solicitud\\\": \\\"incidencia\\\",\\n    \\\"prioridad\\\": \\\"media\\\",\\n    \\\"categoria\\\": \\\"...\\\",\\n    \\\"subcategoria\\\": \\\"...\\\",\\n    \\\"articulo\\\": \\\"...\\\",\\n    \\\"asunto\\\": \\\"No puedo acceder a la aplicación de WhatsApp desde mi celular, me sale error al iniciar sesión\\\",\\n    \\\"descripcion_html\\\": \\\"No puedo acceder a la aplicación de WhatsApp desde mi celular, me sale error al iniciar sesión.\\\"\\n  }\\n}\\n```\\nHuman: Eres un asistente inteligente de ServiceDesk.\\n\\nTu función principal es ayudar a los usuarios a resolver problemas relacionados con TI.\\n\\nDispones de una herramienta llamada crear_ticket que debes usar cuando el usuario reporta un problema o solicita crear un ticket.\\n\\nReglas importantes:\\n\\n- Si el usuario describe un problema (por ejemplo: no puede acceder a una aplicación, tiene errores, fallas, etc.), debes usar la herramienta crear_ticket.\\n- No devuelvas JSON manualmente.\\n- No expliques que usarás una herramienta, simplemente úsala.\\n\\nPara usar la herramienta crear_ticket, debes enviar estos campos:\\n\\n- solicitante: usa \\\"web-user\\\"\\n- tipo_solicitud: \\\"Incidencia\\\" si es un problema, o \\\"Requerimiento\\\" si es una solicitud\\n- prioridad: detecta \\\"Alta\\\", \\\"Media\\\" o \\\"Baja\\\" según el mensaje (por defecto \\\"Media\\\")\\n- categoria: \\\"Aplicaciones\\\"\\n- subcategoria: \\\"General\\\"\\n- articulo: el nombre de la aplicación o sistema (por ejemplo: WhatsApp, SAP, Outlook)\\n- asunto: un resumen corto del problema\\n- descripcion_html: una descripción clara del problema del usuario\\n\\nSi el usuario no está reportando un problema, responde normalmente como un asistente conversacional.\\n\\nDespués de crear el ticket, responde indicando que el ticket fue creado correctamente.\\n\\nUsuario dijo:\\nHola\"],\"options\":{\"google_api_key\":{\"lc\":1,\"type\":\"secret\",\"id\":[\"GOOGLE_API_KEY\"]},\"base_url\":\"https://generativelanguage.googleapis.com\",\"model\":\"gemini-2.5-flash\"},\"response\":{\"response\":{\"generations\":[[{\"text\":\"Hola, ¿en qué puedo ayudarte hoy?\",\"generationInfo\":{\"finishReason\":\"STOP\",\"index\":0}}]]},\"tokenUsage\":{\"completionTokens\":9,\"promptTokens\":1354,\"totalTokens\":1363}}}"}}
{"__type":"$$EventMessageConfirm","confirm":"e46e9a14-aaaa-42fb-ac5f-9383b78d6859","ts":"2026-04-04T17:22:37.147-04:00","source":{"id":"0","name":"eventBus"}}
{"__type":"$$EventMessageNode","id":"e2c8f604-02ab-49eb-aa7a-8890657d62fc","ts":"2026-04-04T17:22:37.147-04:00","eventName":"n8n.node.started","message":"n8n.node.started","payload":{"workflowId":"YIYJI8ZkPUi59kQQ","workflowName":"My workflow","executionId":"36","nodeType":"@n8n/n8n-nodes-langchain.memoryMongoDbChat","nodeName":"MongoDB Chat Memory","nodeId":"754b91b0-51fa-4134-b475-fabea68a7ceb"}}
{"__type":"$$EventMessageConfirm","confirm":"e2c8f604-02ab-49eb-aa7a-8890657d62fc","ts":"2026-04-04T17:22:37.147-04:00","source":{"id":"0","name":"eventBus"}}
{"__type":"$$EventMessageNode","id":"d12157de-066a-4aa8-8b9d-1f733b052fe5","ts":"2026-04-04T17:22:37.162-04:00","eventName":"n8n.node.finished","message":"n8n.node.finished","payload":{"workflowId":"YIYJI8ZkPUi59kQQ","workflowName":"My workflow","executionId":"36","nodeType":"@n8n/n8n-nodes-langchain.memoryMongoDbChat","nodeName":"MongoDB Chat Memory","nodeId":"754b91b0-51fa-4134-b475-fabea68a7ceb"}}
{"__type":"$$EventMessageConfirm","confirm":"d12157de-066a-4aa8-8b9d-1f733b052fe5","ts":"2026-04-04T17:22:37.162-04:00","source":{"id":"0","name":"eventBus"}}
{"__type":"$$EventMessageNode","id":"d4e46f96-a90f-4eaf-99d9-80bf0ecb6aa1","ts":"2026-04-04T17:22:37.167-04:00","eventName":"n8n.node.finished","message":"n8n.node.finished","payload":{"workflowId":"YIYJI8ZkPUi59kQQ","workflowName":"My workflow","executionId":"36","nodeType":"@n8n/n8n-nodes-langchain.agent","nodeName":"AI Agent","nodeId":"9a07d0c0-fee7-4cf3-bf7c-e89cbd9d96c9"}}
{"__type":"$$EventMessageConfirm","confirm":"d4e46f96-a90f-4eaf-99d9-80bf0ecb6aa1","ts":"2026-04-04T17:22:37.167-04:00","source":{"id":"0","name":"eventBus"}}
{"__type":"$$EventMessageNode","id":"16ff0d00-2972-410c-83a3-6b697b9b683f","ts":"2026-04-04T17:22:37.167-04:00","eventName":"n8n.node.started","message":"n8n.node.started","payload":{"workflowId":"YIYJI8ZkPUi59kQQ","workflowName":"My workflow","executionId":"36","nodeType":"n8n-nodes-base.respondToWebhook","nodeName":"Respond to Webhook","nodeId":"4299c8c6-af2f-4b17-be27-4cb1faf7742f"}}
{"__type":"$$EventMessageConfirm","confirm":"16ff0d00-2972-410c-83a3-6b697b9b683f","ts":"2026-04-04T17:22:37.167-04:00","source":{"id":"0","name":"eventBus"}}
{"__type":"$$EventMessageNode","id":"269a006f-82b5-4295-ba96-784d4275be0f","ts":"2026-04-04T17:22:37.172-04:00","eventName":"n8n.node.finished","message":"n8n.node.finished","payload":{"workflowId":"YIYJI8ZkPUi59kQQ","workflowName":"My workflow","executionId":"36","nodeType":"n8n-nodes-base.respondToWebhook","nodeName":"Respond to Webhook","nodeId":"4299c8c6-af2f-4b17-be27-4cb1faf7742f"}}
{"__type":"$$EventMessageConfirm","confirm":"269a006f-82b5-4295-ba96-784d4275be0f","ts":"2026-04-04T17:22:37.172-04:00","source":{"id":"0","name":"eventBus"}}
{"__type":"$$EventMessageWorkflow","id":"24b91140-e1b2-41b1-8da1-e4577f218b81","ts":"2026-04-04T17:22:37.173-04:00","eventName":"n8n.workflow.success","message":"n8n.workflow.success","payload":{"executionId":"36","success":true,"isManual":false,"mode":"webhook","workflowId":"YIYJI8ZkPUi59kQQ","workflowName":"My workflow"}}
{"__type":"$$EventMessageConfirm","confirm":"24b91140-e1b2-41b1-8da1-e4577f218b81","ts":"2026-04-04T17:22:37.173-04:00","source":{"id":"0","name":"eventBus"}}
{"__type":"$$EventMessageWorkflow","id":"5e40b1dd-dda6-4d89-800c-1c1e360aae04","ts":"2026-04-04T17:22:45.311-04:00","eventName":"n8n.workflow.started","message":"n8n.workflow.started","payload":{"executionId":"37","workflowId":"YIYJI8ZkPUi59kQQ","isManual":false,"mode":"webhook","workflowName":"My workflow"}}
{"__type":"$$EventMessageConfirm","confirm":"5e40b1dd-dda6-4d89-800c-1c1e360aae04","ts":"2026-04-04T17:22:45.312-04:00","source":{"id":"0","name":"eventBus"}}
{"__type":"$$EventMessageAudit","id":"e23f28bb-98e4-4c09-82a0-5a2bdc0f009e","ts":"2026-04-04T17:22:45.312-04:00","eventName":"n8n.audit.workflow.executed","message":"n8n.audit.workflow.executed","payload":{"workflowId":"YIYJI8ZkPUi59kQQ","workflowName":"My workflow","executionId":"37","source":"webhook"}}
{"__type":"$$EventMessageConfirm","confirm":"e23f28bb-98e4-4c09-82a0-5a2bdc0f009e","ts":"2026-04-04T17:22:45.312-04:00","source":{"id":"0","name":"eventBus"}}
{"__type":"$$EventMessageNode","id":"203c554e-641c-4eb5-9685-8f6a63b42be9","ts":"2026-04-04T17:22:45.312-04:00","eventName":"n8n.node.started","message":"n8n.node.started","payload":{"workflowId":"YIYJI8ZkPUi59kQQ","workflowName":"My workflow","executionId":"37","nodeType":"n8n-nodes-base.webhook","nodeName":"Webhook","nodeId":"209ba0bd-158f-46b3-92d3-3e67fbfaeb46"}}
{"__type":"$$EventMessageConfirm","confirm":"203c554e-641c-4eb5-9685-8f6a63b42be9","ts":"2026-04-04T17:22:45.312-04:00","source":{"id":"0","name":"eventBus"}}
{"__type":"$$EventMessageNode","id":"47fa6803-17e8-428f-b36b-c029af7ee933","ts":"2026-04-04T17:22:45.312-04:00","eventName":"n8n.node.finished","message":"n8n.node.finished","payload":{"workflowId":"YIYJI8ZkPUi59kQQ","workflowName":"My workflow","executionId":"37","nodeType":"n8n-nodes-base.webhook","nodeName":"Webhook","nodeId":"209ba0bd-158f-46b3-92d3-3e67fbfaeb46"}}
{"__type":"$$EventMessageConfirm","confirm":"47fa6803-17e8-428f-b36b-c029af7ee933","ts":"2026-04-04T17:22:45.313-04:00","source":{"id":"0","name":"eventBus"}}
{"__type":"$$EventMessageNode","id":"68bef32f-1e3c-4dd5-a3ab-f7d9f06956ff","ts":"2026-04-04T17:22:45.313-04:00","eventName":"n8n.node.started","message":"n8n.node.started","payload":{"workflowId":"YIYJI8ZkPUi59kQQ","workflowName":"My workflow","executionId":"37","nodeType":"@n8n/n8n-nodes-langchain.agent","nodeName":"AI Agent","nodeId":"9a07d0c0-fee7-4cf3-bf7c-e89cbd9d96c9"}}
{"__type":"$$EventMessageConfirm","confirm":"68bef32f-1e3c-4dd5-a3ab-f7d9f06956ff","ts":"2026-04-04T17:22:45.313-04:00","source":{"id":"0","name":"eventBus"}}
{"__type":"$$EventMessageNode","id":"68735365-96cc-4a4f-b2c4-b49705def435","ts":"2026-04-04T17:22:45.355-04:00","eventName":"n8n.node.started","message":"n8n.node.started","payload":{"workflowId":"YIYJI8ZkPUi59kQQ","workflowName":"My workflow","executionId":"37","nodeType":"@n8n/n8n-nodes-langchain.memoryMongoDbChat","nodeName":"MongoDB Chat Memory","nodeId":"754b91b0-51fa-4134-b475-fabea68a7ceb"}}
{"__type":"$$EventMessageConfirm","confirm":"68735365-96cc-4a4f-b2c4-b49705def435","ts":"2026-04-04T17:22:45.355-04:00","source":{"id":"0","name":"eventBus"}}
{"__type":"$$EventMessageNode","id":"d104a84a-e82d-4268-a98b-23478bc326a3","ts":"2026-04-04T17:22:45.359-04:00","eventName":"n8n.node.finished","message":"n8n.node.finished","payload":{"workflowId":"YIYJI8ZkPUi59kQQ","workflowName":"My workflow","executionId":"37","nodeType":"@n8n/n8n-nodes-langchain.memoryMongoDbChat","nodeName":"MongoDB Chat Memory","nodeId":"754b91b0-51fa-4134-b475-fabea68a7ceb"}}
{"__type":"$$EventMessageConfirm","confirm":"d104a84a-e82d-4268-a98b-23478bc326a3","ts":"2026-04-04T17:22:45.359-04:00","source":{"id":"0","name":"eventBus"}}
{"__type":"$$EventMessageNode","id":"9692c269-19b8-47a4-9409-ee8472e73e1c","ts":"2026-04-04T17:22:45.380-04:00","eventName":"n8n.node.started","message":"n8n.node.started","payload":{"workflowId":"YIYJI8ZkPUi59kQQ","workflowName":"My workflow","executionId":"37","nodeType":"@n8n/n8n-nodes-langchain.lmChatGoogleGemini","nodeName":"Google Gemini Chat Model","nodeId":"cc97ad8b-5a79-4373-a561-d36a9275785e"}}
{"__type":"$$EventMessageConfirm","confirm":"9692c269-19b8-47a4-9409-ee8472e73e1c","ts":"2026-04-04T17:22:45.380-04:00","source":{"id":"0","name":"eventBus"}}
{"__type":"$$EventMessageNode","id":"e3ce8131-ea53-44d5-99f6-3288f6b2ca3f","ts":"2026-04-04T17:22:48.268-04:00","eventName":"n8n.node.finished","message":"n8n.node.finished","payload":{"workflowId":"YIYJI8ZkPUi59kQQ","workflowName":"My workflow","executionId":"37","nodeType":"@n8n/n8n-nodes-langchain.lmChatGoogleGemini","nodeName":"Google Gemini Chat Model","nodeId":"cc97ad8b-5a79-4373-a561-d36a9275785e"}}
{"__type":"$$EventMessageConfirm","confirm":"e3ce8131-ea53-44d5-99f6-3288f6b2ca3f","ts":"2026-04-04T17:22:48.269-04:00","source":{"id":"0","name":"eventBus"}}
{"__type":"$$EventMessageAiNode","id":"82efdb5f-b377-4d9c-9c97-77381ac20742","ts":"2026-04-04T17:22:48.269-04:00","eventName":"n8n.ai.llm.generated","message":"n8n.ai.llm.generated","payload":{"executionId":"37","nodeName":"Google Gemini Chat Model","workflowName":"My workflow","nodeType":"@n8n/n8n-nodes-langchain.lmChatGoogleGemini","workflowId":"YIYJI8ZkPUi59kQQ","msg":"{\"messages\":[\"Human: Eres un asistente de ServiceDesk.\\n\\nTu trabajo es:\\n1. Crear tickets\\n2. Consultar tickets\\n\\nSi el usuario quiere crear un ticket, devuelve:\\n{\\n  \\\"accion\\\": \\\"crear\\\",\\n  \\\"data\\\": {\\n    \\\"solicitante\\\": \\\"...\\\",\\n    \\\"tipo_solicitud\\\": \\\"...\\\",\\n    \\\"prioridad\\\": \\\"...\\\",\\n    \\\"categoria\\\": \\\"...\\\",\\n    \\\"subcategoria\\\": \\\"...\\\",\\n    \\\"articulo\\\": \\\"...\\\",\\n    \\\"asunto\\\": \\\"...\\\",\\n    \\\"descripcion_html\\\": \\\"...\\\"\\n  }\\n}\\n\\nSi quiere consultar:\\n{\\n  \\\"accion\\\": \\\"listar\\\"\\n}\\n\\nUsuario dijo:\\nHola\\nAI: Hola, ¿en qué puedo ayudarte hoy? ¿Necesitas crear un ticket o consultar uno existente?\\nHuman: Eres un asistente de ServiceDesk.\\n\\nTu trabajo es:\\n1. Crear tickets\\n2. Consultar tickets\\n\\nSi el usuario quiere crear un ticket, devuelve:\\n{\\n  \\\"accion\\\": \\\"crear\\\",\\n  \\\"data\\\": {\\n    \\\"solicitante\\\": \\\"...\\\",\\n    \\\"tipo_solicitud\\\": \\\"...\\\",\\n    \\\"prioridad\\\": \\\"...\\\",\\n    \\\"categoria\\\": \\\"...\\\",\\n    \\\"subcategoria\\\": \\\"...\\\",\\n    \\\"articulo\\\": \\\"...\\\",\\n    \\\"asunto\\\": \\\"...\\\",\\n    \\\"descripcion_html\\\": \\\"...\\\"\\n  }\\n}\\n\\nSi quiere consultar:\\n{\\n  \\\"accion\\\": \\\"listar\\\"\\n}\\n\\nUsuario dijo:\\nQué tal como va todo?\\nAI: Hola, ¿en qué puedo ayudarte hoy? ¿Necesitas crear un ticket o consultar uno existente?\\nHuman: Eres un asistente de ServiceDesk.\\n\\nTu trabajo es:\\n1. Crear tickets\\n2. Consultar tickets\\n\\nSi el usuario quiere crear un ticket, devuelve:\\n{\\n  \\\"accion\\\": \\\"crear\\\",\\n  \\\"data\\\": {\\n    \\\"solicitante\\\": \\\"...\\\",\\n    \\\"tipo_solicitud\\\": \\\"...\\\",\\n    \\\"prioridad\\\": \\\"...\\\",\\n    \\\"categoria\\\": \\\"...\\\",\\n    \\\"subcategoria\\\": \\\"...\\\",\\n    \\\"articulo\\\": \\\"...\\\",\\n    \\\"asunto\\\": \\\"...\\\",\\n    \\\"descripcion_html\\\": \\\"...\\\"\\n  }\\n}\\n\\nSi quiere consultar:\\n{\\n  \\\"accion\\\": \\\"listar\\\"\\n}\\n\\nUsuario dijo:\\nEstoy haciendo pruebas contigo, respondeme otra cosa por favor, lo que sea\\nAI: Entiendo. Estoy aquí para ayudarte con la creación o consulta de tickets. Si en algún momento necesitas asistencia con eso, házmelo saber. De lo contrario, ¿hay algo más en lo que pueda ayudarte fuera de esas dos funciones?\\nHuman: Eres un asistente de ServiceDesk.\\n\\nTu trabajo es:\\n1. Crear tickets\\n2. Consultar tickets\\n\\nSi el usuario quiere crear un ticket, devuelve:\\n{\\n  \\\"accion\\\": \\\"crear\\\",\\n  \\\"data\\\": {\\n    \\\"solicitante\\\": \\\"...\\\",\\n    \\\"tipo_solicitud\\\": \\\"...\\\",\\n    \\\"prioridad\\\": \\\"...\\\",\\n    \\\"categoria\\\": \\\"...\\\",\\n    \\\"subcategoria\\\": \\\"...\\\",\\n    \\\"articulo\\\": \\\"...\\\",\\n    \\\"asunto\\\": \\\"...\\\",\\n    \\\"descripcion_html\\\": \\\"...\\\"\\n  }\\n}\\n\\nSi quiere consultar:\\n{\\n  \\\"accion\\\": \\\"listar\\\"\\n}\\n\\nUsuario dijo:\\nNo puedo acceder a la aplicación de WhatsApp desde mi celular, me sale error al iniciar sesión. Por favor crea un ticket de incidencia con prioridad media.\\nAI: ```json\\n{\\n  \\\"accion\\\": \\\"crear\\\",\\n  \\\"data\\\": {\\n    \\\"solicitante\\\": \\\"...\\\",\\n    \\\"tipo_solicitud\\\": \\\"incidencia\\\",\\n    \\\"prioridad\\\": \\\"media\\\",\\n    \\\"categoria\\\": \\\"...\\\",\\n    \\\"subcategoria\\\": \\\"...\\\",\\n    \\\"articulo\\\": \\\"...\\\",\\n    \\\"asunto\\\": \\\"No puedo acceder a la aplicación de WhatsApp desde mi celular, me sale error al iniciar sesión\\\",\\n    \\\"descripcion_html\\\": \\\"No puedo acceder a la aplicación de WhatsApp desde mi celular, me sale error al iniciar sesión.\\\"\\n  }\\n}\\n```\\nHuman: Eres un asistente inteligente de ServiceDesk.\\n\\nTu función principal es ayudar a los usuarios a resolver problemas relacionados con TI.\\n\\nDispones de una herramienta llamada crear_ticket que debes usar cuando el usuario reporta un problema o solicita crear un ticket.\\n\\nReglas importantes:\\n\\n- Si el usuario describe un problema (por ejemplo: no puede acceder a una aplicación, tiene errores, fallas, etc.), debes usar la herramienta crear_ticket.\\n- No devuelvas JSON manualmente.\\n- No expliques que usarás una herramienta, simplemente úsala.\\n\\nPara usar la herramienta crear_ticket, debes enviar estos campos:\\n\\n- solicitante: usa \\\"web-user\\\"\\n- tipo_solicitud: \\\"Incidencia\\\" si es un problema, o \\\"Requerimiento\\\" si es una solicitud\\n- prioridad: detecta \\\"Alta\\\", \\\"Media\\\" o \\\"Baja\\\" según el mensaje (por defecto \\\"Media\\\")\\n- categoria: \\\"Aplicaciones\\\"\\n- subcategoria: \\\"General\\\"\\n- articulo: el nombre de la aplicación o sistema (por ejemplo: WhatsApp, SAP, Outlook)\\n- asunto: un resumen corto del problema\\n- descripcion_html: una descripción clara del problema del usuario\\n\\nSi el usuario no está reportando un problema, responde normalmente como un asistente conversacional.\\n\\nDespués de crear el ticket, responde indicando que el ticket fue creado correctamente.\\n\\nUsuario dijo:\\nHola\\nAI: Hola, ¿en qué puedo ayudarte hoy?\\nHuman: Eres un asistente inteligente de ServiceDesk.\\n\\nTu función principal es ayudar a los usuarios a resolver problemas relacionados con TI.\\n\\nDispones de una herramienta llamada crear_ticket que debes usar cuando el usuario reporta un problema o solicita crear un ticket.\\n\\nReglas importantes:\\n\\n- Si el usuario describe un problema (por ejemplo: no puede acceder a una aplicación, tiene errores, fallas, etc.), debes usar la herramienta crear_ticket.\\n- No devuelvas JSON manualmente.\\n- No expliques que usarás una herramienta, simplemente úsala.\\n\\nPara usar la herramienta crear_ticket, debes enviar estos campos:\\n\\n- solicitante: usa \\\"web-user\\\"\\n- tipo_solicitud: \\\"Incidencia\\\" si es un problema, o \\\"Requerimiento\\\" si es una solicitud\\n- prioridad: detecta \\\"Alta\\\", \\\"Media\\\" o \\\"Baja\\\" según el mensaje (por defecto \\\"Media\\\")\\n- categoria: \\\"Aplicaciones\\\"\\n- subcategoria: \\\"General\\\"\\n- articulo: el nombre de la aplicación o sistema (por ejemplo: WhatsApp, SAP, Outlook)\\n- asunto: un resumen corto del problema\\n- descripcion_html: una descripción clara del problema del usuario\\n\\nSi el usuario no está reportando un problema, responde normalmente como un asistente conversacional.\\n\\nDespués de crear el ticket, responde indicando que el ticket fue creado correctamente.\\n\\nUsuario dijo:\\nNo puedo acceder a WhatsApp desde mi celular\"],\"options\":{\"google_api_key\":{\"lc\":1,\"type\":\"secret\",\"id\":[\"GOOGLE_API_KEY\"]},\"base_url\":\"https://generativelanguage.googleapis.com\",\"model\":\"gemini-2.5-flash\"},\"response\":{\"response\":{\"generations\":[[{\"text\":\"\",\"generationInfo\":{\"finishReason\":\"STOP\",\"index\":0,\"finishMessage\":\"Model generated function call(s).\"}}]]},\"tokenUsage\":{\"completionTokens\":78,\"promptTokens\":1497,\"totalTokens\":1575}}}"}}
{"__type":"$$EventMessageConfirm","confirm":"82efdb5f-b377-4d9c-9c97-77381ac20742","ts":"2026-04-04T17:22:48.269-04:00","source":{"id":"0","name":"eventBus"}}
{"__type":"$$EventMessageNode","id":"42684431-1c20-4785-92ab-9fb07f8dcd8f","ts":"2026-04-04T17:22:48.270-04:00","eventName":"n8n.node.started","message":"n8n.node.started","payload":{"workflowId":"YIYJI8ZkPUi59kQQ","workflowName":"My workflow","executionId":"37","nodeType":"n8n-nodes-base.httpRequestTool","nodeName":"crear_ticket","nodeId":"d652dc57-d83b-43ef-b214-991d6c64acd0"}}
{"__type":"$$EventMessageConfirm","confirm":"42684431-1c20-4785-92ab-9fb07f8dcd8f","ts":"2026-04-04T17:22:48.270-04:00","source":{"id":"0","name":"eventBus"}}
{"__type":"$$EventMessageNode","id":"da3a0fd8-d10f-42b7-ad25-12a8c481d7a4","ts":"2026-04-04T17:22:48.673-04:00","eventName":"n8n.node.finished","message":"n8n.node.finished","payload":{"workflowId":"YIYJI8ZkPUi59kQQ","workflowName":"My workflow","executionId":"37","nodeType":"n8n-nodes-base.httpRequestTool","nodeName":"crear_ticket","nodeId":"d652dc57-d83b-43ef-b214-991d6c64acd0"}}
{"__type":"$$EventMessageConfirm","confirm":"da3a0fd8-d10f-42b7-ad25-12a8c481d7a4","ts":"2026-04-04T17:22:48.673-04:00","source":{"id":"0","name":"eventBus"}}
{"__type":"$$EventMessageNode","id":"910465c8-e7f0-4ac4-93f5-1719d8f6cbba","ts":"2026-04-04T17:22:48.703-04:00","eventName":"n8n.node.started","message":"n8n.node.started","payload":{"workflowId":"YIYJI8ZkPUi59kQQ","workflowName":"My workflow","executionId":"37","nodeType":"@n8n/n8n-nodes-langchain.memoryMongoDbChat","nodeName":"MongoDB Chat Memory","nodeId":"754b91b0-51fa-4134-b475-fabea68a7ceb"}}
{"__type":"$$EventMessageConfirm","confirm":"910465c8-e7f0-4ac4-93f5-1719d8f6cbba","ts":"2026-04-04T17:22:48.703-04:00","source":{"id":"0","name":"eventBus"}}
{"__type":"$$EventMessageNode","id":"19c7b50f-7046-4ca8-86bc-000d68c2bd7c","ts":"2026-04-04T17:22:48.707-04:00","eventName":"n8n.node.finished","message":"n8n.node.finished","payload":{"workflowId":"YIYJI8ZkPUi59kQQ","workflowName":"My workflow","executionId":"37","nodeType":"@n8n/n8n-nodes-langchain.memoryMongoDbChat","nodeName":"MongoDB Chat Memory","nodeId":"754b91b0-51fa-4134-b475-fabea68a7ceb"}}
{"__type":"$$EventMessageConfirm","confirm":"19c7b50f-7046-4ca8-86bc-000d68c2bd7c","ts":"2026-04-04T17:22:48.707-04:00","source":{"id":"0","name":"eventBus"}}
{"__type":"$$EventMessageNode","id":"b5ff7d08-0e56-40cc-8c79-ddf75484750a","ts":"2026-04-04T17:22:48.722-04:00","eventName":"n8n.node.started","message":"n8n.node.started","payload":{"workflowId":"YIYJI8ZkPUi59kQQ","workflowName":"My workflow","executionId":"37","nodeType":"@n8n/n8n-nodes-langchain.lmChatGoogleGemini","nodeName":"Google Gemini Chat Model","nodeId":"cc97ad8b-5a79-4373-a561-d36a9275785e"}}
{"__type":"$$EventMessageConfirm","confirm":"b5ff7d08-0e56-40cc-8c79-ddf75484750a","ts":"2026-04-04T17:22:48.722-04:00","source":{"id":"0","name":"eventBus"}}
{"__type":"$$EventMessageNode","id":"2336ad07-8173-41d3-a108-b968e69cd020","ts":"2026-04-04T17:22:49.668-04:00","eventName":"n8n.node.finished","message":"n8n.node.finished","payload":{"workflowId":"YIYJI8ZkPUi59kQQ","workflowName":"My workflow","executionId":"37","nodeType":"@n8n/n8n-nodes-langchain.lmChatGoogleGemini","nodeName":"Google Gemini Chat Model","nodeId":"cc97ad8b-5a79-4373-a561-d36a9275785e"}}
{"__type":"$$EventMessageConfirm","confirm":"2336ad07-8173-41d3-a108-b968e69cd020","ts":"2026-04-04T17:22:49.668-04:00","source":{"id":"0","name":"eventBus"}}
{"__type":"$$EventMessageAiNode","id":"0d36dfcd-3a8a-48d9-ad56-db9a57bfccb9","ts":"2026-04-04T17:22:49.668-04:00","eventName":"n8n.ai.llm.generated","message":"n8n.ai.llm.generated","payload":{"executionId":"37","nodeName":"Google Gemini Chat Model","workflowName":"My workflow","nodeType":"@n8n/n8n-nodes-langchain.lmChatGoogleGemini","workflowId":"YIYJI8ZkPUi59kQQ","msg":"{\"messages\":[\"Human: Eres un asistente de ServiceDesk.\\n\\nTu trabajo es:\\n1. Crear tickets\\n2. Consultar tickets\\n\\nSi el usuario quiere crear un ticket, devuelve:\\n{\\n  \\\"accion\\\": \\\"crear\\\",\\n  \\\"data\\\": {\\n    \\\"solicitante\\\": \\\"...\\\",\\n    \\\"tipo_solicitud\\\": \\\"...\\\",\\n    \\\"prioridad\\\": \\\"...\\\",\\n    \\\"categoria\\\": \\\"...\\\",\\n    \\\"subcategoria\\\": \\\"...\\\",\\n    \\\"articulo\\\": \\\"...\\\",\\n    \\\"asunto\\\": \\\"...\\\",\\n    \\\"descripcion_html\\\": \\\"...\\\"\\n  }\\n}\\n\\nSi quiere consultar:\\n{\\n  \\\"accion\\\": \\\"listar\\\"\\n}\\n\\nUsuario dijo:\\nHola\\nAI: Hola, ¿en qué puedo ayudarte hoy? ¿Necesitas crear un ticket o consultar uno existente?\\nHuman: Eres un asistente de ServiceDesk.\\n\\nTu trabajo es:\\n1. Crear tickets\\n2. Consultar tickets\\n\\nSi el usuario quiere crear un ticket, devuelve:\\n{\\n  \\\"accion\\\": \\\"crear\\\",\\n  \\\"data\\\": {\\n    \\\"solicitante\\\": \\\"...\\\",\\n    \\\"tipo_solicitud\\\": \\\"...\\\",\\n    \\\"prioridad\\\": \\\"...\\\",\\n    \\\"categoria\\\": \\\"...\\\",\\n    \\\"subcategoria\\\": \\\"...\\\",\\n    \\\"articulo\\\": \\\"...\\\",\\n    \\\"asunto\\\": \\\"...\\\",\\n    \\\"descripcion_html\\\": \\\"...\\\"\\n  }\\n}\\n\\nSi quiere consultar:\\n{\\n  \\\"accion\\\": \\\"listar\\\"\\n}\\n\\nUsuario dijo:\\nQué tal como va todo?\\nAI: Hola, ¿en qué puedo ayudarte hoy? ¿Necesitas crear un ticket o consultar uno existente?\\nHuman: Eres un asistente de ServiceDesk.\\n\\nTu trabajo es:\\n1. Crear tickets\\n2. Consultar tickets\\n\\nSi el usuario quiere crear un ticket, devuelve:\\n{\\n  \\\"accion\\\": \\\"crear\\\",\\n  \\\"data\\\": {\\n    \\\"solicitante\\\": \\\"...\\\",\\n    \\\"tipo_solicitud\\\": \\\"...\\\",\\n    \\\"prioridad\\\": \\\"...\\\",\\n    \\\"categoria\\\": \\\"...\\\",\\n    \\\"subcategoria\\\": \\\"...\\\",\\n    \\\"articulo\\\": \\\"...\\\",\\n    \\\"asunto\\\": \\\"...\\\",\\n    \\\"descripcion_html\\\": \\\"...\\\"\\n  }\\n}\\n\\nSi quiere consultar:\\n{\\n  \\\"accion\\\": \\\"listar\\\"\\n}\\n\\nUsuario dijo:\\nEstoy haciendo pruebas contigo, respondeme otra cosa por favor, lo que sea\\nAI: Entiendo. Estoy aquí para ayudarte con la creación o consulta de tickets. Si en algún momento necesitas asistencia con eso, házmelo saber. De lo contrario, ¿hay algo más en lo que pueda ayudarte fuera de esas dos funciones?\\nHuman: Eres un asistente de ServiceDesk.\\n\\nTu trabajo es:\\n1. Crear tickets\\n2. Consultar tickets\\n\\nSi el usuario quiere crear un ticket, devuelve:\\n{\\n  \\\"accion\\\": \\\"crear\\\",\\n  \\\"data\\\": {\\n    \\\"solicitante\\\": \\\"...\\\",\\n    \\\"tipo_solicitud\\\": \\\"...\\\",\\n    \\\"prioridad\\\": \\\"...\\\",\\n    \\\"categoria\\\": \\\"...\\\",\\n    \\\"subcategoria\\\": \\\"...\\\",\\n    \\\"articulo\\\": \\\"...\\\",\\n    \\\"asunto\\\": \\\"...\\\",\\n    \\\"descripcion_html\\\": \\\"...\\\"\\n  }\\n}\\n\\nSi quiere consultar:\\n{\\n  \\\"accion\\\": \\\"listar\\\"\\n}\\n\\nUsuario dijo:\\nNo puedo acceder a la aplicación de WhatsApp desde mi celular, me sale error al iniciar sesión. Por favor crea un ticket de incidencia con prioridad media.\\nAI: ```json\\n{\\n  \\\"accion\\\": \\\"crear\\\",\\n  \\\"data\\\": {\\n    \\\"solicitante\\\": \\\"...\\\",\\n    \\\"tipo_solicitud\\\": \\\"incidencia\\\",\\n    \\\"prioridad\\\": \\\"media\\\",\\n    \\\"categoria\\\": \\\"...\\\",\\n    \\\"subcategoria\\\": \\\"...\\\",\\n    \\\"articulo\\\": \\\"...\\\",\\n    \\\"asunto\\\": \\\"No puedo acceder a la aplicación de WhatsApp desde mi celular, me sale error al iniciar sesión\\\",\\n    \\\"descripcion_html\\\": \\\"No puedo acceder a la aplicación de WhatsApp desde mi celular, me sale error al iniciar sesión.\\\"\\n  }\\n}\\n```\\nHuman: Eres un asistente inteligente de ServiceDesk.\\n\\nTu función principal es ayudar a los usuarios a resolver problemas relacionados con TI.\\n\\nDispones de una herramienta llamada crear_ticket que debes usar cuando el usuario reporta un problema o solicita crear un ticket.\\n\\nReglas importantes:\\n\\n- Si el usuario describe un problema (por ejemplo: no puede acceder a una aplicación, tiene errores, fallas, etc.), debes usar la herramienta crear_ticket.\\n- No devuelvas JSON manualmente.\\n- No expliques que usarás una herramienta, simplemente úsala.\\n\\nPara usar la herramienta crear_ticket, debes enviar estos campos:\\n\\n- solicitante: usa \\\"web-user\\\"\\n- tipo_solicitud: \\\"Incidencia\\\" si es un problema, o \\\"Requerimiento\\\" si es una solicitud\\n- prioridad: detecta \\\"Alta\\\", \\\"Media\\\" o \\\"Baja\\\" según el mensaje (por defecto \\\"Media\\\")\\n- categoria: \\\"Aplicaciones\\\"\\n- subcategoria: \\\"General\\\"\\n- articulo: el nombre de la aplicación o sistema (por ejemplo: WhatsApp, SAP, Outlook)\\n- asunto: un resumen corto del problema\\n- descripcion_html: una descripción clara del problema del usuario\\n\\nSi el usuario no está reportando un problema, responde normalmente como un asistente conversacional.\\n\\nDespués de crear el ticket, responde indicando que el ticket fue creado correctamente.\\n\\nUsuario dijo:\\nHola\\nAI: Hola, ¿en qué puedo ayudarte hoy?\\nHuman: Eres un asistente inteligente de ServiceDesk.\\n\\nTu función principal es ayudar a los usuarios a resolver problemas relacionados con TI.\\n\\nDispones de una herramienta llamada crear_ticket que debes usar cuando el usuario reporta un problema o solicita crear un ticket.\\n\\nReglas importantes:\\n\\n- Si el usuario describe un problema (por ejemplo: no puede acceder a una aplicación, tiene errores, fallas, etc.), debes usar la herramienta crear_ticket.\\n- No devuelvas JSON manualmente.\\n- No expliques que usarás una herramienta, simplemente úsala.\\n\\nPara usar la herramienta crear_ticket, debes enviar estos campos:\\n\\n- solicitante: usa \\\"web-user\\\"\\n- tipo_solicitud: \\\"Incidencia\\\" si es un problema, o \\\"Requerimiento\\\" si es una solicitud\\n- prioridad: detecta \\\"Alta\\\", \\\"Media\\\" o \\\"Baja\\\" según el mensaje (por defecto \\\"Media\\\")\\n- categoria: \\\"Aplicaciones\\\"\\n- subcategoria: \\\"General\\\"\\n- articulo: el nombre de la aplicación o sistema (por ejemplo: WhatsApp, SAP, Outlook)\\n- asunto: un resumen corto del problema\\n- descripcion_html: una descripción clara del problema del usuario\\n\\nSi el usuario no está reportando un problema, responde normalmente como un asistente conversacional.\\n\\nDespués de crear el ticket, responde indicando que el ticket fue creado correctamente.\\n\\nUsuario dijo:\\nNo puedo acceder a WhatsApp desde mi celular\\nAI: Calling crear_ticket with input: {\\\"subcategoria\\\":\\\"General\\\",\\\"prioridad\\\":\\\"Media\\\",\\\"articulo\\\":\\\"WhatsApp\\\",\\\"categoria\\\":\\\"Aplicaciones\\\",\\\"tipo_solicitud\\\":\\\"Incidencia\\\",\\\"asunto\\\":\\\"No puedo acceder a WhatsApp desde mi celular\\\",\\\"descripcion_html\\\":\\\"No puedo acceder a WhatsApp desde mi celular\\\",\\\"solicitante\\\":\\\"web-user\\\",\\\"id\\\":\\\"3d45d6a2-6457-4616-9ed2-6c363d6d0efa\\\"}[{\\\"id\\\":\\\"3d45d6a2-6457-4616-9ed2-6c363d6d0efa\\\",\\\"name\\\":\\\"crear_ticket\\\",\\\"args\\\":{\\\"subcategoria\\\":\\\"General\\\",\\\"prioridad\\\":\\\"Media\\\",\\\"articulo\\\":\\\"WhatsApp\\\",\\\"categoria\\\":\\\"Aplicaciones\\\",\\\"tipo_solicitud\\\":\\\"Incidencia\\\",\\\"asunto\\\":\\\"No puedo acceder a WhatsApp desde mi celular\\\",\\\"descripcion_html\\\":\\\"No puedo acceder a WhatsApp desde mi celular\\\",\\\"solicitante\\\":\\\"web-user\\\",\\\"id\\\":\\\"3d45d6a2-6457-4616-9ed2-6c363d6d0efa\\\"},\\\"type\\\":\\\"tool_call\\\"}]\\nTool: [{\\\"_id\\\":\\\"69d181288212b0c3c94c32b9\\\",\\\"solicitante\\\":\\\"web-user\\\",\\\"tipo_solicitud\\\":\\\"Incidencia\\\",\\\"prioridad\\\":\\\"Media\\\",\\\"estado\\\":\\\"Abierto\\\",\\\"modo\\\":\\\"Sin especificar\\\",\\\"sucursal\\\":\\\"Sin especificar\\\",\\\"categoria\\\":\\\"Aplicaciones\\\",\\\"subcategoria\\\":\\\"General\\\",\\\"articulo\\\":\\\"WhatsApp\\\",\\\"asunto\\\":\\\"No puedo acceder a WhatsApp desde mi celular\\\",\\\"descripcion_html\\\":\\\"No puedo acceder a WhatsApp desde mi celular\\\",\\\"ID-ITIL\\\":\\\"INC-0000002\\\",\\\"resolucion\\\":null,\\\"fecha_creacion\\\":\\\"2026-04-04T21:22:48.532000\\\"}]\"],\"options\":{\"google_api_key\":{\"lc\":1,\"type\":\"secret\",\"id\":[\"GOOGLE_API_KEY\"]},\"base_url\":\"https://generativelanguage.googleapis.com\",\"model\":\"gemini-2.5-flash\"},\"response\":{\"response\":{\"generations\":[[{\"text\":\"El ticket ha sido creado correctamente.\",\"generationInfo\":{\"finishReason\":\"STOP\",\"index\":0}}]]},\"tokenUsage\":{\"completionTokens\":7,\"promptTokens\":1893,\"totalTokens\":1900}}}"}}
{"__type":"$$EventMessageConfirm","confirm":"0d36dfcd-3a8a-48d9-ad56-db9a57bfccb9","ts":"2026-04-04T17:22:49.668-04:00","source":{"id":"0","name":"eventBus"}}
{"__type":"$$EventMessageNode","id":"a1db0224-9248-45ae-be4c-36215c0c0712","ts":"2026-04-04T17:22:49.840-04:00","eventName":"n8n.node.finished","message":"n8n.node.finished","payload":{"workflowId":"YIYJI8ZkPUi59kQQ","workflowName":"My workflow","executionId":"37","nodeType":"@n8n/n8n-nodes-langchain.agent","nodeName":"AI Agent","nodeId":"9a07d0c0-fee7-4cf3-bf7c-e89cbd9d96c9"}}
{"__type":"$$EventMessageConfirm","confirm":"a1db0224-9248-45ae-be4c-36215c0c0712","ts":"2026-04-04T17:22:49.841-04:00","source":{"id":"0","name":"eventBus"}}
{"__type":"$$EventMessageNode","id":"99abc557-de75-4c6d-9a60-a0a43493a295","ts":"2026-04-04T17:22:49.841-04:00","eventName":"n8n.node.started","message":"n8n.node.started","payload":{"workflowId":"YIYJI8ZkPUi59kQQ","workflowName":"My workflow","executionId":"37","nodeType":"n8n-nodes-base.respondToWebhook","nodeName":"Respond to Webhook","nodeId":"4299c8c6-af2f-4b17-be27-4cb1faf7742f"}}
{"__type":"$$EventMessageConfirm","confirm":"99abc557-de75-4c6d-9a60-a0a43493a295","ts":"2026-04-04T17:22:49.841-04:00","source":{"id":"0","name":"eventBus"}}
{"__type":"$$EventMessageNode","id":"f386eeb5-fab0-4b5c-b88a-feb0919df95c","ts":"2026-04-04T17:22:49.845-04:00","eventName":"n8n.node.finished","message":"n8n.node.finished","payload":{"workflowId":"YIYJI8ZkPUi59kQQ","workflowName":"My workflow","executionId":"37","nodeType":"n8n-nodes-base.respondToWebhook","nodeName":"Respond to Webhook","nodeId":"4299c8c6-af2f-4b17-be27-4cb1faf7742f"}}
{"__type":"$$EventMessageConfirm","confirm":"f386eeb5-fab0-4b5c-b88a-feb0919df95c","ts":"2026-04-04T17:22:49.845-04:00","source":{"id":"0","name":"eventBus"}}
{"__type":"$$EventMessageWorkflow","id":"b3cc8c4e-b457-4775-b37c-3ff06d2bc2da","ts":"2026-04-04T17:22:49.845-04:00","eventName":"n8n.workflow.success","message":"n8n.workflow.success","payload":{"executionId":"37","success":true,"isManual":false,"mode":"webhook","workflowId":"YIYJI8ZkPUi59kQQ","workflowName":"My workflow"}}
{"__type":"$$EventMessageConfirm","confirm":"b3cc8c4e-b457-4775-b37c-3ff06d2bc2da","ts":"2026-04-04T17:22:49.846-04:00","source":{"id":"0","name":"eventBus"}}
{"__type":"$$EventMessageAudit","id":"66452835-2cda-4dc8-9a70-1e5ece211b17","ts":"2026-04-04T17:28:38.316-04:00","eventName":"n8n.audit.workflow.updated","message":"n8n.audit.workflow.updated","payload":{"userId":"5dbe17fd-2bf6-4d1e-ad71-13ee612d9454","_email":"joao.basa.18@gmail.com","_firstName":"Joao","_lastName":"Basanta","globalRole":"global:owner","workflowId":"YIYJI8ZkPUi59kQQ","workflowName":"My workflow"}}
{"__type":"$$EventMessageConfirm","confirm":"66452835-2cda-4dc8-9a70-1e5ece211b17","ts":"2026-04-04T17:28:38.316-04:00","source":{"id":"0","name":"eventBus"}}
{"__type":"$$EventMessageAudit","id":"54c7904c-e818-4d5f-bf8d-7d0c5f5f66b4","ts":"2026-04-04T17:28:56.368-04:00","eventName":"n8n.audit.workflow.updated","message":"n8n.audit.workflow.updated","payload":{"userId":"5dbe17fd-2bf6-4d1e-ad71-13ee612d9454","_email":"joao.basa.18@gmail.com","_firstName":"Joao","_lastName":"Basanta","globalRole":"global:owner","workflowId":"YIYJI8ZkPUi59kQQ","workflowName":"My workflow"}}
{"__type":"$$EventMessageConfirm","confirm":"54c7904c-e818-4d5f-bf8d-7d0c5f5f66b4","ts":"2026-04-04T17:28:56.368-04:00","source":{"id":"0","name":"eventBus"}}
{"__type":"$$EventMessageAudit","id":"fe0442cf-9e26-4af0-85a0-9679b75885f8","ts":"2026-04-04T17:29:13.055-04:00","eventName":"n8n.audit.workflow.deactivated","message":"n8n.audit.workflow.deactivated","payload":{"userId":"5dbe17fd-2bf6-4d1e-ad71-13ee612d9454","_email":"joao.basa.18@gmail.com","_firstName":"Joao","_lastName":"Basanta","globalRole":"global:owner","workflowId":"YIYJI8ZkPUi59kQQ","workflowName":"My workflow","deactivatedVersionId":"427a260a-cfed-4273-b5ca-ad98bb9754f8"}}
{"__type":"$$EventMessageConfirm","confirm":"fe0442cf-9e26-4af0-85a0-9679b75885f8","ts":"2026-04-04T17:29:13.056-04:00","source":{"id":"0","name":"eventBus"}}
{"__type":"$$EventMessageAudit","id":"3200a95d-9435-4919-aa06-bbde38935a59","ts":"2026-04-04T17:29:13.123-04:00","eventName":"n8n.audit.workflow.activated","message":"n8n.audit.workflow.activated","payload":{"userId":"5dbe17fd-2bf6-4d1e-ad71-13ee612d9454","_email":"joao.basa.18@gmail.com","_firstName":"Joao","_lastName":"Basanta","globalRole":"global:owner","workflowId":"YIYJI8ZkPUi59kQQ","workflowName":"My workflow","activeVersionId":"3b1d6198-8f52-498d-bcb9-93b504a49aec"}}
{"__type":"$$EventMessageConfirm","confirm":"3200a95d-9435-4919-aa06-bbde38935a59","ts":"2026-04-04T17:29:13.124-04:00","source":{"id":"0","name":"eventBus"}}
{"__type":"$$EventMessageWorkflow","id":"18f523f4-b6f6-49da-a8d1-a9d52b1fbbd5","ts":"2026-04-04T17:29:43.418-04:00","eventName":"n8n.workflow.started","message":"n8n.workflow.started","payload":{"executionId":"38","workflowId":"YIYJI8ZkPUi59kQQ","isManual":false,"mode":"webhook","workflowName":"My workflow"}}
{"__type":"$$EventMessageConfirm","confirm":"18f523f4-b6f6-49da-a8d1-a9d52b1fbbd5","ts":"2026-04-04T17:29:43.418-04:00","source":{"id":"0","name":"eventBus"}}
{"__type":"$$EventMessageAudit","id":"c24f19b5-606e-4770-bf0c-67421146dfc3","ts":"2026-04-04T17:29:43.418-04:00","eventName":"n8n.audit.workflow.executed","message":"n8n.audit.workflow.executed","payload":{"workflowId":"YIYJI8ZkPUi59kQQ","workflowName":"My workflow","executionId":"38","source":"webhook"}}
{"__type":"$$EventMessageConfirm","confirm":"c24f19b5-606e-4770-bf0c-67421146dfc3","ts":"2026-04-04T17:29:43.418-04:00","source":{"id":"0","name":"eventBus"}}
{"__type":"$$EventMessageNode","id":"a3d60077-639c-4278-b74e-7d694e4c5634","ts":"2026-04-04T17:29:43.418-04:00","eventName":"n8n.node.started","message":"n8n.node.started","payload":{"workflowId":"YIYJI8ZkPUi59kQQ","workflowName":"My workflow","executionId":"38","nodeType":"n8n-nodes-base.webhook","nodeName":"Webhook","nodeId":"209ba0bd-158f-46b3-92d3-3e67fbfaeb46"}}
{"__type":"$$EventMessageConfirm","confirm":"a3d60077-639c-4278-b74e-7d694e4c5634","ts":"2026-04-04T17:29:43.418-04:00","source":{"id":"0","name":"eventBus"}}
{"__type":"$$EventMessageNode","id":"8cce5948-b45d-4cd9-b776-be2e6f27e177","ts":"2026-04-04T17:29:43.419-04:00","eventName":"n8n.node.finished","message":"n8n.node.finished","payload":{"workflowId":"YIYJI8ZkPUi59kQQ","workflowName":"My workflow","executionId":"38","nodeType":"n8n-nodes-base.webhook","nodeName":"Webhook","nodeId":"209ba0bd-158f-46b3-92d3-3e67fbfaeb46"}}
{"__type":"$$EventMessageConfirm","confirm":"8cce5948-b45d-4cd9-b776-be2e6f27e177","ts":"2026-04-04T17:29:43.419-04:00","source":{"id":"0","name":"eventBus"}}
{"__type":"$$EventMessageNode","id":"b7bea8ec-4be6-425f-8df8-7ed00a7c33eb","ts":"2026-04-04T17:29:43.419-04:00","eventName":"n8n.node.started","message":"n8n.node.started","payload":{"workflowId":"YIYJI8ZkPUi59kQQ","workflowName":"My workflow","executionId":"38","nodeType":"@n8n/n8n-nodes-langchain.agent","nodeName":"AI Agent","nodeId":"9a07d0c0-fee7-4cf3-bf7c-e89cbd9d96c9"}}
{"__type":"$$EventMessageConfirm","confirm":"b7bea8ec-4be6-425f-8df8-7ed00a7c33eb","ts":"2026-04-04T17:29:43.419-04:00","source":{"id":"0","name":"eventBus"}}
{"__type":"$$EventMessageNode","id":"b31def2f-590f-40b7-ab2f-d218e16ceb51","ts":"2026-04-04T17:29:43.463-04:00","eventName":"n8n.node.started","message":"n8n.node.started","payload":{"workflowId":"YIYJI8ZkPUi59kQQ","workflowName":"My workflow","executionId":"38","nodeType":"@n8n/n8n-nodes-langchain.memoryMongoDbChat","nodeName":"MongoDB Chat Memory","nodeId":"754b91b0-51fa-4134-b475-fabea68a7ceb"}}
{"__type":"$$EventMessageConfirm","confirm":"b31def2f-590f-40b7-ab2f-d218e16ceb51","ts":"2026-04-04T17:29:43.463-04:00","source":{"id":"0","name":"eventBus"}}
{"__type":"$$EventMessageNode","id":"0def17f3-6257-41a6-8b03-05d0644aae6c","ts":"2026-04-04T17:29:43.475-04:00","eventName":"n8n.node.finished","message":"n8n.node.finished","payload":{"workflowId":"YIYJI8ZkPUi59kQQ","workflowName":"My workflow","executionId":"38","nodeType":"@n8n/n8n-nodes-langchain.memoryMongoDbChat","nodeName":"MongoDB Chat Memory","nodeId":"754b91b0-51fa-4134-b475-fabea68a7ceb"}}
{"__type":"$$EventMessageConfirm","confirm":"0def17f3-6257-41a6-8b03-05d0644aae6c","ts":"2026-04-04T17:29:43.475-04:00","source":{"id":"0","name":"eventBus"}}
{"__type":"$$EventMessageNode","id":"9e1922f7-374f-4ff5-afec-819efab7d7c5","ts":"2026-04-04T17:29:43.497-04:00","eventName":"n8n.node.started","message":"n8n.node.started","payload":{"workflowId":"YIYJI8ZkPUi59kQQ","workflowName":"My workflow","executionId":"38","nodeType":"@n8n/n8n-nodes-langchain.lmChatGoogleGemini","nodeName":"Google Gemini Chat Model","nodeId":"cc97ad8b-5a79-4373-a561-d36a9275785e"}}
{"__type":"$$EventMessageConfirm","confirm":"9e1922f7-374f-4ff5-afec-819efab7d7c5","ts":"2026-04-04T17:29:43.497-04:00","source":{"id":"0","name":"eventBus"}}
{"__type":"$$EventMessageNode","id":"2625f67f-3570-4da5-95ae-f61e81f2b787","ts":"2026-04-04T17:29:46.447-04:00","eventName":"n8n.node.finished","message":"n8n.node.finished","payload":{"workflowId":"YIYJI8ZkPUi59kQQ","workflowName":"My workflow","executionId":"38","nodeType":"@n8n/n8n-nodes-langchain.lmChatGoogleGemini","nodeName":"Google Gemini Chat Model","nodeId":"cc97ad8b-5a79-4373-a561-d36a9275785e"}}
{"__type":"$$EventMessageConfirm","confirm":"2625f67f-3570-4da5-95ae-f61e81f2b787","ts":"2026-04-04T17:29:46.447-04:00","source":{"id":"0","name":"eventBus"}}
{"__type":"$$EventMessageAiNode","id":"44212d64-9da2-4cc2-b9c2-41ef6288d018","ts":"2026-04-04T17:29:46.448-04:00","eventName":"n8n.ai.llm.generated","message":"n8n.ai.llm.generated","payload":{"executionId":"38","nodeName":"Google Gemini Chat Model","workflowName":"My workflow","nodeType":"@n8n/n8n-nodes-langchain.lmChatGoogleGemini","workflowId":"YIYJI8ZkPUi59kQQ","msg":"{\"messages\":[\"Human: Eres un asistente de ServiceDesk.\\n\\nTu trabajo es:\\n1. Crear tickets\\n2. Consultar tickets\\n\\nSi el usuario quiere crear un ticket, devuelve:\\n{\\n  \\\"accion\\\": \\\"crear\\\",\\n  \\\"data\\\": {\\n    \\\"solicitante\\\": \\\"...\\\",\\n    \\\"tipo_solicitud\\\": \\\"...\\\",\\n    \\\"prioridad\\\": \\\"...\\\",\\n    \\\"categoria\\\": \\\"...\\\",\\n    \\\"subcategoria\\\": \\\"...\\\",\\n    \\\"articulo\\\": \\\"...\\\",\\n    \\\"asunto\\\": \\\"...\\\",\\n    \\\"descripcion_html\\\": \\\"...\\\"\\n  }\\n}\\n\\nSi quiere consultar:\\n{\\n  \\\"accion\\\": \\\"listar\\\"\\n}\\n\\nUsuario dijo:\\nEstoy haciendo pruebas contigo, respondeme otra cosa por favor, lo que sea\\nAI: Entiendo. Estoy aquí para ayudarte con la creación o consulta de tickets. Si en algún momento necesitas asistencia con eso, házmelo saber. De lo contrario, ¿hay algo más en lo que pueda ayudarte fuera de esas dos funciones?\\nHuman: Eres un asistente de ServiceDesk.\\n\\nTu trabajo es:\\n1. Crear tickets\\n2. Consultar tickets\\n\\nSi el usuario quiere crear un ticket, devuelve:\\n{\\n  \\\"accion\\\": \\\"crear\\\",\\n  \\\"data\\\": {\\n    \\\"solicitante\\\": \\\"...\\\",\\n    \\\"tipo_solicitud\\\": \\\"...\\\",\\n    \\\"prioridad\\\": \\\"...\\\",\\n    \\\"categoria\\\": \\\"...\\\",\\n    \\\"subcategoria\\\": \\\"...\\\",\\n    \\\"articulo\\\": \\\"...\\\",\\n    \\\"asunto\\\": \\\"...\\\",\\n    \\\"descripcion_html\\\": \\\"...\\\"\\n  }\\n}\\n\\nSi quiere consultar:\\n{\\n  \\\"accion\\\": \\\"listar\\\"\\n}\\n\\nUsuario dijo:\\nNo puedo acceder a la aplicación de WhatsApp desde mi celular, me sale error al iniciar sesión. Por favor crea un ticket de incidencia con prioridad media.\\nAI: ```json\\n{\\n  \\\"accion\\\": \\\"crear\\\",\\n  \\\"data\\\": {\\n    \\\"solicitante\\\": \\\"...\\\",\\n    \\\"tipo_solicitud\\\": \\\"incidencia\\\",\\n    \\\"prioridad\\\": \\\"media\\\",\\n    \\\"categoria\\\": \\\"...\\\",\\n    \\\"subcategoria\\\": \\\"...\\\",\\n    \\\"articulo\\\": \\\"...\\\",\\n    \\\"asunto\\\": \\\"No puedo acceder a la aplicación de WhatsApp desde mi celular, me sale error al iniciar sesión\\\",\\n    \\\"descripcion_html\\\": \\\"No puedo acceder a la aplicación de WhatsApp desde mi celular, me sale error al iniciar sesión.\\\"\\n  }\\n}\\n```\\nHuman: Eres un asistente inteligente de ServiceDesk.\\n\\nTu función principal es ayudar a los usuarios a resolver problemas relacionados con TI.\\n\\nDispones de una herramienta llamada crear_ticket que debes usar cuando el usuario reporta un problema o solicita crear un ticket.\\n\\nReglas importantes:\\n\\n- Si el usuario describe un problema (por ejemplo: no puede acceder a una aplicación, tiene errores, fallas, etc.), debes usar la herramienta crear_ticket.\\n- No devuelvas JSON manualmente.\\n- No expliques que usarás una herramienta, simplemente úsala.\\n\\nPara usar la herramienta crear_ticket, debes enviar estos campos:\\n\\n- solicitante: usa \\\"web-user\\\"\\n- tipo_solicitud: \\\"Incidencia\\\" si es un problema, o \\\"Requerimiento\\\" si es una solicitud\\n- prioridad: detecta \\\"Alta\\\", \\\"Media\\\" o \\\"Baja\\\" según el mensaje (por defecto \\\"Media\\\")\\n- categoria: \\\"Aplicaciones\\\"\\n- subcategoria: \\\"General\\\"\\n- articulo: el nombre de la aplicación o sistema (por ejemplo: WhatsApp, SAP, Outlook)\\n- asunto: un resumen corto del problema\\n- descripcion_html: una descripción clara del problema del usuario\\n\\nSi el usuario no está reportando un problema, responde normalmente como un asistente conversacional.\\n\\nDespués de crear el ticket, responde indicando que el ticket fue creado correctamente.\\n\\nUsuario dijo:\\nHola\\nAI: Hola, ¿en qué puedo ayudarte hoy?\\nHuman: Eres un asistente inteligente de ServiceDesk.\\n\\nTu función principal es ayudar a los usuarios a resolver problemas relacionados con TI.\\n\\nDispones de una herramienta llamada crear_ticket que debes usar cuando el usuario reporta un problema o solicita crear un ticket.\\n\\nReglas importantes:\\n\\n- Si el usuario describe un problema (por ejemplo: no puede acceder a una aplicación, tiene errores, fallas, etc.), debes usar la herramienta crear_ticket.\\n- No devuelvas JSON manualmente.\\n- No expliques que usarás una herramienta, simplemente úsala.\\n\\nPara usar la herramienta crear_ticket, debes enviar estos campos:\\n\\n- solicitante: usa \\\"web-user\\\"\\n- tipo_solicitud: \\\"Incidencia\\\" si es un problema, o \\\"Requerimiento\\\" si es una solicitud\\n- prioridad: detecta \\\"Alta\\\", \\\"Media\\\" o \\\"Baja\\\" según el mensaje (por defecto \\\"Media\\\")\\n- categoria: \\\"Aplicaciones\\\"\\n- subcategoria: \\\"General\\\"\\n- articulo: el nombre de la aplicación o sistema (por ejemplo: WhatsApp, SAP, Outlook)\\n- asunto: un resumen corto del problema\\n- descripcion_html: una descripción clara del problema del usuario\\n\\nSi el usuario no está reportando un problema, responde normalmente como un asistente conversacional.\\n\\nDespués de crear el ticket, responde indicando que el ticket fue creado correctamente.\\n\\nUsuario dijo:\\nNo puedo acceder a WhatsApp desde mi celular\\nAI: Calling crear_ticket with input: {\\\"subcategoria\\\":\\\"General\\\",\\\"prioridad\\\":\\\"Media\\\",\\\"articulo\\\":\\\"WhatsApp\\\",\\\"categoria\\\":\\\"Aplicaciones\\\",\\\"tipo_solicitud\\\":\\\"Incidencia\\\",\\\"asunto\\\":\\\"No puedo acceder a WhatsApp desde mi celular\\\",\\\"descripcion_html\\\":\\\"No puedo acceder a WhatsApp desde mi celular\\\",\\\"solicitante\\\":\\\"web-user\\\",\\\"id\\\":\\\"3d45d6a2-6457-4616-9ed2-6c363d6d0efa\\\"}[{\\\"id\\\":\\\"3d45d6a2-6457-4616-9ed2-6c363d6d0efa\\\",\\\"name\\\":\\\"crear_ticket\\\",\\\"args\\\":{\\\"subcategoria\\\":\\\"General\\\",\\\"prioridad\\\":\\\"Media\\\",\\\"articulo\\\":\\\"WhatsApp\\\",\\\"categoria\\\":\\\"Aplicaciones\\\",\\\"tipo_solicitud\\\":\\\"Incidencia\\\",\\\"asunto\\\":\\\"No puedo acceder a WhatsApp desde mi celular\\\",\\\"descripcion_html\\\":\\\"No puedo acceder a WhatsApp desde mi celular\\\",\\\"solicitante\\\":\\\"web-user\\\",\\\"id\\\":\\\"3d45d6a2-6457-4616-9ed2-6c363d6d0efa\\\"},\\\"type\\\":\\\"tool_call\\\"}]\\nTool: crear_ticket, [{\\\"_id\\\":\\\"69d181288212b0c3c94c32b9\\\",\\\"solicitante\\\":\\\"web-user\\\",\\\"tipo_solicitud\\\":\\\"Incidencia\\\",\\\"prioridad\\\":\\\"Media\\\",\\\"estado\\\":\\\"Abierto\\\",\\\"modo\\\":\\\"Sin especificar\\\",\\\"sucursal\\\":\\\"Sin especificar\\\",\\\"categoria\\\":\\\"Aplicaciones\\\",\\\"subcategoria\\\":\\\"General\\\",\\\"articulo\\\":\\\"WhatsApp\\\",\\\"asunto\\\":\\\"No puedo acceder a WhatsApp desde mi celular\\\",\\\"descripcion_html\\\":\\\"No puedo acceder a WhatsApp desde mi celular\\\",\\\"ID-ITIL\\\":\\\"INC-0000002\\\",\\\"resolucion\\\":null,\\\"fecha_creacion\\\":\\\"2026-04-04T21:22:48.532000\\\"}]\\nAI: El ticket ha sido creado correctamente.\\nHuman: Eres un asistente inteligente de ServiceDesk.\\n\\nTu función es ayudar a los usuarios a resolver problemas de TI.\\n\\nDispones de una herramienta llamada crear_ticket.\\n\\nReglas:\\n\\n- Si el usuario reporta un problema, debes usar la herramienta crear_ticket.\\n- No generes JSON manualmente.\\n- No menciones que estás usando herramientas.\\n\\n- Después de usar la herramienta, debes responder al usuario incluyendo el ID del ticket generado (campo \\\"ID-ITIL\\\").\\n\\n- Ejemplo de respuesta:\\n  \\\"Se ha creado el ticket INC-0000001 correctamente.\\\"\\n\\n- Si el usuario solo conversa, responde normalmente.\\n\\nUsuario dijo:\\nNo puedo acceder a WhatsApp\"],\"options\":{\"google_api_key\":{\"lc\":1,\"type\":\"secret\",\"id\":[\"GOOGLE_API_KEY\"]},\"base_url\":\"https://generativelanguage.googleapis.com\",\"model\":\"gemini-2.5-flash\"},\"response\":{\"response\":{\"generations\":[[{\"text\":\"\",\"generationInfo\":{\"finishReason\":\"STOP\",\"index\":0,\"finishMessage\":\"Model generated function call(s).\"}}]]},\"tokenUsage\":{\"completionTokens\":72,\"promptTokens\":1754,\"totalTokens\":1826}}}"}}
{"__type":"$$EventMessageConfirm","confirm":"44212d64-9da2-4cc2-b9c2-41ef6288d018","ts":"2026-04-04T17:29:46.448-04:00","source":{"id":"0","name":"eventBus"}}
{"__type":"$$EventMessageNode","id":"411af81d-7f08-4bcc-aaa4-5d25733405f8","ts":"2026-04-04T17:29:46.449-04:00","eventName":"n8n.node.started","message":"n8n.node.started","payload":{"workflowId":"YIYJI8ZkPUi59kQQ","workflowName":"My workflow","executionId":"38","nodeType":"n8n-nodes-base.httpRequestTool","nodeName":"crear_ticket","nodeId":"d652dc57-d83b-43ef-b214-991d6c64acd0"}}
{"__type":"$$EventMessageConfirm","confirm":"411af81d-7f08-4bcc-aaa4-5d25733405f8","ts":"2026-04-04T17:29:46.449-04:00","source":{"id":"0","name":"eventBus"}}
{"__type":"$$EventMessageNode","id":"1f225483-74bf-4f9a-ad66-98bfdef31754","ts":"2026-04-04T17:29:46.479-04:00","eventName":"n8n.node.finished","message":"n8n.node.finished","payload":{"workflowId":"YIYJI8ZkPUi59kQQ","workflowName":"My workflow","executionId":"38","nodeType":"n8n-nodes-base.httpRequestTool","nodeName":"crear_ticket","nodeId":"d652dc57-d83b-43ef-b214-991d6c64acd0"}}
{"__type":"$$EventMessageConfirm","confirm":"1f225483-74bf-4f9a-ad66-98bfdef31754","ts":"2026-04-04T17:29:46.479-04:00","source":{"id":"0","name":"eventBus"}}
{"__type":"$$EventMessageNode","id":"198bb6f5-58a0-4669-b0a2-a7b88becc6d4","ts":"2026-04-04T17:29:46.525-04:00","eventName":"n8n.node.started","message":"n8n.node.started","payload":{"workflowId":"YIYJI8ZkPUi59kQQ","workflowName":"My workflow","executionId":"38","nodeType":"@n8n/n8n-nodes-langchain.memoryMongoDbChat","nodeName":"MongoDB Chat Memory","nodeId":"754b91b0-51fa-4134-b475-fabea68a7ceb"}}
{"__type":"$$EventMessageConfirm","confirm":"198bb6f5-58a0-4669-b0a2-a7b88becc6d4","ts":"2026-04-04T17:29:46.525-04:00","source":{"id":"0","name":"eventBus"}}
{"__type":"$$EventMessageNode","id":"8f7a2951-1225-45a6-a867-2dccbb0a9277","ts":"2026-04-04T17:29:46.529-04:00","eventName":"n8n.node.finished","message":"n8n.node.finished","payload":{"workflowId":"YIYJI8ZkPUi59kQQ","workflowName":"My workflow","executionId":"38","nodeType":"@n8n/n8n-nodes-langchain.memoryMongoDbChat","nodeName":"MongoDB Chat Memory","nodeId":"754b91b0-51fa-4134-b475-fabea68a7ceb"}}
{"__type":"$$EventMessageConfirm","confirm":"8f7a2951-1225-45a6-a867-2dccbb0a9277","ts":"2026-04-04T17:29:46.530-04:00","source":{"id":"0","name":"eventBus"}}
{"__type":"$$EventMessageNode","id":"32681dd2-1c63-4a64-8797-1c32a5e1844e","ts":"2026-04-04T17:29:46.553-04:00","eventName":"n8n.node.started","message":"n8n.node.started","payload":{"workflowId":"YIYJI8ZkPUi59kQQ","workflowName":"My workflow","executionId":"38","nodeType":"@n8n/n8n-nodes-langchain.lmChatGoogleGemini","nodeName":"Google Gemini Chat Model","nodeId":"cc97ad8b-5a79-4373-a561-d36a9275785e"}}
{"__type":"$$EventMessageConfirm","confirm":"32681dd2-1c63-4a64-8797-1c32a5e1844e","ts":"2026-04-04T17:29:46.553-04:00","source":{"id":"0","name":"eventBus"}}
{"__type":"$$EventMessageNode","id":"bcfa888a-c070-480e-870b-dde762a8d014","ts":"2026-04-04T17:29:47.588-04:00","eventName":"n8n.node.finished","message":"n8n.node.finished","payload":{"workflowId":"YIYJI8ZkPUi59kQQ","workflowName":"My workflow","executionId":"38","nodeType":"@n8n/n8n-nodes-langchain.lmChatGoogleGemini","nodeName":"Google Gemini Chat Model","nodeId":"cc97ad8b-5a79-4373-a561-d36a9275785e"}}
{"__type":"$$EventMessageConfirm","confirm":"bcfa888a-c070-480e-870b-dde762a8d014","ts":"2026-04-04T17:29:47.589-04:00","source":{"id":"0","name":"eventBus"}}
{"__type":"$$EventMessageAiNode","id":"d2d69e30-b498-4b4b-bcb1-cf4736c544af","ts":"2026-04-04T17:29:47.589-04:00","eventName":"n8n.ai.llm.generated","message":"n8n.ai.llm.generated","payload":{"executionId":"38","nodeName":"Google Gemini Chat Model","workflowName":"My workflow","nodeType":"@n8n/n8n-nodes-langchain.lmChatGoogleGemini","workflowId":"YIYJI8ZkPUi59kQQ","msg":"{\"messages\":[\"Human: Eres un asistente de ServiceDesk.\\n\\nTu trabajo es:\\n1. Crear tickets\\n2. Consultar tickets\\n\\nSi el usuario quiere crear un ticket, devuelve:\\n{\\n  \\\"accion\\\": \\\"crear\\\",\\n  \\\"data\\\": {\\n    \\\"solicitante\\\": \\\"...\\\",\\n    \\\"tipo_solicitud\\\": \\\"...\\\",\\n    \\\"prioridad\\\": \\\"...\\\",\\n    \\\"categoria\\\": \\\"...\\\",\\n    \\\"subcategoria\\\": \\\"...\\\",\\n    \\\"articulo\\\": \\\"...\\\",\\n    \\\"asunto\\\": \\\"...\\\",\\n    \\\"descripcion_html\\\": \\\"...\\\"\\n  }\\n}\\n\\nSi quiere consultar:\\n{\\n  \\\"accion\\\": \\\"listar\\\"\\n}\\n\\nUsuario dijo:\\nEstoy haciendo pruebas contigo, respondeme otra cosa por favor, lo que sea\\nAI: Entiendo. Estoy aquí para ayudarte con la creación o consulta de tickets. Si en algún momento necesitas asistencia con eso, házmelo saber. De lo contrario, ¿hay algo más en lo que pueda ayudarte fuera de esas dos funciones?\\nHuman: Eres un asistente de ServiceDesk.\\n\\nTu trabajo es:\\n1. Crear tickets\\n2. Consultar tickets\\n\\nSi el usuario quiere crear un ticket, devuelve:\\n{\\n  \\\"accion\\\": \\\"crear\\\",\\n  \\\"data\\\": {\\n    \\\"solicitante\\\": \\\"...\\\",\\n    \\\"tipo_solicitud\\\": \\\"...\\\",\\n    \\\"prioridad\\\": \\\"...\\\",\\n    \\\"categoria\\\": \\\"...\\\",\\n    \\\"subcategoria\\\": \\\"...\\\",\\n    \\\"articulo\\\": \\\"...\\\",\\n    \\\"asunto\\\": \\\"...\\\",\\n    \\\"descripcion_html\\\": \\\"...\\\"\\n  }\\n}\\n\\nSi quiere consultar:\\n{\\n  \\\"accion\\\": \\\"listar\\\"\\n}\\n\\nUsuario dijo:\\nNo puedo acceder a la aplicación de WhatsApp desde mi celular, me sale error al iniciar sesión. Por favor crea un ticket de incidencia con prioridad media.\\nAI: ```json\\n{\\n  \\\"accion\\\": \\\"crear\\\",\\n  \\\"data\\\": {\\n    \\\"solicitante\\\": \\\"...\\\",\\n    \\\"tipo_solicitud\\\": \\\"incidencia\\\",\\n    \\\"prioridad\\\": \\\"media\\\",\\n    \\\"categoria\\\": \\\"...\\\",\\n    \\\"subcategoria\\\": \\\"...\\\",\\n    \\\"articulo\\\": \\\"...\\\",\\n    \\\"asunto\\\": \\\"No puedo acceder a la aplicación de WhatsApp desde mi celular, me sale error al iniciar sesión\\\",\\n    \\\"descripcion_html\\\": \\\"No puedo acceder a la aplicación de WhatsApp desde mi celular, me sale error al iniciar sesión.\\\"\\n  }\\n}\\n```\\nHuman: Eres un asistente inteligente de ServiceDesk.\\n\\nTu función principal es ayudar a los usuarios a resolver problemas relacionados con TI.\\n\\nDispones de una herramienta llamada crear_ticket que debes usar cuando el usuario reporta un problema o solicita crear un ticket.\\n\\nReglas importantes:\\n\\n- Si el usuario describe un problema (por ejemplo: no puede acceder a una aplicación, tiene errores, fallas, etc.), debes usar la herramienta crear_ticket.\\n- No devuelvas JSON manualmente.\\n- No expliques que usarás una herramienta, simplemente úsala.\\n\\nPara usar la herramienta crear_ticket, debes enviar estos campos:\\n\\n- solicitante: usa \\\"web-user\\\"\\n- tipo_solicitud: \\\"Incidencia\\\" si es un problema, o \\\"Requerimiento\\\" si es una solicitud\\n- prioridad: detecta \\\"Alta\\\", \\\"Media\\\" o \\\"Baja\\\" según el mensaje (por defecto \\\"Media\\\")\\n- categoria: \\\"Aplicaciones\\\"\\n- subcategoria: \\\"General\\\"\\n- articulo: el nombre de la aplicación o sistema (por ejemplo: WhatsApp, SAP, Outlook)\\n- asunto: un resumen corto del problema\\n- descripcion_html: una descripción clara del problema del usuario\\n\\nSi el usuario no está reportando un problema, responde normalmente como un asistente conversacional.\\n\\nDespués de crear el ticket, responde indicando que el ticket fue creado correctamente.\\n\\nUsuario dijo:\\nHola\\nAI: Hola, ¿en qué puedo ayudarte hoy?\\nHuman: Eres un asistente inteligente de ServiceDesk.\\n\\nTu función principal es ayudar a los usuarios a resolver problemas relacionados con TI.\\n\\nDispones de una herramienta llamada crear_ticket que debes usar cuando el usuario reporta un problema o solicita crear un ticket.\\n\\nReglas importantes:\\n\\n- Si el usuario describe un problema (por ejemplo: no puede acceder a una aplicación, tiene errores, fallas, etc.), debes usar la herramienta crear_ticket.\\n- No devuelvas JSON manualmente.\\n- No expliques que usarás una herramienta, simplemente úsala.\\n\\nPara usar la herramienta crear_ticket, debes enviar estos campos:\\n\\n- solicitante: usa \\\"web-user\\\"\\n- tipo_solicitud: \\\"Incidencia\\\" si es un problema, o \\\"Requerimiento\\\" si es una solicitud\\n- prioridad: detecta \\\"Alta\\\", \\\"Media\\\" o \\\"Baja\\\" según el mensaje (por defecto \\\"Media\\\")\\n- categoria: \\\"Aplicaciones\\\"\\n- subcategoria: \\\"General\\\"\\n- articulo: el nombre de la aplicación o sistema (por ejemplo: WhatsApp, SAP, Outlook)\\n- asunto: un resumen corto del problema\\n- descripcion_html: una descripción clara del problema del usuario\\n\\nSi el usuario no está reportando un problema, responde normalmente como un asistente conversacional.\\n\\nDespués de crear el ticket, responde indicando que el ticket fue creado correctamente.\\n\\nUsuario dijo:\\nNo puedo acceder a WhatsApp desde mi celular\\nAI: Calling crear_ticket with input: {\\\"subcategoria\\\":\\\"General\\\",\\\"prioridad\\\":\\\"Media\\\",\\\"articulo\\\":\\\"WhatsApp\\\",\\\"categoria\\\":\\\"Aplicaciones\\\",\\\"tipo_solicitud\\\":\\\"Incidencia\\\",\\\"asunto\\\":\\\"No puedo acceder a WhatsApp desde mi celular\\\",\\\"descripcion_html\\\":\\\"No puedo acceder a WhatsApp desde mi celular\\\",\\\"solicitante\\\":\\\"web-user\\\",\\\"id\\\":\\\"3d45d6a2-6457-4616-9ed2-6c363d6d0efa\\\"}[{\\\"id\\\":\\\"3d45d6a2-6457-4616-9ed2-6c363d6d0efa\\\",\\\"name\\\":\\\"crear_ticket\\\",\\\"args\\\":{\\\"subcategoria\\\":\\\"General\\\",\\\"prioridad\\\":\\\"Media\\\",\\\"articulo\\\":\\\"WhatsApp\\\",\\\"categoria\\\":\\\"Aplicaciones\\\",\\\"tipo_solicitud\\\":\\\"Incidencia\\\",\\\"asunto\\\":\\\"No puedo acceder a WhatsApp desde mi celular\\\",\\\"descripcion_html\\\":\\\"No puedo acceder a WhatsApp desde mi celular\\\",\\\"solicitante\\\":\\\"web-user\\\",\\\"id\\\":\\\"3d45d6a2-6457-4616-9ed2-6c363d6d0efa\\\"},\\\"type\\\":\\\"tool_call\\\"}]\\nTool: crear_ticket, [{\\\"_id\\\":\\\"69d181288212b0c3c94c32b9\\\",\\\"solicitante\\\":\\\"web-user\\\",\\\"tipo_solicitud\\\":\\\"Incidencia\\\",\\\"prioridad\\\":\\\"Media\\\",\\\"estado\\\":\\\"Abierto\\\",\\\"modo\\\":\\\"Sin especificar\\\",\\\"sucursal\\\":\\\"Sin especificar\\\",\\\"categoria\\\":\\\"Aplicaciones\\\",\\\"subcategoria\\\":\\\"General\\\",\\\"articulo\\\":\\\"WhatsApp\\\",\\\"asunto\\\":\\\"No puedo acceder a WhatsApp desde mi celular\\\",\\\"descripcion_html\\\":\\\"No puedo acceder a WhatsApp desde mi celular\\\",\\\"ID-ITIL\\\":\\\"INC-0000002\\\",\\\"resolucion\\\":null,\\\"fecha_creacion\\\":\\\"2026-04-04T21:22:48.532000\\\"}]\\nAI: El ticket ha sido creado correctamente.\\nHuman: Eres un asistente inteligente de ServiceDesk.\\n\\nTu función es ayudar a los usuarios a resolver problemas de TI.\\n\\nDispones de una herramienta llamada crear_ticket.\\n\\nReglas:\\n\\n- Si el usuario reporta un problema, debes usar la herramienta crear_ticket.\\n- No generes JSON manualmente.\\n- No menciones que estás usando herramientas.\\n\\n- Después de usar la herramienta, debes responder al usuario incluyendo el ID del ticket generado (campo \\\"ID-ITIL\\\").\\n\\n- Ejemplo de respuesta:\\n  \\\"Se ha creado el ticket INC-0000001 correctamente.\\\"\\n\\n- Si el usuario solo conversa, responde normalmente.\\n\\nUsuario dijo:\\nNo puedo acceder a WhatsApp\\nAI: Calling crear_ticket with input: {\\\"asunto\\\":\\\"No puedo acceder a WhatsApp\\\",\\\"descripcion_html\\\":\\\"No puedo acceder a WhatsApp\\\",\\\"articulo\\\":\\\"WhatsApp\\\",\\\"solicitante\\\":\\\"web-user\\\",\\\"tipo_solicitud\\\":\\\"Incidencia\\\",\\\"prioridad\\\":\\\"Media\\\",\\\"subcategoria\\\":\\\"General\\\",\\\"categoria\\\":\\\"Aplicaciones\\\",\\\"id\\\":\\\"cfa87616-1301-42d6-9a18-12d15af8afd4\\\"}[{\\\"id\\\":\\\"cfa87616-1301-42d6-9a18-12d15af8afd4\\\",\\\"name\\\":\\\"crear_ticket\\\",\\\"args\\\":{\\\"asunto\\\":\\\"No puedo acceder a WhatsApp\\\",\\\"descripcion_html\\\":\\\"No puedo acceder a WhatsApp\\\",\\\"articulo\\\":\\\"WhatsApp\\\",\\\"solicitante\\\":\\\"web-user\\\",\\\"tipo_solicitud\\\":\\\"Incidencia\\\",\\\"prioridad\\\":\\\"Media\\\",\\\"subcategoria\\\":\\\"General\\\",\\\"categoria\\\":\\\"Aplicaciones\\\",\\\"id\\\":\\\"cfa87616-1301-42d6-9a18-12d15af8afd4\\\"},\\\"type\\\":\\\"tool_call\\\"}]\\nTool: [{\\\"_id\\\":\\\"69d182ca8212b0c3c94c32ba\\\",\\\"solicitante\\\":\\\"web-user\\\",\\\"tipo_solicitud\\\":\\\"Incidencia\\\",\\\"prioridad\\\":\\\"Media\\\",\\\"estado\\\":\\\"Abierto\\\",\\\"modo\\\":\\\"Sin especificar\\\",\\\"sucursal\\\":\\\"Sin especificar\\\",\\\"categoria\\\":\\\"Aplicaciones\\\",\\\"subcategoria\\\":\\\"General\\\",\\\"articulo\\\":\\\"WhatsApp\\\",\\\"asunto\\\":\\\"No puedo acceder a WhatsApp\\\",\\\"descripcion_html\\\":\\\"No puedo acceder a WhatsApp\\\",\\\"ID-ITIL\\\":\\\"INC-0000003\\\",\\\"resolucion\\\":null,\\\"fecha_creacion\\\":\\\"2026-04-04T21:29:46.466000\\\"}]\"],\"options\":{\"google_api_key\":{\"lc\":1,\"type\":\"secret\",\"id\":[\"GOOGLE_API_KEY\"]},\"base_url\":\"https://generativelanguage.googleapis.com\",\"model\":\"gemini-2.5-flash\"},\"response\":{\"response\":{\"generations\":[[{\"text\":\"Se ha creado el ticket INC-0000003 correctamente.\",\"generationInfo\":{\"finishReason\":\"STOP\",\"index\":0}}]]},\"tokenUsage\":{\"completionTokens\":16,\"promptTokens\":2128,\"totalTokens\":2144}}}"}}
{"__type":"$$EventMessageConfirm","confirm":"d2d69e30-b498-4b4b-bcb1-cf4736c544af","ts":"2026-04-04T17:29:47.589-04:00","source":{"id":"0","name":"eventBus"}}
{"__type":"$$EventMessageNode","id":"006be523-edeb-41be-acfb-a72ec1df1f18","ts":"2026-04-04T17:29:48.106-04:00","eventName":"n8n.node.finished","message":"n8n.node.finished","payload":{"workflowId":"YIYJI8ZkPUi59kQQ","workflowName":"My workflow","executionId":"38","nodeType":"@n8n/n8n-nodes-langchain.agent","nodeName":"AI Agent","nodeId":"9a07d0c0-fee7-4cf3-bf7c-e89cbd9d96c9"}}
{"__type":"$$EventMessageConfirm","confirm":"006be523-edeb-41be-acfb-a72ec1df1f18","ts":"2026-04-04T17:29:48.106-04:00","source":{"id":"0","name":"eventBus"}}
{"__type":"$$EventMessageNode","id":"25ea2fda-6bd9-4385-89c0-0122e788f630","ts":"2026-04-04T17:29:48.107-04:00","eventName":"n8n.node.started","message":"n8n.node.started","payload":{"workflowId":"YIYJI8ZkPUi59kQQ","workflowName":"My workflow","executionId":"38","nodeType":"n8n-nodes-base.respondToWebhook","nodeName":"Respond to Webhook","nodeId":"4299c8c6-af2f-4b17-be27-4cb1faf7742f"}}
{"__type":"$$EventMessageConfirm","confirm":"25ea2fda-6bd9-4385-89c0-0122e788f630","ts":"2026-04-04T17:29:48.107-04:00","source":{"id":"0","name":"eventBus"}}
{"__type":"$$EventMessageNode","id":"fa16ca66-1dbb-4bed-ad73-ed0c62513da1","ts":"2026-04-04T17:29:48.109-04:00","eventName":"n8n.node.finished","message":"n8n.node.finished","payload":{"workflowId":"YIYJI8ZkPUi59kQQ","workflowName":"My workflow","executionId":"38","nodeType":"n8n-nodes-base.respondToWebhook","nodeName":"Respond to Webhook","nodeId":"4299c8c6-af2f-4b17-be27-4cb1faf7742f"}}
{"__type":"$$EventMessageConfirm","confirm":"fa16ca66-1dbb-4bed-ad73-ed0c62513da1","ts":"2026-04-04T17:29:48.110-04:00","source":{"id":"0","name":"eventBus"}}
{"__type":"$$EventMessageWorkflow","id":"4f83cdd6-c2cd-4663-9491-66412b236a67","ts":"2026-04-04T17:29:48.110-04:00","eventName":"n8n.workflow.success","message":"n8n.workflow.success","payload":{"executionId":"38","success":true,"isManual":false,"mode":"webhook","workflowId":"YIYJI8ZkPUi59kQQ","workflowName":"My workflow"}}
{"__type":"$$EventMessageConfirm","confirm":"4f83cdd6-c2cd-4663-9491-66412b236a67","ts":"2026-04-04T17:29:48.110-04:00","source":{"id":"0","name":"eventBus"}}
{"__type":"$$EventMessageWorkflow","id":"7caa96c9-e303-4e00-9827-7a73b4b2429b","ts":"2026-04-04T18:54:56.941-04:00","eventName":"n8n.workflow.started","message":"n8n.workflow.started","payload":{"executionId":"39","workflowId":"YIYJI8ZkPUi59kQQ","isManual":false,"mode":"webhook","workflowName":"My workflow"}}
{"__type":"$$EventMessageConfirm","confirm":"7caa96c9-e303-4e00-9827-7a73b4b2429b","ts":"2026-04-04T18:54:56.941-04:00","source":{"id":"0","name":"eventBus"}}
{"__type":"$$EventMessageAudit","id":"3b2875d6-d83e-45f5-aa0f-61dde43a0e69","ts":"2026-04-04T18:54:56.942-04:00","eventName":"n8n.audit.workflow.executed","message":"n8n.audit.workflow.executed","payload":{"workflowId":"YIYJI8ZkPUi59kQQ","workflowName":"My workflow","executionId":"39","source":"webhook"}}
{"__type":"$$EventMessageConfirm","confirm":"3b2875d6-d83e-45f5-aa0f-61dde43a0e69","ts":"2026-04-04T18:54:56.942-04:00","source":{"id":"0","name":"eventBus"}}
{"__type":"$$EventMessageNode","id":"2a897489-9b48-41c6-906d-c385c14bee5a","ts":"2026-04-04T18:54:56.942-04:00","eventName":"n8n.node.started","message":"n8n.node.started","payload":{"workflowId":"YIYJI8ZkPUi59kQQ","workflowName":"My workflow","executionId":"39","nodeType":"n8n-nodes-base.webhook","nodeName":"Webhook","nodeId":"209ba0bd-158f-46b3-92d3-3e67fbfaeb46"}}
{"__type":"$$EventMessageConfirm","confirm":"2a897489-9b48-41c6-906d-c385c14bee5a","ts":"2026-04-04T18:54:56.942-04:00","source":{"id":"0","name":"eventBus"}}
{"__type":"$$EventMessageNode","id":"05b97856-c043-4556-b704-9f8674ac2bbe","ts":"2026-04-04T18:54:56.942-04:00","eventName":"n8n.node.finished","message":"n8n.node.finished","payload":{"workflowId":"YIYJI8ZkPUi59kQQ","workflowName":"My workflow","executionId":"39","nodeType":"n8n-nodes-base.webhook","nodeName":"Webhook","nodeId":"209ba0bd-158f-46b3-92d3-3e67fbfaeb46"}}
{"__type":"$$EventMessageConfirm","confirm":"05b97856-c043-4556-b704-9f8674ac2bbe","ts":"2026-04-04T18:54:56.943-04:00","source":{"id":"0","name":"eventBus"}}
{"__type":"$$EventMessageNode","id":"6c346dfa-32d3-4e89-99a1-6d09165cf262","ts":"2026-04-04T18:54:56.943-04:00","eventName":"n8n.node.started","message":"n8n.node.started","payload":{"workflowId":"YIYJI8ZkPUi59kQQ","workflowName":"My workflow","executionId":"39","nodeType":"@n8n/n8n-nodes-langchain.agent","nodeName":"AI Agent","nodeId":"9a07d0c0-fee7-4cf3-bf7c-e89cbd9d96c9"}}
{"__type":"$$EventMessageConfirm","confirm":"6c346dfa-32d3-4e89-99a1-6d09165cf262","ts":"2026-04-04T18:54:56.943-04:00","source":{"id":"0","name":"eventBus"}}
{"__type":"$$EventMessageNode","id":"2402b112-a6d0-4018-87ba-8bb60ec1d58c","ts":"2026-04-04T18:54:56.973-04:00","eventName":"n8n.node.started","message":"n8n.node.started","payload":{"workflowId":"YIYJI8ZkPUi59kQQ","workflowName":"My workflow","executionId":"39","nodeType":"@n8n/n8n-nodes-langchain.memoryMongoDbChat","nodeName":"MongoDB Chat Memory","nodeId":"754b91b0-51fa-4134-b475-fabea68a7ceb"}}
{"__type":"$$EventMessageConfirm","confirm":"2402b112-a6d0-4018-87ba-8bb60ec1d58c","ts":"2026-04-04T18:54:56.973-04:00","source":{"id":"0","name":"eventBus"}}
{"__type":"$$EventMessageNode","id":"f447a65e-5e5f-4800-97aa-588aa5615e25","ts":"2026-04-04T18:54:56.979-04:00","eventName":"n8n.node.finished","message":"n8n.node.finished","payload":{"workflowId":"YIYJI8ZkPUi59kQQ","workflowName":"My workflow","executionId":"39","nodeType":"@n8n/n8n-nodes-langchain.memoryMongoDbChat","nodeName":"MongoDB Chat Memory","nodeId":"754b91b0-51fa-4134-b475-fabea68a7ceb"}}
{"__type":"$$EventMessageConfirm","confirm":"f447a65e-5e5f-4800-97aa-588aa5615e25","ts":"2026-04-04T18:54:56.979-04:00","source":{"id":"0","name":"eventBus"}}
{"__type":"$$EventMessageNode","id":"0efc0cba-787c-498a-b9fb-d1fa4b698bb5","ts":"2026-04-04T18:54:57.005-04:00","eventName":"n8n.node.started","message":"n8n.node.started","payload":{"workflowId":"YIYJI8ZkPUi59kQQ","workflowName":"My workflow","executionId":"39","nodeType":"@n8n/n8n-nodes-langchain.lmChatGoogleGemini","nodeName":"Google Gemini Chat Model","nodeId":"cc97ad8b-5a79-4373-a561-d36a9275785e"}}
{"__type":"$$EventMessageConfirm","confirm":"0efc0cba-787c-498a-b9fb-d1fa4b698bb5","ts":"2026-04-04T18:54:57.005-04:00","source":{"id":"0","name":"eventBus"}}
{"__type":"$$EventMessageNode","id":"67ef7e4f-967d-4ce0-add5-c75a547bcf22","ts":"2026-04-04T18:54:59.143-04:00","eventName":"n8n.node.finished","message":"n8n.node.finished","payload":{"workflowId":"YIYJI8ZkPUi59kQQ","workflowName":"My workflow","executionId":"39","nodeType":"@n8n/n8n-nodes-langchain.lmChatGoogleGemini","nodeName":"Google Gemini Chat Model","nodeId":"cc97ad8b-5a79-4373-a561-d36a9275785e"}}
{"__type":"$$EventMessageConfirm","confirm":"67ef7e4f-967d-4ce0-add5-c75a547bcf22","ts":"2026-04-04T18:54:59.144-04:00","source":{"id":"0","name":"eventBus"}}
{"__type":"$$EventMessageAiNode","id":"ace89d0e-5245-4ad0-8df5-06d1efa5adaa","ts":"2026-04-04T18:54:59.144-04:00","eventName":"n8n.ai.llm.generated","message":"n8n.ai.llm.generated","payload":{"executionId":"39","nodeName":"Google Gemini Chat Model","workflowName":"My workflow","nodeType":"@n8n/n8n-nodes-langchain.lmChatGoogleGemini","workflowId":"YIYJI8ZkPUi59kQQ","msg":"{\"messages\":[\"Human: Eres un asistente inteligente de ServiceDesk.\\n\\nTu función principal es ayudar a los usuarios a resolver problemas relacionados con TI.\\n\\nDispones de una herramienta llamada crear_ticket que debes usar cuando el usuario reporta un problema o solicita crear un ticket.\\n\\nReglas importantes:\\n\\n- Si el usuario describe un problema (por ejemplo: no puede acceder a una aplicación, tiene errores, fallas, etc.), debes usar la herramienta crear_ticket.\\n- No devuelvas JSON manualmente.\\n- No expliques que usarás una herramienta, simplemente úsala.\\n\\nPara usar la herramienta crear_ticket, debes enviar estos campos:\\n\\n- solicitante: usa \\\"web-user\\\"\\n- tipo_solicitud: \\\"Incidencia\\\" si es un problema, o \\\"Requerimiento\\\" si es una solicitud\\n- prioridad: detecta \\\"Alta\\\", \\\"Media\\\" o \\\"Baja\\\" según el mensaje (por defecto \\\"Media\\\")\\n- categoria: \\\"Aplicaciones\\\"\\n- subcategoria: \\\"General\\\"\\n- articulo: el nombre de la aplicación o sistema (por ejemplo: WhatsApp, SAP, Outlook)\\n- asunto: un resumen corto del problema\\n- descripcion_html: una descripción clara del problema del usuario\\n\\nSi el usuario no está reportando un problema, responde normalmente como un asistente conversacional.\\n\\nDespués de crear el ticket, responde indicando que el ticket fue creado correctamente.\\n\\nUsuario dijo:\\nHola\\nAI: Hola, ¿en qué puedo ayudarte hoy?\\nHuman: Eres un asistente inteligente de ServiceDesk.\\n\\nTu función principal es ayudar a los usuarios a resolver problemas relacionados con TI.\\n\\nDispones de una herramienta llamada crear_ticket que debes usar cuando el usuario reporta un problema o solicita crear un ticket.\\n\\nReglas importantes:\\n\\n- Si el usuario describe un problema (por ejemplo: no puede acceder a una aplicación, tiene errores, fallas, etc.), debes usar la herramienta crear_ticket.\\n- No devuelvas JSON manualmente.\\n- No expliques que usarás una herramienta, simplemente úsala.\\n\\nPara usar la herramienta crear_ticket, debes enviar estos campos:\\n\\n- solicitante: usa \\\"web-user\\\"\\n- tipo_solicitud: \\\"Incidencia\\\" si es un problema, o \\\"Requerimiento\\\" si es una solicitud\\n- prioridad: detecta \\\"Alta\\\", \\\"Media\\\" o \\\"Baja\\\" según el mensaje (por defecto \\\"Media\\\")\\n- categoria: \\\"Aplicaciones\\\"\\n- subcategoria: \\\"General\\\"\\n- articulo: el nombre de la aplicación o sistema (por ejemplo: WhatsApp, SAP, Outlook)\\n- asunto: un resumen corto del problema\\n- descripcion_html: una descripción clara del problema del usuario\\n\\nSi el usuario no está reportando un problema, responde normalmente como un asistente conversacional.\\n\\nDespués de crear el ticket, responde indicando que el ticket fue creado correctamente.\\n\\nUsuario dijo:\\nNo puedo acceder a WhatsApp desde mi celular\\nAI: Calling crear_ticket with input: {\\\"subcategoria\\\":\\\"General\\\",\\\"prioridad\\\":\\\"Media\\\",\\\"articulo\\\":\\\"WhatsApp\\\",\\\"categoria\\\":\\\"Aplicaciones\\\",\\\"tipo_solicitud\\\":\\\"Incidencia\\\",\\\"asunto\\\":\\\"No puedo acceder a WhatsApp desde mi celular\\\",\\\"descripcion_html\\\":\\\"No puedo acceder a WhatsApp desde mi celular\\\",\\\"solicitante\\\":\\\"web-user\\\",\\\"id\\\":\\\"3d45d6a2-6457-4616-9ed2-6c363d6d0efa\\\"}[{\\\"id\\\":\\\"3d45d6a2-6457-4616-9ed2-6c363d6d0efa\\\",\\\"name\\\":\\\"crear_ticket\\\",\\\"args\\\":{\\\"subcategoria\\\":\\\"General\\\",\\\"prioridad\\\":\\\"Media\\\",\\\"articulo\\\":\\\"WhatsApp\\\",\\\"categoria\\\":\\\"Aplicaciones\\\",\\\"tipo_solicitud\\\":\\\"Incidencia\\\",\\\"asunto\\\":\\\"No puedo acceder a WhatsApp desde mi celular\\\",\\\"descripcion_html\\\":\\\"No puedo acceder a WhatsApp desde mi celular\\\",\\\"solicitante\\\":\\\"web-user\\\",\\\"id\\\":\\\"3d45d6a2-6457-4616-9ed2-6c363d6d0efa\\\"},\\\"type\\\":\\\"tool_call\\\"}]\\nTool: crear_ticket, [{\\\"_id\\\":\\\"69d181288212b0c3c94c32b9\\\",\\\"solicitante\\\":\\\"web-user\\\",\\\"tipo_solicitud\\\":\\\"Incidencia\\\",\\\"prioridad\\\":\\\"Media\\\",\\\"estado\\\":\\\"Abierto\\\",\\\"modo\\\":\\\"Sin especificar\\\",\\\"sucursal\\\":\\\"Sin especificar\\\",\\\"categoria\\\":\\\"Aplicaciones\\\",\\\"subcategoria\\\":\\\"General\\\",\\\"articulo\\\":\\\"WhatsApp\\\",\\\"asunto\\\":\\\"No puedo acceder a WhatsApp desde mi celular\\\",\\\"descripcion_html\\\":\\\"No puedo acceder a WhatsApp desde mi celular\\\",\\\"ID-ITIL\\\":\\\"INC-0000002\\\",\\\"resolucion\\\":null,\\\"fecha_creacion\\\":\\\"2026-04-04T21:22:48.532000\\\"}]\\nAI: El ticket ha sido creado correctamente.\\nHuman: Eres un asistente inteligente de ServiceDesk.\\n\\nTu función es ayudar a los usuarios a resolver problemas de TI.\\n\\nDispones de una herramienta llamada crear_ticket.\\n\\nReglas:\\n\\n- Si el usuario reporta un problema, debes usar la herramienta crear_ticket.\\n- No generes JSON manualmente.\\n- No menciones que estás usando herramientas.\\n\\n- Después de usar la herramienta, debes responder al usuario incluyendo el ID del ticket generado (campo \\\"ID-ITIL\\\").\\n\\n- Ejemplo de respuesta:\\n  \\\"Se ha creado el ticket INC-0000001 correctamente.\\\"\\n\\n- Si el usuario solo conversa, responde normalmente.\\n\\nUsuario dijo:\\nNo puedo acceder a WhatsApp\\nAI: Calling crear_ticket with input: {\\\"asunto\\\":\\\"No puedo acceder a WhatsApp\\\",\\\"descripcion_html\\\":\\\"No puedo acceder a WhatsApp\\\",\\\"articulo\\\":\\\"WhatsApp\\\",\\\"solicitante\\\":\\\"web-user\\\",\\\"tipo_solicitud\\\":\\\"Incidencia\\\",\\\"prioridad\\\":\\\"Media\\\",\\\"subcategoria\\\":\\\"General\\\",\\\"categoria\\\":\\\"Aplicaciones\\\",\\\"id\\\":\\\"cfa87616-1301-42d6-9a18-12d15af8afd4\\\"}[{\\\"id\\\":\\\"cfa87616-1301-42d6-9a18-12d15af8afd4\\\",\\\"name\\\":\\\"crear_ticket\\\",\\\"args\\\":{\\\"asunto\\\":\\\"No puedo acceder a WhatsApp\\\",\\\"descripcion_html\\\":\\\"No puedo acceder a WhatsApp\\\",\\\"articulo\\\":\\\"WhatsApp\\\",\\\"solicitante\\\":\\\"web-user\\\",\\\"tipo_solicitud\\\":\\\"Incidencia\\\",\\\"prioridad\\\":\\\"Media\\\",\\\"subcategoria\\\":\\\"General\\\",\\\"categoria\\\":\\\"Aplicaciones\\\",\\\"id\\\":\\\"cfa87616-1301-42d6-9a18-12d15af8afd4\\\"},\\\"type\\\":\\\"tool_call\\\"}]\\nTool: crear_ticket, [{\\\"_id\\\":\\\"69d182ca8212b0c3c94c32ba\\\",\\\"solicitante\\\":\\\"web-user\\\",\\\"tipo_solicitud\\\":\\\"Incidencia\\\",\\\"prioridad\\\":\\\"Media\\\",\\\"estado\\\":\\\"Abierto\\\",\\\"modo\\\":\\\"Sin especificar\\\",\\\"sucursal\\\":\\\"Sin especificar\\\",\\\"categoria\\\":\\\"Aplicaciones\\\",\\\"subcategoria\\\":\\\"General\\\",\\\"articulo\\\":\\\"WhatsApp\\\",\\\"asunto\\\":\\\"No puedo acceder a WhatsApp\\\",\\\"descripcion_html\\\":\\\"No puedo acceder a WhatsApp\\\",\\\"ID-ITIL\\\":\\\"INC-0000003\\\",\\\"resolucion\\\":null,\\\"fecha_creacion\\\":\\\"2026-04-04T21:29:46.466000\\\"}]\\nAI: Se ha creado el ticket INC-0000003 correctamente.\\nHuman: Eres un asistente inteligente de ServiceDesk.\\n\\nTu función es ayudar a los usuarios a resolver problemas de TI.\\n\\nDispones de una herramienta llamada crear_ticket.\\n\\nReglas:\\n\\n- Si el usuario reporta un problema, debes usar la herramienta crear_ticket.\\n- No generes JSON manualmente.\\n- No menciones que estás usando herramientas.\\n\\n- Después de usar la herramienta, debes responder al usuario incluyendo el ID del ticket generado (campo \\\"ID-ITIL\\\").\\n\\n- Ejemplo de respuesta:\\n  \\\"Se ha creado el ticket INC-0000001 correctamente.\\\"\\n\\n- Si el usuario solo conversa, responde normalmente.\\n\\nUsuario dijo:\\nHola qué tal?\"],\"options\":{\"google_api_key\":{\"lc\":1,\"type\":\"secret\",\"id\":[\"GOOGLE_API_KEY\"]},\"base_url\":\"https://generativelanguage.googleapis.com\",\"model\":\"gemini-2.5-flash\"},\"response\":{\"response\":{\"generations\":[[{\"text\":\"Hola, estoy bien, gracias. ¿En qué puedo ayudarte hoy?\",\"generationInfo\":{\"finishReason\":\"STOP\",\"index\":0}}]]},\"tokenUsage\":{\"completionTokens\":14,\"promptTokens\":1769,\"totalTokens\":1783}}}"}}
{"__type":"$$EventMessageConfirm","confirm":"ace89d0e-5245-4ad0-8df5-06d1efa5adaa","ts":"2026-04-04T18:54:59.144-04:00","source":{"id":"0","name":"eventBus"}}
{"__type":"$$EventMessageNode","id":"7e1e375f-a77d-4cc0-854b-1bfd7efec8d8","ts":"2026-04-04T18:54:59.145-04:00","eventName":"n8n.node.started","message":"n8n.node.started","payload":{"workflowId":"YIYJI8ZkPUi59kQQ","workflowName":"My workflow","executionId":"39","nodeType":"@n8n/n8n-nodes-langchain.memoryMongoDbChat","nodeName":"MongoDB Chat Memory","nodeId":"754b91b0-51fa-4134-b475-fabea68a7ceb"}}
{"__type":"$$EventMessageConfirm","confirm":"7e1e375f-a77d-4cc0-854b-1bfd7efec8d8","ts":"2026-04-04T18:54:59.145-04:00","source":{"id":"0","name":"eventBus"}}
{"__type":"$$EventMessageNode","id":"63c5f0e0-1dc1-4bb9-8a65-319e8f07ca43","ts":"2026-04-04T18:54:59.159-04:00","eventName":"n8n.node.finished","message":"n8n.node.finished","payload":{"workflowId":"YIYJI8ZkPUi59kQQ","workflowName":"My workflow","executionId":"39","nodeType":"@n8n/n8n-nodes-langchain.memoryMongoDbChat","nodeName":"MongoDB Chat Memory","nodeId":"754b91b0-51fa-4134-b475-fabea68a7ceb"}}
{"__type":"$$EventMessageConfirm","confirm":"63c5f0e0-1dc1-4bb9-8a65-319e8f07ca43","ts":"2026-04-04T18:54:59.159-04:00","source":{"id":"0","name":"eventBus"}}
{"__type":"$$EventMessageNode","id":"1059302c-824c-4914-8bdb-f870dc701db1","ts":"2026-04-04T18:54:59.162-04:00","eventName":"n8n.node.finished","message":"n8n.node.finished","payload":{"workflowId":"YIYJI8ZkPUi59kQQ","workflowName":"My workflow","executionId":"39","nodeType":"@n8n/n8n-nodes-langchain.agent","nodeName":"AI Agent","nodeId":"9a07d0c0-fee7-4cf3-bf7c-e89cbd9d96c9"}}
{"__type":"$$EventMessageConfirm","confirm":"1059302c-824c-4914-8bdb-f870dc701db1","ts":"2026-04-04T18:54:59.162-04:00","source":{"id":"0","name":"eventBus"}}
{"__type":"$$EventMessageNode","id":"e370afa1-8256-4205-9dd6-20d290a86d57","ts":"2026-04-04T18:54:59.162-04:00","eventName":"n8n.node.started","message":"n8n.node.started","payload":{"workflowId":"YIYJI8ZkPUi59kQQ","workflowName":"My workflow","executionId":"39","nodeType":"n8n-nodes-base.respondToWebhook","nodeName":"Respond to Webhook","nodeId":"4299c8c6-af2f-4b17-be27-4cb1faf7742f"}}
{"__type":"$$EventMessageConfirm","confirm":"e370afa1-8256-4205-9dd6-20d290a86d57","ts":"2026-04-04T18:54:59.163-04:00","source":{"id":"0","name":"eventBus"}}
{"__type":"$$EventMessageNode","id":"23c0d0b9-79e7-4c1e-aaf9-a934c01f34b8","ts":"2026-04-04T18:54:59.167-04:00","eventName":"n8n.node.finished","message":"n8n.node.finished","payload":{"workflowId":"YIYJI8ZkPUi59kQQ","workflowName":"My workflow","executionId":"39","nodeType":"n8n-nodes-base.respondToWebhook","nodeName":"Respond to Webhook","nodeId":"4299c8c6-af2f-4b17-be27-4cb1faf7742f"}}
{"__type":"$$EventMessageConfirm","confirm":"23c0d0b9-79e7-4c1e-aaf9-a934c01f34b8","ts":"2026-04-04T18:54:59.167-04:00","source":{"id":"0","name":"eventBus"}}
{"__type":"$$EventMessageWorkflow","id":"16bbb85d-77ec-479a-b50a-3c1107da125b","ts":"2026-04-04T18:54:59.168-04:00","eventName":"n8n.workflow.success","message":"n8n.workflow.success","payload":{"executionId":"39","success":true,"isManual":false,"mode":"webhook","workflowId":"YIYJI8ZkPUi59kQQ","workflowName":"My workflow"}}
{"__type":"$$EventMessageConfirm","confirm":"16bbb85d-77ec-479a-b50a-3c1107da125b","ts":"2026-04-04T18:54:59.168-04:00","source":{"id":"0","name":"eventBus"}}
{"__type":"$$EventMessageWorkflow","id":"7758a9bd-8001-488d-9075-89af49c1b687","ts":"2026-04-04T18:55:12.941-04:00","eventName":"n8n.workflow.started","message":"n8n.workflow.started","payload":{"executionId":"40","workflowId":"YIYJI8ZkPUi59kQQ","isManual":false,"mode":"webhook","workflowName":"My workflow"}}
{"__type":"$$EventMessageConfirm","confirm":"7758a9bd-8001-488d-9075-89af49c1b687","ts":"2026-04-04T18:55:12.941-04:00","source":{"id":"0","name":"eventBus"}}
{"__type":"$$EventMessageAudit","id":"83d23f1d-eb83-4097-8065-44732eee4d29","ts":"2026-04-04T18:55:12.941-04:00","eventName":"n8n.audit.workflow.executed","message":"n8n.audit.workflow.executed","payload":{"workflowId":"YIYJI8ZkPUi59kQQ","workflowName":"My workflow","executionId":"40","source":"webhook"}}
{"__type":"$$EventMessageConfirm","confirm":"83d23f1d-eb83-4097-8065-44732eee4d29","ts":"2026-04-04T18:55:12.941-04:00","source":{"id":"0","name":"eventBus"}}
{"__type":"$$EventMessageNode","id":"bb2a1890-cbc5-480a-8b44-fa8823ce687f","ts":"2026-04-04T18:55:12.942-04:00","eventName":"n8n.node.started","message":"n8n.node.started","payload":{"workflowId":"YIYJI8ZkPUi59kQQ","workflowName":"My workflow","executionId":"40","nodeType":"n8n-nodes-base.webhook","nodeName":"Webhook","nodeId":"209ba0bd-158f-46b3-92d3-3e67fbfaeb46"}}
{"__type":"$$EventMessageConfirm","confirm":"bb2a1890-cbc5-480a-8b44-fa8823ce687f","ts":"2026-04-04T18:55:12.942-04:00","source":{"id":"0","name":"eventBus"}}
{"__type":"$$EventMessageNode","id":"9ba9c4cc-d5f6-4914-9d22-1828cf087f7e","ts":"2026-04-04T18:55:12.942-04:00","eventName":"n8n.node.finished","message":"n8n.node.finished","payload":{"workflowId":"YIYJI8ZkPUi59kQQ","workflowName":"My workflow","executionId":"40","nodeType":"n8n-nodes-base.webhook","nodeName":"Webhook","nodeId":"209ba0bd-158f-46b3-92d3-3e67fbfaeb46"}}
{"__type":"$$EventMessageConfirm","confirm":"9ba9c4cc-d5f6-4914-9d22-1828cf087f7e","ts":"2026-04-04T18:55:12.942-04:00","source":{"id":"0","name":"eventBus"}}
{"__type":"$$EventMessageNode","id":"d5a4da5d-9259-4ef4-861e-dd5cc82cac1c","ts":"2026-04-04T18:55:12.942-04:00","eventName":"n8n.node.started","message":"n8n.node.started","payload":{"workflowId":"YIYJI8ZkPUi59kQQ","workflowName":"My workflow","executionId":"40","nodeType":"@n8n/n8n-nodes-langchain.agent","nodeName":"AI Agent","nodeId":"9a07d0c0-fee7-4cf3-bf7c-e89cbd9d96c9"}}
{"__type":"$$EventMessageConfirm","confirm":"d5a4da5d-9259-4ef4-861e-dd5cc82cac1c","ts":"2026-04-04T18:55:12.942-04:00","source":{"id":"0","name":"eventBus"}}
{"__type":"$$EventMessageNode","id":"bd6b1d0e-241e-439a-9c56-eae3a94a4557","ts":"2026-04-04T18:55:12.969-04:00","eventName":"n8n.node.started","message":"n8n.node.started","payload":{"workflowId":"YIYJI8ZkPUi59kQQ","workflowName":"My workflow","executionId":"40","nodeType":"@n8n/n8n-nodes-langchain.memoryMongoDbChat","nodeName":"MongoDB Chat Memory","nodeId":"754b91b0-51fa-4134-b475-fabea68a7ceb"}}
{"__type":"$$EventMessageConfirm","confirm":"bd6b1d0e-241e-439a-9c56-eae3a94a4557","ts":"2026-04-04T18:55:12.969-04:00","source":{"id":"0","name":"eventBus"}}
{"__type":"$$EventMessageNode","id":"a8ca404e-7db6-40cd-8dea-63b241fe7d32","ts":"2026-04-04T18:55:12.975-04:00","eventName":"n8n.node.finished","message":"n8n.node.finished","payload":{"workflowId":"YIYJI8ZkPUi59kQQ","workflowName":"My workflow","executionId":"40","nodeType":"@n8n/n8n-nodes-langchain.memoryMongoDbChat","nodeName":"MongoDB Chat Memory","nodeId":"754b91b0-51fa-4134-b475-fabea68a7ceb"}}
{"__type":"$$EventMessageConfirm","confirm":"a8ca404e-7db6-40cd-8dea-63b241fe7d32","ts":"2026-04-04T18:55:12.976-04:00","source":{"id":"0","name":"eventBus"}}
{"__type":"$$EventMessageNode","id":"01e55f79-b066-4eef-8d1b-aa6c48d60920","ts":"2026-04-04T18:55:12.988-04:00","eventName":"n8n.node.started","message":"n8n.node.started","payload":{"workflowId":"YIYJI8ZkPUi59kQQ","workflowName":"My workflow","executionId":"40","nodeType":"@n8n/n8n-nodes-langchain.lmChatGoogleGemini","nodeName":"Google Gemini Chat Model","nodeId":"cc97ad8b-5a79-4373-a561-d36a9275785e"}}
{"__type":"$$EventMessageConfirm","confirm":"01e55f79-b066-4eef-8d1b-aa6c48d60920","ts":"2026-04-04T18:55:12.988-04:00","source":{"id":"0","name":"eventBus"}}
{"__type":"$$EventMessageNode","id":"70259620-35e3-4d48-8970-1a44f33f0e50","ts":"2026-04-04T18:55:17.770-04:00","eventName":"n8n.node.finished","message":"n8n.node.finished","payload":{"workflowId":"YIYJI8ZkPUi59kQQ","workflowName":"My workflow","executionId":"40","nodeType":"@n8n/n8n-nodes-langchain.lmChatGoogleGemini","nodeName":"Google Gemini Chat Model","nodeId":"cc97ad8b-5a79-4373-a561-d36a9275785e"}}
{"__type":"$$EventMessageConfirm","confirm":"70259620-35e3-4d48-8970-1a44f33f0e50","ts":"2026-04-04T18:55:17.770-04:00","source":{"id":"0","name":"eventBus"}}
{"__type":"$$EventMessageAiNode","id":"69ce88d0-57b6-4aec-99aa-f990ae1e2e3e","ts":"2026-04-04T18:55:17.771-04:00","eventName":"n8n.ai.llm.generated","message":"n8n.ai.llm.generated","payload":{"executionId":"40","nodeName":"Google Gemini Chat Model","workflowName":"My workflow","nodeType":"@n8n/n8n-nodes-langchain.lmChatGoogleGemini","workflowId":"YIYJI8ZkPUi59kQQ","msg":"{\"messages\":[\"Human: Eres un asistente inteligente de ServiceDesk.\\n\\nTu función principal es ayudar a los usuarios a resolver problemas relacionados con TI.\\n\\nDispones de una herramienta llamada crear_ticket que debes usar cuando el usuario reporta un problema o solicita crear un ticket.\\n\\nReglas importantes:\\n\\n- Si el usuario describe un problema (por ejemplo: no puede acceder a una aplicación, tiene errores, fallas, etc.), debes usar la herramienta crear_ticket.\\n- No devuelvas JSON manualmente.\\n- No expliques que usarás una herramienta, simplemente úsala.\\n\\nPara usar la herramienta crear_ticket, debes enviar estos campos:\\n\\n- solicitante: usa \\\"web-user\\\"\\n- tipo_solicitud: \\\"Incidencia\\\" si es un problema, o \\\"Requerimiento\\\" si es una solicitud\\n- prioridad: detecta \\\"Alta\\\", \\\"Media\\\" o \\\"Baja\\\" según el mensaje (por defecto \\\"Media\\\")\\n- categoria: \\\"Aplicaciones\\\"\\n- subcategoria: \\\"General\\\"\\n- articulo: el nombre de la aplicación o sistema (por ejemplo: WhatsApp, SAP, Outlook)\\n- asunto: un resumen corto del problema\\n- descripcion_html: una descripción clara del problema del usuario\\n\\nSi el usuario no está reportando un problema, responde normalmente como un asistente conversacional.\\n\\nDespués de crear el ticket, responde indicando que el ticket fue creado correctamente.\\n\\nUsuario dijo:\\nNo puedo acceder a WhatsApp desde mi celular\\nAI: Calling crear_ticket with input: {\\\"subcategoria\\\":\\\"General\\\",\\\"prioridad\\\":\\\"Media\\\",\\\"articulo\\\":\\\"WhatsApp\\\",\\\"categoria\\\":\\\"Aplicaciones\\\",\\\"tipo_solicitud\\\":\\\"Incidencia\\\",\\\"asunto\\\":\\\"No puedo acceder a WhatsApp desde mi celular\\\",\\\"descripcion_html\\\":\\\"No puedo acceder a WhatsApp desde mi celular\\\",\\\"solicitante\\\":\\\"web-user\\\",\\\"id\\\":\\\"3d45d6a2-6457-4616-9ed2-6c363d6d0efa\\\"}[{\\\"id\\\":\\\"3d45d6a2-6457-4616-9ed2-6c363d6d0efa\\\",\\\"name\\\":\\\"crear_ticket\\\",\\\"args\\\":{\\\"subcategoria\\\":\\\"General\\\",\\\"prioridad\\\":\\\"Media\\\",\\\"articulo\\\":\\\"WhatsApp\\\",\\\"categoria\\\":\\\"Aplicaciones\\\",\\\"tipo_solicitud\\\":\\\"Incidencia\\\",\\\"asunto\\\":\\\"No puedo acceder a WhatsApp desde mi celular\\\",\\\"descripcion_html\\\":\\\"No puedo acceder a WhatsApp desde mi celular\\\",\\\"solicitante\\\":\\\"web-user\\\",\\\"id\\\":\\\"3d45d6a2-6457-4616-9ed2-6c363d6d0efa\\\"},\\\"type\\\":\\\"tool_call\\\"}]\\nTool: crear_ticket, [{\\\"_id\\\":\\\"69d181288212b0c3c94c32b9\\\",\\\"solicitante\\\":\\\"web-user\\\",\\\"tipo_solicitud\\\":\\\"Incidencia\\\",\\\"prioridad\\\":\\\"Media\\\",\\\"estado\\\":\\\"Abierto\\\",\\\"modo\\\":\\\"Sin especificar\\\",\\\"sucursal\\\":\\\"Sin especificar\\\",\\\"categoria\\\":\\\"Aplicaciones\\\",\\\"subcategoria\\\":\\\"General\\\",\\\"articulo\\\":\\\"WhatsApp\\\",\\\"asunto\\\":\\\"No puedo acceder a WhatsApp desde mi celular\\\",\\\"descripcion_html\\\":\\\"No puedo acceder a WhatsApp desde mi celular\\\",\\\"ID-ITIL\\\":\\\"INC-0000002\\\",\\\"resolucion\\\":null,\\\"fecha_creacion\\\":\\\"2026-04-04T21:22:48.532000\\\"}]\\nAI: El ticket ha sido creado correctamente.\\nHuman: Eres un asistente inteligente de ServiceDesk.\\n\\nTu función es ayudar a los usuarios a resolver problemas de TI.\\n\\nDispones de una herramienta llamada crear_ticket.\\n\\nReglas:\\n\\n- Si el usuario reporta un problema, debes usar la herramienta crear_ticket.\\n- No generes JSON manualmente.\\n- No menciones que estás usando herramientas.\\n\\n- Después de usar la herramienta, debes responder al usuario incluyendo el ID del ticket generado (campo \\\"ID-ITIL\\\").\\n\\n- Ejemplo de respuesta:\\n  \\\"Se ha creado el ticket INC-0000001 correctamente.\\\"\\n\\n- Si el usuario solo conversa, responde normalmente.\\n\\nUsuario dijo:\\nNo puedo acceder a WhatsApp\\nAI: Calling crear_ticket with input: {\\\"asunto\\\":\\\"No puedo acceder a WhatsApp\\\",\\\"descripcion_html\\\":\\\"No puedo acceder a WhatsApp\\\",\\\"articulo\\\":\\\"WhatsApp\\\",\\\"solicitante\\\":\\\"web-user\\\",\\\"tipo_solicitud\\\":\\\"Incidencia\\\",\\\"prioridad\\\":\\\"Media\\\",\\\"subcategoria\\\":\\\"General\\\",\\\"categoria\\\":\\\"Aplicaciones\\\",\\\"id\\\":\\\"cfa87616-1301-42d6-9a18-12d15af8afd4\\\"}[{\\\"id\\\":\\\"cfa87616-1301-42d6-9a18-12d15af8afd4\\\",\\\"name\\\":\\\"crear_ticket\\\",\\\"args\\\":{\\\"asunto\\\":\\\"No puedo acceder a WhatsApp\\\",\\\"descripcion_html\\\":\\\"No puedo acceder a WhatsApp\\\",\\\"articulo\\\":\\\"WhatsApp\\\",\\\"solicitante\\\":\\\"web-user\\\",\\\"tipo_solicitud\\\":\\\"Incidencia\\\",\\\"prioridad\\\":\\\"Media\\\",\\\"subcategoria\\\":\\\"General\\\",\\\"categoria\\\":\\\"Aplicaciones\\\",\\\"id\\\":\\\"cfa87616-1301-42d6-9a18-12d15af8afd4\\\"},\\\"type\\\":\\\"tool_call\\\"}]\\nTool: crear_ticket, [{\\\"_id\\\":\\\"69d182ca8212b0c3c94c32ba\\\",\\\"solicitante\\\":\\\"web-user\\\",\\\"tipo_solicitud\\\":\\\"Incidencia\\\",\\\"prioridad\\\":\\\"Media\\\",\\\"estado\\\":\\\"Abierto\\\",\\\"modo\\\":\\\"Sin especificar\\\",\\\"sucursal\\\":\\\"Sin especificar\\\",\\\"categoria\\\":\\\"Aplicaciones\\\",\\\"subcategoria\\\":\\\"General\\\",\\\"articulo\\\":\\\"WhatsApp\\\",\\\"asunto\\\":\\\"No puedo acceder a WhatsApp\\\",\\\"descripcion_html\\\":\\\"No puedo acceder a WhatsApp\\\",\\\"ID-ITIL\\\":\\\"INC-0000003\\\",\\\"resolucion\\\":null,\\\"fecha_creacion\\\":\\\"2026-04-04T21:29:46.466000\\\"}]\\nAI: Se ha creado el ticket INC-0000003 correctamente.\\nHuman: Eres un asistente inteligente de ServiceDesk.\\n\\nTu función es ayudar a los usuarios a resolver problemas de TI.\\n\\nDispones de una herramienta llamada crear_ticket.\\n\\nReglas:\\n\\n- Si el usuario reporta un problema, debes usar la herramienta crear_ticket.\\n- No generes JSON manualmente.\\n- No menciones que estás usando herramientas.\\n\\n- Después de usar la herramienta, debes responder al usuario incluyendo el ID del ticket generado (campo \\\"ID-ITIL\\\").\\n\\n- Ejemplo de respuesta:\\n  \\\"Se ha creado el ticket INC-0000001 correctamente.\\\"\\n\\n- Si el usuario solo conversa, responde normalmente.\\n\\nUsuario dijo:\\nHola qué tal?\\nAI: Hola, estoy bien, gracias. ¿En qué puedo ayudarte hoy?\\nHuman: Eres un asistente inteligente de ServiceDesk.\\n\\nTu función es ayudar a los usuarios a resolver problemas de TI.\\n\\nDispones de una herramienta llamada crear_ticket.\\n\\nReglas:\\n\\n- Si el usuario reporta un problema, debes usar la herramienta crear_ticket.\\n- No generes JSON manualmente.\\n- No menciones que estás usando herramientas.\\n\\n- Después de usar la herramienta, debes responder al usuario incluyendo el ID del ticket generado (campo \\\"ID-ITIL\\\").\\n\\n- Ejemplo de respuesta:\\n  \\\"Se ha creado el ticket INC-0000001 correctamente.\\\"\\n\\n- Si el usuario solo conversa, responde normalmente.\\n\\nUsuario dijo:\\nTengo un problema con mis audífonos, están como que no funcionan...\"],\"options\":{\"google_api_key\":{\"lc\":1,\"type\":\"secret\",\"id\":[\"GOOGLE_API_KEY\"]},\"base_url\":\"https://generativelanguage.googleapis.com\",\"model\":\"gemini-2.5-flash\"},\"response\":{\"response\":{\"generations\":[[{\"text\":\"\",\"generationInfo\":{\"finishReason\":\"STOP\",\"index\":0,\"finishMessage\":\"Model generated function call(s).\"}}]]},\"tokenUsage\":{\"completionTokens\":84,\"promptTokens\":1637,\"totalTokens\":1721}}}"}}
{"__type":"$$EventMessageConfirm","confirm":"69ce88d0-57b6-4aec-99aa-f990ae1e2e3e","ts":"2026-04-04T18:55:17.771-04:00","source":{"id":"0","name":"eventBus"}}
{"__type":"$$EventMessageNode","id":"83193660-488f-4743-b289-250ce648be3d","ts":"2026-04-04T18:55:17.772-04:00","eventName":"n8n.node.started","message":"n8n.node.started","payload":{"workflowId":"YIYJI8ZkPUi59kQQ","workflowName":"My workflow","executionId":"40","nodeType":"n8n-nodes-base.httpRequestTool","nodeName":"crear_ticket","nodeId":"d652dc57-d83b-43ef-b214-991d6c64acd0"}}
{"__type":"$$EventMessageConfirm","confirm":"83193660-488f-4743-b289-250ce648be3d","ts":"2026-04-04T18:55:17.772-04:00","source":{"id":"0","name":"eventBus"}}
{"__type":"$$EventMessageNode","id":"c8402798-d870-4b55-ac35-98ea25b12fb5","ts":"2026-04-04T18:55:17.796-04:00","eventName":"n8n.node.finished","message":"n8n.node.finished","payload":{"workflowId":"YIYJI8ZkPUi59kQQ","workflowName":"My workflow","executionId":"40","nodeType":"n8n-nodes-base.httpRequestTool","nodeName":"crear_ticket","nodeId":"d652dc57-d83b-43ef-b214-991d6c64acd0"}}
{"__type":"$$EventMessageConfirm","confirm":"c8402798-d870-4b55-ac35-98ea25b12fb5","ts":"2026-04-04T18:55:17.796-04:00","source":{"id":"0","name":"eventBus"}}
{"__type":"$$EventMessageNode","id":"b7a3a01d-415e-4b53-9583-406b8f89e4e5","ts":"2026-04-04T18:55:17.826-04:00","eventName":"n8n.node.started","message":"n8n.node.started","payload":{"workflowId":"YIYJI8ZkPUi59kQQ","workflowName":"My workflow","executionId":"40","nodeType":"@n8n/n8n-nodes-langchain.memoryMongoDbChat","nodeName":"MongoDB Chat Memory","nodeId":"754b91b0-51fa-4134-b475-fabea68a7ceb"}}
{"__type":"$$EventMessageConfirm","confirm":"b7a3a01d-415e-4b53-9583-406b8f89e4e5","ts":"2026-04-04T18:55:17.826-04:00","source":{"id":"0","name":"eventBus"}}
{"__type":"$$EventMessageNode","id":"c23460f3-54ff-425d-9720-9aeb92a12734","ts":"2026-04-04T18:55:17.832-04:00","eventName":"n8n.node.finished","message":"n8n.node.finished","payload":{"workflowId":"YIYJI8ZkPUi59kQQ","workflowName":"My workflow","executionId":"40","nodeType":"@n8n/n8n-nodes-langchain.memoryMongoDbChat","nodeName":"MongoDB Chat Memory","nodeId":"754b91b0-51fa-4134-b475-fabea68a7ceb"}}
{"__type":"$$EventMessageConfirm","confirm":"c23460f3-54ff-425d-9720-9aeb92a12734","ts":"2026-04-04T18:55:17.832-04:00","source":{"id":"0","name":"eventBus"}}
{"__type":"$$EventMessageNode","id":"8869578e-a5dc-49f5-9600-a6a133bd6a4b","ts":"2026-04-04T18:55:17.848-04:00","eventName":"n8n.node.started","message":"n8n.node.started","payload":{"workflowId":"YIYJI8ZkPUi59kQQ","workflowName":"My workflow","executionId":"40","nodeType":"@n8n/n8n-nodes-langchain.lmChatGoogleGemini","nodeName":"Google Gemini Chat Model","nodeId":"cc97ad8b-5a79-4373-a561-d36a9275785e"}}
{"__type":"$$EventMessageConfirm","confirm":"8869578e-a5dc-49f5-9600-a6a133bd6a4b","ts":"2026-04-04T18:55:17.848-04:00","source":{"id":"0","name":"eventBus"}}
{"__type":"$$EventMessageNode","id":"e150a893-6dec-4a5e-8fcf-03238d1c288c","ts":"2026-04-04T18:55:18.855-04:00","eventName":"n8n.node.finished","message":"n8n.node.finished","payload":{"workflowId":"YIYJI8ZkPUi59kQQ","workflowName":"My workflow","executionId":"40","nodeType":"@n8n/n8n-nodes-langchain.lmChatGoogleGemini","nodeName":"Google Gemini Chat Model","nodeId":"cc97ad8b-5a79-4373-a561-d36a9275785e"}}
{"__type":"$$EventMessageConfirm","confirm":"e150a893-6dec-4a5e-8fcf-03238d1c288c","ts":"2026-04-04T18:55:18.856-04:00","source":{"id":"0","name":"eventBus"}}
{"__type":"$$EventMessageAiNode","id":"1489f80e-3994-4ba2-abd4-ca8485f4e0e8","ts":"2026-04-04T18:55:18.856-04:00","eventName":"n8n.ai.llm.generated","message":"n8n.ai.llm.generated","payload":{"executionId":"40","nodeName":"Google Gemini Chat Model","workflowName":"My workflow","nodeType":"@n8n/n8n-nodes-langchain.lmChatGoogleGemini","workflowId":"YIYJI8ZkPUi59kQQ","msg":"{\"messages\":[\"Human: Eres un asistente inteligente de ServiceDesk.\\n\\nTu función principal es ayudar a los usuarios a resolver problemas relacionados con TI.\\n\\nDispones de una herramienta llamada crear_ticket que debes usar cuando el usuario reporta un problema o solicita crear un ticket.\\n\\nReglas importantes:\\n\\n- Si el usuario describe un problema (por ejemplo: no puede acceder a una aplicación, tiene errores, fallas, etc.), debes usar la herramienta crear_ticket.\\n- No devuelvas JSON manualmente.\\n- No expliques que usarás una herramienta, simplemente úsala.\\n\\nPara usar la herramienta crear_ticket, debes enviar estos campos:\\n\\n- solicitante: usa \\\"web-user\\\"\\n- tipo_solicitud: \\\"Incidencia\\\" si es un problema, o \\\"Requerimiento\\\" si es una solicitud\\n- prioridad: detecta \\\"Alta\\\", \\\"Media\\\" o \\\"Baja\\\" según el mensaje (por defecto \\\"Media\\\")\\n- categoria: \\\"Aplicaciones\\\"\\n- subcategoria: \\\"General\\\"\\n- articulo: el nombre de la aplicación o sistema (por ejemplo: WhatsApp, SAP, Outlook)\\n- asunto: un resumen corto del problema\\n- descripcion_html: una descripción clara del problema del usuario\\n\\nSi el usuario no está reportando un problema, responde normalmente como un asistente conversacional.\\n\\nDespués de crear el ticket, responde indicando que el ticket fue creado correctamente.\\n\\nUsuario dijo:\\nNo puedo acceder a WhatsApp desde mi celular\\nAI: Calling crear_ticket with input: {\\\"subcategoria\\\":\\\"General\\\",\\\"prioridad\\\":\\\"Media\\\",\\\"articulo\\\":\\\"WhatsApp\\\",\\\"categoria\\\":\\\"Aplicaciones\\\",\\\"tipo_solicitud\\\":\\\"Incidencia\\\",\\\"asunto\\\":\\\"No puedo acceder a WhatsApp desde mi celular\\\",\\\"descripcion_html\\\":\\\"No puedo acceder a WhatsApp desde mi celular\\\",\\\"solicitante\\\":\\\"web-user\\\",\\\"id\\\":\\\"3d45d6a2-6457-4616-9ed2-6c363d6d0efa\\\"}[{\\\"id\\\":\\\"3d45d6a2-6457-4616-9ed2-6c363d6d0efa\\\",\\\"name\\\":\\\"crear_ticket\\\",\\\"args\\\":{\\\"subcategoria\\\":\\\"General\\\",\\\"prioridad\\\":\\\"Media\\\",\\\"articulo\\\":\\\"WhatsApp\\\",\\\"categoria\\\":\\\"Aplicaciones\\\",\\\"tipo_solicitud\\\":\\\"Incidencia\\\",\\\"asunto\\\":\\\"No puedo acceder a WhatsApp desde mi celular\\\",\\\"descripcion_html\\\":\\\"No puedo acceder a WhatsApp desde mi celular\\\",\\\"solicitante\\\":\\\"web-user\\\",\\\"id\\\":\\\"3d45d6a2-6457-4616-9ed2-6c363d6d0efa\\\"},\\\"type\\\":\\\"tool_call\\\"}]\\nTool: crear_ticket, [{\\\"_id\\\":\\\"69d181288212b0c3c94c32b9\\\",\\\"solicitante\\\":\\\"web-user\\\",\\\"tipo_solicitud\\\":\\\"Incidencia\\\",\\\"prioridad\\\":\\\"Media\\\",\\\"estado\\\":\\\"Abierto\\\",\\\"modo\\\":\\\"Sin especificar\\\",\\\"sucursal\\\":\\\"Sin especificar\\\",\\\"categoria\\\":\\\"Aplicaciones\\\",\\\"subcategoria\\\":\\\"General\\\",\\\"articulo\\\":\\\"WhatsApp\\\",\\\"asunto\\\":\\\"No puedo acceder a WhatsApp desde mi celular\\\",\\\"descripcion_html\\\":\\\"No puedo acceder a WhatsApp desde mi celular\\\",\\\"ID-ITIL\\\":\\\"INC-0000002\\\",\\\"resolucion\\\":null,\\\"fecha_creacion\\\":\\\"2026-04-04T21:22:48.532000\\\"}]\\nAI: El ticket ha sido creado correctamente.\\nHuman: Eres un asistente inteligente de ServiceDesk.\\n\\nTu función es ayudar a los usuarios a resolver problemas de TI.\\n\\nDispones de una herramienta llamada crear_ticket.\\n\\nReglas:\\n\\n- Si el usuario reporta un problema, debes usar la herramienta crear_ticket.\\n- No generes JSON manualmente.\\n- No menciones que estás usando herramientas.\\n\\n- Después de usar la herramienta, debes responder al usuario incluyendo el ID del ticket generado (campo \\\"ID-ITIL\\\").\\n\\n- Ejemplo de respuesta:\\n  \\\"Se ha creado el ticket INC-0000001 correctamente.\\\"\\n\\n- Si el usuario solo conversa, responde normalmente.\\n\\nUsuario dijo:\\nNo puedo acceder a WhatsApp\\nAI: Calling crear_ticket with input: {\\\"asunto\\\":\\\"No puedo acceder a WhatsApp\\\",\\\"descripcion_html\\\":\\\"No puedo acceder a WhatsApp\\\",\\\"articulo\\\":\\\"WhatsApp\\\",\\\"solicitante\\\":\\\"web-user\\\",\\\"tipo_solicitud\\\":\\\"Incidencia\\\",\\\"prioridad\\\":\\\"Media\\\",\\\"subcategoria\\\":\\\"General\\\",\\\"categoria\\\":\\\"Aplicaciones\\\",\\\"id\\\":\\\"cfa87616-1301-42d6-9a18-12d15af8afd4\\\"}[{\\\"id\\\":\\\"cfa87616-1301-42d6-9a18-12d15af8afd4\\\",\\\"name\\\":\\\"crear_ticket\\\",\\\"args\\\":{\\\"asunto\\\":\\\"No puedo acceder a WhatsApp\\\",\\\"descripcion_html\\\":\\\"No puedo acceder a WhatsApp\\\",\\\"articulo\\\":\\\"WhatsApp\\\",\\\"solicitante\\\":\\\"web-user\\\",\\\"tipo_solicitud\\\":\\\"Incidencia\\\",\\\"prioridad\\\":\\\"Media\\\",\\\"subcategoria\\\":\\\"General\\\",\\\"categoria\\\":\\\"Aplicaciones\\\",\\\"id\\\":\\\"cfa87616-1301-42d6-9a18-12d15af8afd4\\\"},\\\"type\\\":\\\"tool_call\\\"}]\\nTool: crear_ticket, [{\\\"_id\\\":\\\"69d182ca8212b0c3c94c32ba\\\",\\\"solicitante\\\":\\\"web-user\\\",\\\"tipo_solicitud\\\":\\\"Incidencia\\\",\\\"prioridad\\\":\\\"Media\\\",\\\"estado\\\":\\\"Abierto\\\",\\\"modo\\\":\\\"Sin especificar\\\",\\\"sucursal\\\":\\\"Sin especificar\\\",\\\"categoria\\\":\\\"Aplicaciones\\\",\\\"subcategoria\\\":\\\"General\\\",\\\"articulo\\\":\\\"WhatsApp\\\",\\\"asunto\\\":\\\"No puedo acceder a WhatsApp\\\",\\\"descripcion_html\\\":\\\"No puedo acceder a WhatsApp\\\",\\\"ID-ITIL\\\":\\\"INC-0000003\\\",\\\"resolucion\\\":null,\\\"fecha_creacion\\\":\\\"2026-04-04T21:29:46.466000\\\"}]\\nAI: Se ha creado el ticket INC-0000003 correctamente.\\nHuman: Eres un asistente inteligente de ServiceDesk.\\n\\nTu función es ayudar a los usuarios a resolver problemas de TI.\\n\\nDispones de una herramienta llamada crear_ticket.\\n\\nReglas:\\n\\n- Si el usuario reporta un problema, debes usar la herramienta crear_ticket.\\n- No generes JSON manualmente.\\n- No menciones que estás usando herramientas.\\n\\n- Después de usar la herramienta, debes responder al usuario incluyendo el ID del ticket generado (campo \\\"ID-ITIL\\\").\\n\\n- Ejemplo de respuesta:\\n  \\\"Se ha creado el ticket INC-0000001 correctamente.\\\"\\n\\n- Si el usuario solo conversa, responde normalmente.\\n\\nUsuario dijo:\\nHola qué tal?\\nAI: Hola, estoy bien, gracias. ¿En qué puedo ayudarte hoy?\\nHuman: Eres un asistente inteligente de ServiceDesk.\\n\\nTu función es ayudar a los usuarios a resolver problemas de TI.\\n\\nDispones de una herramienta llamada crear_ticket.\\n\\nReglas:\\n\\n- Si el usuario reporta un problema, debes usar la herramienta crear_ticket.\\n- No generes JSON manualmente.\\n- No menciones que estás usando herramientas.\\n\\n- Después de usar la herramienta, debes responder al usuario incluyendo el ID del ticket generado (campo \\\"ID-ITIL\\\").\\n\\n- Ejemplo de respuesta:\\n  \\\"Se ha creado el ticket INC-0000001 correctamente.\\\"\\n\\n- Si el usuario solo conversa, responde normalmente.\\n\\nUsuario dijo:\\nTengo un problema con mis audífonos, están como que no funcionan...\\nAI: Calling crear_ticket with input: {\\\"prioridad\\\":\\\"Media\\\",\\\"descripcion_html\\\":\\\"Tengo un problema con mis audífonos, están como que no funcionan...\\\",\\\"articulo\\\":\\\"Audífonos\\\",\\\"categoria\\\":\\\"Aplicaciones\\\",\\\"solicitante\\\":\\\"web-user\\\",\\\"subcategoria\\\":\\\"General\\\",\\\"asunto\\\":\\\"Audífonos no funcionan\\\",\\\"tipo_solicitud\\\":\\\"Incidencia\\\",\\\"id\\\":\\\"f2f3a86b-8e0e-4be4-a4bf-998621666d45\\\"}[{\\\"id\\\":\\\"f2f3a86b-8e0e-4be4-a4bf-998621666d45\\\",\\\"name\\\":\\\"crear_ticket\\\",\\\"args\\\":{\\\"prioridad\\\":\\\"Media\\\",\\\"descripcion_html\\\":\\\"Tengo un problema con mis audífonos, están como que no funcionan...\\\",\\\"articulo\\\":\\\"Audífonos\\\",\\\"categoria\\\":\\\"Aplicaciones\\\",\\\"solicitante\\\":\\\"web-user\\\",\\\"subcategoria\\\":\\\"General\\\",\\\"asunto\\\":\\\"Audífonos no funcionan\\\",\\\"tipo_solicitud\\\":\\\"Incidencia\\\",\\\"id\\\":\\\"f2f3a86b-8e0e-4be4-a4bf-998621666d45\\\"},\\\"type\\\":\\\"tool_call\\\"}]\\nTool: [{\\\"_id\\\":\\\"69d196d58212b0c3c94c32bb\\\",\\\"solicitante\\\":\\\"web-user\\\",\\\"tipo_solicitud\\\":\\\"Incidencia\\\",\\\"prioridad\\\":\\\"Media\\\",\\\"estado\\\":\\\"Abierto\\\",\\\"modo\\\":\\\"Sin especificar\\\",\\\"sucursal\\\":\\\"Sin especificar\\\",\\\"categoria\\\":\\\"Aplicaciones\\\",\\\"subcategoria\\\":\\\"General\\\",\\\"articulo\\\":\\\"Audífonos\\\",\\\"asunto\\\":\\\"Audífonos no funcionan\\\",\\\"descripcion_html\\\":\\\"Tengo un problema con mis audífonos, están como que no funcionan...\\\",\\\"ID-ITIL\\\":\\\"INC-0000004\\\",\\\"resolucion\\\":null,\\\"fecha_creacion\\\":\\\"2026-04-04T22:55:17.784000\\\"}]\"],\"options\":{\"google_api_key\":{\"lc\":1,\"type\":\"secret\",\"id\":[\"GOOGLE_API_KEY\"]},\"base_url\":\"https://generativelanguage.googleapis.com\",\"model\":\"gemini-2.5-flash\"},\"response\":{\"response\":{\"generations\":[[{\"text\":\"Se ha creado el ticket INC-0000004 correctamente.\",\"generationInfo\":{\"finishReason\":\"STOP\",\"index\":0}}]]},\"tokenUsage\":{\"completionTokens\":16,\"promptTokens\":2054,\"totalTokens\":2070}}}"}}
{"__type":"$$EventMessageConfirm","confirm":"1489f80e-3994-4ba2-abd4-ca8485f4e0e8","ts":"2026-04-04T18:55:18.856-04:00","source":{"id":"0","name":"eventBus"}}
{"__type":"$$EventMessageNode","id":"67e3f85f-cff5-4c64-9529-7691c999e6b5","ts":"2026-04-04T18:55:18.873-04:00","eventName":"n8n.node.finished","message":"n8n.node.finished","payload":{"workflowId":"YIYJI8ZkPUi59kQQ","workflowName":"My workflow","executionId":"40","nodeType":"@n8n/n8n-nodes-langchain.agent","nodeName":"AI Agent","nodeId":"9a07d0c0-fee7-4cf3-bf7c-e89cbd9d96c9"}}
{"__type":"$$EventMessageConfirm","confirm":"67e3f85f-cff5-4c64-9529-7691c999e6b5","ts":"2026-04-04T18:55:18.873-04:00","source":{"id":"0","name":"eventBus"}}
{"__type":"$$EventMessageNode","id":"fa57d46b-a719-4106-9b22-75efc23ced6b","ts":"2026-04-04T18:55:18.873-04:00","eventName":"n8n.node.started","message":"n8n.node.started","payload":{"workflowId":"YIYJI8ZkPUi59kQQ","workflowName":"My workflow","executionId":"40","nodeType":"n8n-nodes-base.respondToWebhook","nodeName":"Respond to Webhook","nodeId":"4299c8c6-af2f-4b17-be27-4cb1faf7742f"}}
{"__type":"$$EventMessageConfirm","confirm":"fa57d46b-a719-4106-9b22-75efc23ced6b","ts":"2026-04-04T18:55:18.874-04:00","source":{"id":"0","name":"eventBus"}}
{"__type":"$$EventMessageNode","id":"f84460a3-f649-4d97-b48a-6aa366f37a22","ts":"2026-04-04T18:55:18.876-04:00","eventName":"n8n.node.finished","message":"n8n.node.finished","payload":{"workflowId":"YIYJI8ZkPUi59kQQ","workflowName":"My workflow","executionId":"40","nodeType":"n8n-nodes-base.respondToWebhook","nodeName":"Respond to Webhook","nodeId":"4299c8c6-af2f-4b17-be27-4cb1faf7742f"}}
{"__type":"$$EventMessageConfirm","confirm":"f84460a3-f649-4d97-b48a-6aa366f37a22","ts":"2026-04-04T18:55:18.876-04:00","source":{"id":"0","name":"eventBus"}}
{"__type":"$$EventMessageWorkflow","id":"f9961068-93f1-4ccc-862a-e03b09265fc6","ts":"2026-04-04T18:55:18.876-04:00","eventName":"n8n.workflow.success","message":"n8n.workflow.success","payload":{"executionId":"40","success":true,"isManual":false,"mode":"webhook","workflowId":"YIYJI8ZkPUi59kQQ","workflowName":"My workflow"}}
{"__type":"$$EventMessageConfirm","confirm":"f9961068-93f1-4ccc-862a-e03b09265fc6","ts":"2026-04-04T18:55:18.876-04:00","source":{"id":"0","name":"eventBus"}}
{"__type":"$$EventMessageWorkflow","id":"0e337178-8e08-4dcf-9dc0-c34fcc14eef8","ts":"2026-04-04T21:53:13.516-04:00","eventName":"n8n.workflow.started","message":"n8n.workflow.started","payload":{"executionId":"41","workflowId":"YIYJI8ZkPUi59kQQ","isManual":false,"mode":"webhook","workflowName":"My workflow"}}
{"__type":"$$EventMessageConfirm","confirm":"0e337178-8e08-4dcf-9dc0-c34fcc14eef8","ts":"2026-04-04T21:53:13.527-04:00","source":{"id":"0","name":"eventBus"}}
{"__type":"$$EventMessageAudit","id":"616cb46f-98d9-4d45-9f20-58b948234769","ts":"2026-04-04T21:53:13.528-04:00","eventName":"n8n.audit.workflow.executed","message":"n8n.audit.workflow.executed","payload":{"workflowId":"YIYJI8ZkPUi59kQQ","workflowName":"My workflow","executionId":"41","source":"webhook"}}
{"__type":"$$EventMessageConfirm","confirm":"616cb46f-98d9-4d45-9f20-58b948234769","ts":"2026-04-04T21:53:13.528-04:00","source":{"id":"0","name":"eventBus"}}
{"__type":"$$EventMessageNode","id":"c68eb391-edba-43a9-815e-cf67cebf94e0","ts":"2026-04-04T21:53:13.533-04:00","eventName":"n8n.node.started","message":"n8n.node.started","payload":{"workflowId":"YIYJI8ZkPUi59kQQ","workflowName":"My workflow","executionId":"41","nodeType":"n8n-nodes-base.webhook","nodeName":"Webhook","nodeId":"209ba0bd-158f-46b3-92d3-3e67fbfaeb46"}}
{"__type":"$$EventMessageConfirm","confirm":"c68eb391-edba-43a9-815e-cf67cebf94e0","ts":"2026-04-04T21:53:13.533-04:00","source":{"id":"0","name":"eventBus"}}
{"__type":"$$EventMessageNode","id":"cdecb649-c691-4fc5-b45a-d93b3f4fb0b9","ts":"2026-04-04T21:53:13.540-04:00","eventName":"n8n.node.finished","message":"n8n.node.finished","payload":{"workflowId":"YIYJI8ZkPUi59kQQ","workflowName":"My workflow","executionId":"41","nodeType":"n8n-nodes-base.webhook","nodeName":"Webhook","nodeId":"209ba0bd-158f-46b3-92d3-3e67fbfaeb46"}}
{"__type":"$$EventMessageConfirm","confirm":"cdecb649-c691-4fc5-b45a-d93b3f4fb0b9","ts":"2026-04-04T21:53:13.541-04:00","source":{"id":"0","name":"eventBus"}}
{"__type":"$$EventMessageNode","id":"fe7ef6ab-8c40-4071-8aea-6a74f717ac89","ts":"2026-04-04T21:53:13.543-04:00","eventName":"n8n.node.started","message":"n8n.node.started","payload":{"workflowId":"YIYJI8ZkPUi59kQQ","workflowName":"My workflow","executionId":"41","nodeType":"@n8n/n8n-nodes-langchain.agent","nodeName":"AI Agent","nodeId":"9a07d0c0-fee7-4cf3-bf7c-e89cbd9d96c9"}}
{"__type":"$$EventMessageConfirm","confirm":"fe7ef6ab-8c40-4071-8aea-6a74f717ac89","ts":"2026-04-04T21:53:13.544-04:00","source":{"id":"0","name":"eventBus"}}
{"__type":"$$EventMessageNode","id":"e900adf6-1cdf-4feb-98ed-3a43eae746ec","ts":"2026-04-04T21:53:13.833-04:00","eventName":"n8n.node.started","message":"n8n.node.started","payload":{"workflowId":"YIYJI8ZkPUi59kQQ","workflowName":"My workflow","executionId":"41","nodeType":"@n8n/n8n-nodes-langchain.memoryMongoDbChat","nodeName":"MongoDB Chat Memory","nodeId":"754b91b0-51fa-4134-b475-fabea68a7ceb"}}
{"__type":"$$EventMessageConfirm","confirm":"e900adf6-1cdf-4feb-98ed-3a43eae746ec","ts":"2026-04-04T21:53:13.833-04:00","source":{"id":"0","name":"eventBus"}}
{"__type":"$$EventMessageNode","id":"b0c158d1-aa3e-4881-a865-787dd307f1d3","ts":"2026-04-04T21:53:13.878-04:00","eventName":"n8n.node.finished","message":"n8n.node.finished","payload":{"workflowId":"YIYJI8ZkPUi59kQQ","workflowName":"My workflow","executionId":"41","nodeType":"@n8n/n8n-nodes-langchain.memoryMongoDbChat","nodeName":"MongoDB Chat Memory","nodeId":"754b91b0-51fa-4134-b475-fabea68a7ceb"}}
{"__type":"$$EventMessageConfirm","confirm":"b0c158d1-aa3e-4881-a865-787dd307f1d3","ts":"2026-04-04T21:53:13.879-04:00","source":{"id":"0","name":"eventBus"}}
{"__type":"$$EventMessageNode","id":"f5d12659-8049-4ca2-8cae-cffba0538662","ts":"2026-04-04T21:53:14.150-04:00","eventName":"n8n.node.started","message":"n8n.node.started","payload":{"workflowId":"YIYJI8ZkPUi59kQQ","workflowName":"My workflow","executionId":"41","nodeType":"@n8n/n8n-nodes-langchain.lmChatGoogleGemini","nodeName":"Google Gemini Chat Model","nodeId":"cc97ad8b-5a79-4373-a561-d36a9275785e"}}
{"__type":"$$EventMessageConfirm","confirm":"f5d12659-8049-4ca2-8cae-cffba0538662","ts":"2026-04-04T21:53:14.150-04:00","source":{"id":"0","name":"eventBus"}}
{"__type":"$$EventMessageNode","id":"294dc657-f3c8-41ef-a151-dc8389d73bdb","ts":"2026-04-04T21:53:16.104-04:00","eventName":"n8n.node.finished","message":"n8n.node.finished","payload":{"workflowId":"YIYJI8ZkPUi59kQQ","workflowName":"My workflow","executionId":"41","nodeType":"@n8n/n8n-nodes-langchain.lmChatGoogleGemini","nodeName":"Google Gemini Chat Model","nodeId":"cc97ad8b-5a79-4373-a561-d36a9275785e"}}
{"__type":"$$EventMessageConfirm","confirm":"294dc657-f3c8-41ef-a151-dc8389d73bdb","ts":"2026-04-04T21:53:16.104-04:00","source":{"id":"0","name":"eventBus"}}
{"__type":"$$EventMessageAiNode","id":"0f7d3fd6-8576-4d7b-9d33-ce24fdf14b26","ts":"2026-04-04T21:53:16.105-04:00","eventName":"n8n.ai.llm.generated","message":"n8n.ai.llm.generated","payload":{"executionId":"41","nodeName":"Google Gemini Chat Model","workflowName":"My workflow","nodeType":"@n8n/n8n-nodes-langchain.lmChatGoogleGemini","workflowId":"YIYJI8ZkPUi59kQQ","msg":"{\"messages\":[\"Human: Eres un asistente inteligente de ServiceDesk.\\n\\nTu función es ayudar a los usuarios a resolver problemas de TI.\\n\\nDispones de una herramienta llamada crear_ticket.\\n\\nReglas:\\n\\n- Si el usuario reporta un problema, debes usar la herramienta crear_ticket.\\n- No generes JSON manualmente.\\n- No menciones que estás usando herramientas.\\n\\n- Después de usar la herramienta, debes responder al usuario incluyendo el ID del ticket generado (campo \\\"ID-ITIL\\\").\\n\\n- Ejemplo de respuesta:\\n  \\\"Se ha creado el ticket INC-0000001 correctamente.\\\"\\n\\n- Si el usuario solo conversa, responde normalmente.\\n\\nUsuario dijo:\\nNo puedo acceder a WhatsApp\\nAI: Calling crear_ticket with input: {\\\"asunto\\\":\\\"No puedo acceder a WhatsApp\\\",\\\"descripcion_html\\\":\\\"No puedo acceder a WhatsApp\\\",\\\"articulo\\\":\\\"WhatsApp\\\",\\\"solicitante\\\":\\\"web-user\\\",\\\"tipo_solicitud\\\":\\\"Incidencia\\\",\\\"prioridad\\\":\\\"Media\\\",\\\"subcategoria\\\":\\\"General\\\",\\\"categoria\\\":\\\"Aplicaciones\\\",\\\"id\\\":\\\"cfa87616-1301-42d6-9a18-12d15af8afd4\\\"}[{\\\"id\\\":\\\"cfa87616-1301-42d6-9a18-12d15af8afd4\\\",\\\"name\\\":\\\"crear_ticket\\\",\\\"args\\\":{\\\"asunto\\\":\\\"No puedo acceder a WhatsApp\\\",\\\"descripcion_html\\\":\\\"No puedo acceder a WhatsApp\\\",\\\"articulo\\\":\\\"WhatsApp\\\",\\\"solicitante\\\":\\\"web-user\\\",\\\"tipo_solicitud\\\":\\\"Incidencia\\\",\\\"prioridad\\\":\\\"Media\\\",\\\"subcategoria\\\":\\\"General\\\",\\\"categoria\\\":\\\"Aplicaciones\\\",\\\"id\\\":\\\"cfa87616-1301-42d6-9a18-12d15af8afd4\\\"},\\\"type\\\":\\\"tool_call\\\"}]\\nTool: crear_ticket, [{\\\"_id\\\":\\\"69d182ca8212b0c3c94c32ba\\\",\\\"solicitante\\\":\\\"web-user\\\",\\\"tipo_solicitud\\\":\\\"Incidencia\\\",\\\"prioridad\\\":\\\"Media\\\",\\\"estado\\\":\\\"Abierto\\\",\\\"modo\\\":\\\"Sin especificar\\\",\\\"sucursal\\\":\\\"Sin especificar\\\",\\\"categoria\\\":\\\"Aplicaciones\\\",\\\"subcategoria\\\":\\\"General\\\",\\\"articulo\\\":\\\"WhatsApp\\\",\\\"asunto\\\":\\\"No puedo acceder a WhatsApp\\\",\\\"descripcion_html\\\":\\\"No puedo acceder a WhatsApp\\\",\\\"ID-ITIL\\\":\\\"INC-0000003\\\",\\\"resolucion\\\":null,\\\"fecha_creacion\\\":\\\"2026-04-04T21:29:46.466000\\\"}]\\nAI: Se ha creado el ticket INC-0000003 correctamente.\\nHuman: Eres un asistente inteligente de ServiceDesk.\\n\\nTu función es ayudar a los usuarios a resolver problemas de TI.\\n\\nDispones de una herramienta llamada crear_ticket.\\n\\nReglas:\\n\\n- Si el usuario reporta un problema, debes usar la herramienta crear_ticket.\\n- No generes JSON manualmente.\\n- No menciones que estás usando herramientas.\\n\\n- Después de usar la herramienta, debes responder al usuario incluyendo el ID del ticket generado (campo \\\"ID-ITIL\\\").\\n\\n- Ejemplo de respuesta:\\n  \\\"Se ha creado el ticket INC-0000001 correctamente.\\\"\\n\\n- Si el usuario solo conversa, responde normalmente.\\n\\nUsuario dijo:\\nHola qué tal?\\nAI: Hola, estoy bien, gracias. ¿En qué puedo ayudarte hoy?\\nHuman: Eres un asistente inteligente de ServiceDesk.\\n\\nTu función es ayudar a los usuarios a resolver problemas de TI.\\n\\nDispones de una herramienta llamada crear_ticket.\\n\\nReglas:\\n\\n- Si el usuario reporta un problema, debes usar la herramienta crear_ticket.\\n- No generes JSON manualmente.\\n- No menciones que estás usando herramientas.\\n\\n- Después de usar la herramienta, debes responder al usuario incluyendo el ID del ticket generado (campo \\\"ID-ITIL\\\").\\n\\n- Ejemplo de respuesta:\\n  \\\"Se ha creado el ticket INC-0000001 correctamente.\\\"\\n\\n- Si el usuario solo conversa, responde normalmente.\\n\\nUsuario dijo:\\nTengo un problema con mis audífonos, están como que no funcionan...\\nAI: Calling crear_ticket with input: {\\\"prioridad\\\":\\\"Media\\\",\\\"descripcion_html\\\":\\\"Tengo un problema con mis audífonos, están como que no funcionan...\\\",\\\"articulo\\\":\\\"Audífonos\\\",\\\"categoria\\\":\\\"Aplicaciones\\\",\\\"solicitante\\\":\\\"web-user\\\",\\\"subcategoria\\\":\\\"General\\\",\\\"asunto\\\":\\\"Audífonos no funcionan\\\",\\\"tipo_solicitud\\\":\\\"Incidencia\\\",\\\"id\\\":\\\"f2f3a86b-8e0e-4be4-a4bf-998621666d45\\\"}[{\\\"id\\\":\\\"f2f3a86b-8e0e-4be4-a4bf-998621666d45\\\",\\\"name\\\":\\\"crear_ticket\\\",\\\"args\\\":{\\\"prioridad\\\":\\\"Media\\\",\\\"descripcion_html\\\":\\\"Tengo un problema con mis audífonos, están como que no funcionan...\\\",\\\"articulo\\\":\\\"Audífonos\\\",\\\"categoria\\\":\\\"Aplicaciones\\\",\\\"solicitante\\\":\\\"web-user\\\",\\\"subcategoria\\\":\\\"General\\\",\\\"asunto\\\":\\\"Audífonos no funcionan\\\",\\\"tipo_solicitud\\\":\\\"Incidencia\\\",\\\"id\\\":\\\"f2f3a86b-8e0e-4be4-a4bf-998621666d45\\\"},\\\"type\\\":\\\"tool_call\\\"}]\\nTool: crear_ticket, [{\\\"_id\\\":\\\"69d196d58212b0c3c94c32bb\\\",\\\"solicitante\\\":\\\"web-user\\\",\\\"tipo_solicitud\\\":\\\"Incidencia\\\",\\\"prioridad\\\":\\\"Media\\\",\\\"estado\\\":\\\"Abierto\\\",\\\"modo\\\":\\\"Sin especificar\\\",\\\"sucursal\\\":\\\"Sin especificar\\\",\\\"categoria\\\":\\\"Aplicaciones\\\",\\\"subcategoria\\\":\\\"General\\\",\\\"articulo\\\":\\\"Audífonos\\\",\\\"asunto\\\":\\\"Audífonos no funcionan\\\",\\\"descripcion_html\\\":\\\"Tengo un problema con mis audífonos, están como que no funcionan...\\\",\\\"ID-ITIL\\\":\\\"INC-0000004\\\",\\\"resolucion\\\":null,\\\"fecha_creacion\\\":\\\"2026-04-04T22:55:17.784000\\\"}]\\nAI: Se ha creado el ticket INC-0000004 correctamente.\\nHuman: Eres un asistente inteligente de ServiceDesk.\\n\\nTu función es ayudar a los usuarios a resolver problemas de TI.\\n\\nDispones de una herramienta llamada crear_ticket.\\n\\nReglas:\\n\\n- Si el usuario reporta un problema, debes usar la herramienta crear_ticket.\\n- No generes JSON manualmente.\\n- No menciones que estás usando herramientas.\\n\\n- Después de usar la herramienta, debes responder al usuario incluyendo el ID del ticket generado (campo \\\"ID-ITIL\\\").\\n\\n- Ejemplo de respuesta:\\n  \\\"Se ha creado el ticket INC-0000001 correctamente.\\\"\\n\\n- Si el usuario solo conversa, responde normalmente.\\n\\nUsuario dijo:\\nHola\"],\"options\":{\"google_api_key\":{\"lc\":1,\"type\":\"secret\",\"id\":[\"GOOGLE_API_KEY\"]},\"base_url\":\"https://generativelanguage.googleapis.com\",\"model\":\"gemini-2.5-flash\"},\"response\":{\"response\":{\"generations\":[[{\"text\":\"Hola, ¿en qué puedo ayudarte?\",\"generationInfo\":{\"finishReason\":\"STOP\",\"index\":0}}]]},\"tokenUsage\":{\"completionTokens\":8,\"promptTokens\":1508,\"totalTokens\":1516}}}"}}
{"__type":"$$EventMessageConfirm","confirm":"0f7d3fd6-8576-4d7b-9d33-ce24fdf14b26","ts":"2026-04-04T21:53:16.105-04:00","source":{"id":"0","name":"eventBus"}}
{"__type":"$$EventMessageNode","id":"d92cba92-efae-48fa-96b9-3a3f17f99390","ts":"2026-04-04T21:53:16.108-04:00","eventName":"n8n.node.started","message":"n8n.node.started","payload":{"workflowId":"YIYJI8ZkPUi59kQQ","workflowName":"My workflow","executionId":"41","nodeType":"@n8n/n8n-nodes-langchain.memoryMongoDbChat","nodeName":"MongoDB Chat Memory","nodeId":"754b91b0-51fa-4134-b475-fabea68a7ceb"}}
{"__type":"$$EventMessageConfirm","confirm":"d92cba92-efae-48fa-96b9-3a3f17f99390","ts":"2026-04-04T21:53:16.108-04:00","source":{"id":"0","name":"eventBus"}}
{"__type":"$$EventMessageNode","id":"8debc737-9d22-4e21-bcd0-b5143f75ff1b","ts":"2026-04-04T21:53:16.139-04:00","eventName":"n8n.node.finished","message":"n8n.node.finished","payload":{"workflowId":"YIYJI8ZkPUi59kQQ","workflowName":"My workflow","executionId":"41","nodeType":"@n8n/n8n-nodes-langchain.memoryMongoDbChat","nodeName":"MongoDB Chat Memory","nodeId":"754b91b0-51fa-4134-b475-fabea68a7ceb"}}
{"__type":"$$EventMessageConfirm","confirm":"8debc737-9d22-4e21-bcd0-b5143f75ff1b","ts":"2026-04-04T21:53:16.139-04:00","source":{"id":"0","name":"eventBus"}}
{"__type":"$$EventMessageNode","id":"4ba93740-774c-4905-9e0a-aa868f74a973","ts":"2026-04-04T21:53:16.172-04:00","eventName":"n8n.node.finished","message":"n8n.node.finished","payload":{"workflowId":"YIYJI8ZkPUi59kQQ","workflowName":"My workflow","executionId":"41","nodeType":"@n8n/n8n-nodes-langchain.agent","nodeName":"AI Agent","nodeId":"9a07d0c0-fee7-4cf3-bf7c-e89cbd9d96c9"}}
{"__type":"$$EventMessageConfirm","confirm":"4ba93740-774c-4905-9e0a-aa868f74a973","ts":"2026-04-04T21:53:16.172-04:00","source":{"id":"0","name":"eventBus"}}
{"__type":"$$EventMessageNode","id":"61dd932c-6963-4442-a21a-ba70208cd6df","ts":"2026-04-04T21:53:16.172-04:00","eventName":"n8n.node.started","message":"n8n.node.started","payload":{"workflowId":"YIYJI8ZkPUi59kQQ","workflowName":"My workflow","executionId":"41","nodeType":"n8n-nodes-base.respondToWebhook","nodeName":"Respond to Webhook","nodeId":"4299c8c6-af2f-4b17-be27-4cb1faf7742f"}}
{"__type":"$$EventMessageConfirm","confirm":"61dd932c-6963-4442-a21a-ba70208cd6df","ts":"2026-04-04T21:53:16.172-04:00","source":{"id":"0","name":"eventBus"}}
{"__type":"$$EventMessageNode","id":"69fdf3f9-b358-4972-b0cb-0794c911cac8","ts":"2026-04-04T21:53:16.178-04:00","eventName":"n8n.node.finished","message":"n8n.node.finished","payload":{"workflowId":"YIYJI8ZkPUi59kQQ","workflowName":"My workflow","executionId":"41","nodeType":"n8n-nodes-base.respondToWebhook","nodeName":"Respond to Webhook","nodeId":"4299c8c6-af2f-4b17-be27-4cb1faf7742f"}}
{"__type":"$$EventMessageConfirm","confirm":"69fdf3f9-b358-4972-b0cb-0794c911cac8","ts":"2026-04-04T21:53:16.178-04:00","source":{"id":"0","name":"eventBus"}}
{"__type":"$$EventMessageWorkflow","id":"4f888577-3ba6-4028-b4ff-2207c81dd380","ts":"2026-04-04T21:53:16.184-04:00","eventName":"n8n.workflow.success","message":"n8n.workflow.success","payload":{"executionId":"41","success":true,"isManual":false,"mode":"webhook","workflowId":"YIYJI8ZkPUi59kQQ","workflowName":"My workflow"}}
{"__type":"$$EventMessageConfirm","confirm":"4f888577-3ba6-4028-b4ff-2207c81dd380","ts":"2026-04-04T21:53:16.184-04:00","source":{"id":"0","name":"eventBus"}}
{"__type":"$$EventMessageWorkflow","id":"55feb512-fe89-4946-ad94-671934cf0bff","ts":"2026-04-04T21:53:42.365-04:00","eventName":"n8n.workflow.started","message":"n8n.workflow.started","payload":{"executionId":"42","workflowId":"YIYJI8ZkPUi59kQQ","isManual":false,"mode":"webhook","workflowName":"My workflow"}}
{"__type":"$$EventMessageConfirm","confirm":"55feb512-fe89-4946-ad94-671934cf0bff","ts":"2026-04-04T21:53:42.365-04:00","source":{"id":"0","name":"eventBus"}}
{"__type":"$$EventMessageAudit","id":"0d2ffa08-d738-401b-9c59-1159c4c2e161","ts":"2026-04-04T21:53:42.366-04:00","eventName":"n8n.audit.workflow.executed","message":"n8n.audit.workflow.executed","payload":{"workflowId":"YIYJI8ZkPUi59kQQ","workflowName":"My workflow","executionId":"42","source":"webhook"}}
{"__type":"$$EventMessageConfirm","confirm":"0d2ffa08-d738-401b-9c59-1159c4c2e161","ts":"2026-04-04T21:53:42.366-04:00","source":{"id":"0","name":"eventBus"}}
{"__type":"$$EventMessageNode","id":"13740821-4835-4a04-962b-7cde3e6bf2b7","ts":"2026-04-04T21:53:42.366-04:00","eventName":"n8n.node.started","message":"n8n.node.started","payload":{"workflowId":"YIYJI8ZkPUi59kQQ","workflowName":"My workflow","executionId":"42","nodeType":"n8n-nodes-base.webhook","nodeName":"Webhook","nodeId":"209ba0bd-158f-46b3-92d3-3e67fbfaeb46"}}
{"__type":"$$EventMessageConfirm","confirm":"13740821-4835-4a04-962b-7cde3e6bf2b7","ts":"2026-04-04T21:53:42.366-04:00","source":{"id":"0","name":"eventBus"}}
{"__type":"$$EventMessageNode","id":"b2a69f1a-19a3-413b-af78-2823d74f37cf","ts":"2026-04-04T21:53:42.366-04:00","eventName":"n8n.node.finished","message":"n8n.node.finished","payload":{"workflowId":"YIYJI8ZkPUi59kQQ","workflowName":"My workflow","executionId":"42","nodeType":"n8n-nodes-base.webhook","nodeName":"Webhook","nodeId":"209ba0bd-158f-46b3-92d3-3e67fbfaeb46"}}
{"__type":"$$EventMessageConfirm","confirm":"b2a69f1a-19a3-413b-af78-2823d74f37cf","ts":"2026-04-04T21:53:42.366-04:00","source":{"id":"0","name":"eventBus"}}
{"__type":"$$EventMessageNode","id":"01e827e6-2d41-42a5-b913-e48483dbd162","ts":"2026-04-04T21:53:42.366-04:00","eventName":"n8n.node.started","message":"n8n.node.started","payload":{"workflowId":"YIYJI8ZkPUi59kQQ","workflowName":"My workflow","executionId":"42","nodeType":"@n8n/n8n-nodes-langchain.agent","nodeName":"AI Agent","nodeId":"9a07d0c0-fee7-4cf3-bf7c-e89cbd9d96c9"}}
{"__type":"$$EventMessageConfirm","confirm":"01e827e6-2d41-42a5-b913-e48483dbd162","ts":"2026-04-04T21:53:42.366-04:00","source":{"id":"0","name":"eventBus"}}
{"__type":"$$EventMessageNode","id":"0cd7c7bb-c040-4cf6-83b7-849ae4ebb8a9","ts":"2026-04-04T21:53:42.413-04:00","eventName":"n8n.node.started","message":"n8n.node.started","payload":{"workflowId":"YIYJI8ZkPUi59kQQ","workflowName":"My workflow","executionId":"42","nodeType":"@n8n/n8n-nodes-langchain.memoryMongoDbChat","nodeName":"MongoDB Chat Memory","nodeId":"754b91b0-51fa-4134-b475-fabea68a7ceb"}}
{"__type":"$$EventMessageConfirm","confirm":"0cd7c7bb-c040-4cf6-83b7-849ae4ebb8a9","ts":"2026-04-04T21:53:42.413-04:00","source":{"id":"0","name":"eventBus"}}
{"__type":"$$EventMessageNode","id":"77c77b2f-fe80-4347-bc65-df54ce6d6650","ts":"2026-04-04T21:53:42.436-04:00","eventName":"n8n.node.finished","message":"n8n.node.finished","payload":{"workflowId":"YIYJI8ZkPUi59kQQ","workflowName":"My workflow","executionId":"42","nodeType":"@n8n/n8n-nodes-langchain.memoryMongoDbChat","nodeName":"MongoDB Chat Memory","nodeId":"754b91b0-51fa-4134-b475-fabea68a7ceb"}}
{"__type":"$$EventMessageConfirm","confirm":"77c77b2f-fe80-4347-bc65-df54ce6d6650","ts":"2026-04-04T21:53:42.436-04:00","source":{"id":"0","name":"eventBus"}}
{"__type":"$$EventMessageNode","id":"dda7dbef-04da-4f69-8868-38789298a945","ts":"2026-04-04T21:53:42.544-04:00","eventName":"n8n.node.started","message":"n8n.node.started","payload":{"workflowId":"YIYJI8ZkPUi59kQQ","workflowName":"My workflow","executionId":"42","nodeType":"@n8n/n8n-nodes-langchain.lmChatGoogleGemini","nodeName":"Google Gemini Chat Model","nodeId":"cc97ad8b-5a79-4373-a561-d36a9275785e"}}
{"__type":"$$EventMessageConfirm","confirm":"dda7dbef-04da-4f69-8868-38789298a945","ts":"2026-04-04T21:53:42.544-04:00","source":{"id":"0","name":"eventBus"}}
{"__type":"$$EventMessageNode","id":"6bf457ab-d41e-4af4-9d97-d5f8f7bc2c8c","ts":"2026-04-04T21:53:46.177-04:00","eventName":"n8n.node.finished","message":"n8n.node.finished","payload":{"workflowId":"YIYJI8ZkPUi59kQQ","workflowName":"My workflow","executionId":"42","nodeType":"@n8n/n8n-nodes-langchain.lmChatGoogleGemini","nodeName":"Google Gemini Chat Model","nodeId":"cc97ad8b-5a79-4373-a561-d36a9275785e"}}
{"__type":"$$EventMessageConfirm","confirm":"6bf457ab-d41e-4af4-9d97-d5f8f7bc2c8c","ts":"2026-04-04T21:53:46.177-04:00","source":{"id":"0","name":"eventBus"}}
{"__type":"$$EventMessageAiNode","id":"c1e19d8f-98bb-4111-b8b2-1fccde341680","ts":"2026-04-04T21:53:46.178-04:00","eventName":"n8n.ai.llm.generated","message":"n8n.ai.llm.generated","payload":{"executionId":"42","nodeName":"Google Gemini Chat Model","workflowName":"My workflow","nodeType":"@n8n/n8n-nodes-langchain.lmChatGoogleGemini","workflowId":"YIYJI8ZkPUi59kQQ","msg":"{\"messages\":[\"AI: Se ha creado el ticket INC-0000003 correctamente.\\nHuman: Eres un asistente inteligente de ServiceDesk.\\n\\nTu función es ayudar a los usuarios a resolver problemas de TI.\\n\\nDispones de una herramienta llamada crear_ticket.\\n\\nReglas:\\n\\n- Si el usuario reporta un problema, debes usar la herramienta crear_ticket.\\n- No generes JSON manualmente.\\n- No menciones que estás usando herramientas.\\n\\n- Después de usar la herramienta, debes responder al usuario incluyendo el ID del ticket generado (campo \\\"ID-ITIL\\\").\\n\\n- Ejemplo de respuesta:\\n  \\\"Se ha creado el ticket INC-0000001 correctamente.\\\"\\n\\n- Si el usuario solo conversa, responde normalmente.\\n\\nUsuario dijo:\\nHola qué tal?\\nAI: Hola, estoy bien, gracias. ¿En qué puedo ayudarte hoy?\\nHuman: Eres un asistente inteligente de ServiceDesk.\\n\\nTu función es ayudar a los usuarios a resolver problemas de TI.\\n\\nDispones de una herramienta llamada crear_ticket.\\n\\nReglas:\\n\\n- Si el usuario reporta un problema, debes usar la herramienta crear_ticket.\\n- No generes JSON manualmente.\\n- No menciones que estás usando herramientas.\\n\\n- Después de usar la herramienta, debes responder al usuario incluyendo el ID del ticket generado (campo \\\"ID-ITIL\\\").\\n\\n- Ejemplo de respuesta:\\n  \\\"Se ha creado el ticket INC-0000001 correctamente.\\\"\\n\\n- Si el usuario solo conversa, responde normalmente.\\n\\nUsuario dijo:\\nTengo un problema con mis audífonos, están como que no funcionan...\\nAI: Calling crear_ticket with input: {\\\"prioridad\\\":\\\"Media\\\",\\\"descripcion_html\\\":\\\"Tengo un problema con mis audífonos, están como que no funcionan...\\\",\\\"articulo\\\":\\\"Audífonos\\\",\\\"categoria\\\":\\\"Aplicaciones\\\",\\\"solicitante\\\":\\\"web-user\\\",\\\"subcategoria\\\":\\\"General\\\",\\\"asunto\\\":\\\"Audífonos no funcionan\\\",\\\"tipo_solicitud\\\":\\\"Incidencia\\\",\\\"id\\\":\\\"f2f3a86b-8e0e-4be4-a4bf-998621666d45\\\"}[{\\\"id\\\":\\\"f2f3a86b-8e0e-4be4-a4bf-998621666d45\\\",\\\"name\\\":\\\"crear_ticket\\\",\\\"args\\\":{\\\"prioridad\\\":\\\"Media\\\",\\\"descripcion_html\\\":\\\"Tengo un problema con mis audífonos, están como que no funcionan...\\\",\\\"articulo\\\":\\\"Audífonos\\\",\\\"categoria\\\":\\\"Aplicaciones\\\",\\\"solicitante\\\":\\\"web-user\\\",\\\"subcategoria\\\":\\\"General\\\",\\\"asunto\\\":\\\"Audífonos no funcionan\\\",\\\"tipo_solicitud\\\":\\\"Incidencia\\\",\\\"id\\\":\\\"f2f3a86b-8e0e-4be4-a4bf-998621666d45\\\"},\\\"type\\\":\\\"tool_call\\\"}]\\nTool: crear_ticket, [{\\\"_id\\\":\\\"69d196d58212b0c3c94c32bb\\\",\\\"solicitante\\\":\\\"web-user\\\",\\\"tipo_solicitud\\\":\\\"Incidencia\\\",\\\"prioridad\\\":\\\"Media\\\",\\\"estado\\\":\\\"Abierto\\\",\\\"modo\\\":\\\"Sin especificar\\\",\\\"sucursal\\\":\\\"Sin especificar\\\",\\\"categoria\\\":\\\"Aplicaciones\\\",\\\"subcategoria\\\":\\\"General\\\",\\\"articulo\\\":\\\"Audífonos\\\",\\\"asunto\\\":\\\"Audífonos no funcionan\\\",\\\"descripcion_html\\\":\\\"Tengo un problema con mis audífonos, están como que no funcionan...\\\",\\\"ID-ITIL\\\":\\\"INC-0000004\\\",\\\"resolucion\\\":null,\\\"fecha_creacion\\\":\\\"2026-04-04T22:55:17.784000\\\"}]\\nAI: Se ha creado el ticket INC-0000004 correctamente.\\nHuman: Eres un asistente inteligente de ServiceDesk.\\n\\nTu función es ayudar a los usuarios a resolver problemas de TI.\\n\\nDispones de una herramienta llamada crear_ticket.\\n\\nReglas:\\n\\n- Si el usuario reporta un problema, debes usar la herramienta crear_ticket.\\n- No generes JSON manualmente.\\n- No menciones que estás usando herramientas.\\n\\n- Después de usar la herramienta, debes responder al usuario incluyendo el ID del ticket generado (campo \\\"ID-ITIL\\\").\\n\\n- Ejemplo de respuesta:\\n  \\\"Se ha creado el ticket INC-0000001 correctamente.\\\"\\n\\n- Si el usuario solo conversa, responde normalmente.\\n\\nUsuario dijo:\\nHola\\nAI: Hola, ¿en qué puedo ayudarte?\\nHuman: Eres un asistente inteligente de ServiceDesk.\\n\\nTu función es ayudar a los usuarios a resolver problemas de TI.\\n\\nDispones de una herramienta llamada crear_ticket.\\n\\nReglas:\\n\\n- Si el usuario reporta un problema, debes usar la herramienta crear_ticket.\\n- No generes JSON manualmente.\\n- No menciones que estás usando herramientas.\\n\\n- Después de usar la herramienta, debes responder al usuario incluyendo el ID del ticket generado (campo \\\"ID-ITIL\\\").\\n\\n- Ejemplo de respuesta:\\n  \\\"Se ha creado el ticket INC-0000001 correctamente.\\\"\\n\\n- Si el usuario solo conversa, responde normalmente.\\n\\nUsuario dijo:\\nCrea un ticket por favor, lo que pasa es que mi conexión está fallando desde el martes, he intentado reiniciar la computadora pero sigue estando lenta, sino avísame para ir a la oficina.\"],\"options\":{\"google_api_key\":{\"lc\":1,\"type\":\"secret\",\"id\":[\"GOOGLE_API_KEY\"]},\"base_url\":\"https://generativelanguage.googleapis.com\",\"model\":\"gemini-2.5-flash\"},\"response\":{\"response\":{\"generations\":[[{\"text\":\"\",\"generationInfo\":{\"finishReason\":\"STOP\",\"index\":0,\"finishMessage\":\"Model generated function call(s).\"}}]]},\"tokenUsage\":{\"completionTokens\":145,\"promptTokens\":1180,\"totalTokens\":1325}}}"}}
{"__type":"$$EventMessageConfirm","confirm":"c1e19d8f-98bb-4111-b8b2-1fccde341680","ts":"2026-04-04T21:53:46.178-04:00","source":{"id":"0","name":"eventBus"}}
{"__type":"$$EventMessageNode","id":"3dd91411-e71e-4edf-85b8-9e0f36eee946","ts":"2026-04-04T21:53:46.197-04:00","eventName":"n8n.node.started","message":"n8n.node.started","payload":{"workflowId":"YIYJI8ZkPUi59kQQ","workflowName":"My workflow","executionId":"42","nodeType":"n8n-nodes-base.httpRequestTool","nodeName":"crear_ticket","nodeId":"d652dc57-d83b-43ef-b214-991d6c64acd0"}}
{"__type":"$$EventMessageConfirm","confirm":"3dd91411-e71e-4edf-85b8-9e0f36eee946","ts":"2026-04-04T21:53:46.197-04:00","source":{"id":"0","name":"eventBus"}}
{"__type":"$$EventMessageNode","id":"3b8a2ec5-8d72-4bd0-893e-16410394fe9e","ts":"2026-04-04T21:53:46.469-04:00","eventName":"n8n.node.finished","message":"n8n.node.finished","payload":{"workflowId":"YIYJI8ZkPUi59kQQ","workflowName":"My workflow","executionId":"42","nodeType":"n8n-nodes-base.httpRequestTool","nodeName":"crear_ticket","nodeId":"d652dc57-d83b-43ef-b214-991d6c64acd0"}}
{"__type":"$$EventMessageConfirm","confirm":"3b8a2ec5-8d72-4bd0-893e-16410394fe9e","ts":"2026-04-04T21:53:46.469-04:00","source":{"id":"0","name":"eventBus"}}
{"__type":"$$EventMessageNode","id":"5a96d1bf-8c9e-48b8-bf38-bd6d3fb695db","ts":"2026-04-04T21:53:46.549-04:00","eventName":"n8n.node.started","message":"n8n.node.started","payload":{"workflowId":"YIYJI8ZkPUi59kQQ","workflowName":"My workflow","executionId":"42","nodeType":"@n8n/n8n-nodes-langchain.memoryMongoDbChat","nodeName":"MongoDB Chat Memory","nodeId":"754b91b0-51fa-4134-b475-fabea68a7ceb"}}
{"__type":"$$EventMessageConfirm","confirm":"5a96d1bf-8c9e-48b8-bf38-bd6d3fb695db","ts":"2026-04-04T21:53:46.550-04:00","source":{"id":"0","name":"eventBus"}}
{"__type":"$$EventMessageNode","id":"fdc752a9-4250-461f-b1b4-f9386a417736","ts":"2026-04-04T21:53:46.560-04:00","eventName":"n8n.node.finished","message":"n8n.node.finished","payload":{"workflowId":"YIYJI8ZkPUi59kQQ","workflowName":"My workflow","executionId":"42","nodeType":"@n8n/n8n-nodes-langchain.memoryMongoDbChat","nodeName":"MongoDB Chat Memory","nodeId":"754b91b0-51fa-4134-b475-fabea68a7ceb"}}
{"__type":"$$EventMessageConfirm","confirm":"fdc752a9-4250-461f-b1b4-f9386a417736","ts":"2026-04-04T21:53:46.560-04:00","source":{"id":"0","name":"eventBus"}}
{"__type":"$$EventMessageNode","id":"80cd0d3c-1068-452e-8183-698d25169e14","ts":"2026-04-04T21:53:46.640-04:00","eventName":"n8n.node.started","message":"n8n.node.started","payload":{"workflowId":"YIYJI8ZkPUi59kQQ","workflowName":"My workflow","executionId":"42","nodeType":"@n8n/n8n-nodes-langchain.lmChatGoogleGemini","nodeName":"Google Gemini Chat Model","nodeId":"cc97ad8b-5a79-4373-a561-d36a9275785e"}}
{"__type":"$$EventMessageConfirm","confirm":"80cd0d3c-1068-452e-8183-698d25169e14","ts":"2026-04-04T21:53:46.641-04:00","source":{"id":"0","name":"eventBus"}}
{"__type":"$$EventMessageNode","id":"e04f06b6-a093-4251-a0d2-e84e8eb50ea3","ts":"2026-04-04T21:53:47.188-04:00","eventName":"n8n.node.finished","message":"n8n.node.finished","payload":{"workflowId":"YIYJI8ZkPUi59kQQ","workflowName":"My workflow","executionId":"42","nodeType":"@n8n/n8n-nodes-langchain.lmChatGoogleGemini","nodeName":"Google Gemini Chat Model","nodeId":"cc97ad8b-5a79-4373-a561-d36a9275785e"}}
{"__type":"$$EventMessageConfirm","confirm":"e04f06b6-a093-4251-a0d2-e84e8eb50ea3","ts":"2026-04-04T21:53:47.188-04:00","source":{"id":"0","name":"eventBus"}}
{"__type":"$$EventMessageAiNode","id":"7a7f1e34-3b52-4c73-9804-f613d37cc266","ts":"2026-04-04T21:53:47.200-04:00","eventName":"n8n.ai.llm.error","message":"n8n.ai.llm.error","payload":{"executionId":"42","nodeName":"Google Gemini Chat Model","workflowName":"My workflow","nodeType":"@n8n/n8n-nodes-langchain.lmChatGoogleGemini","workflowId":"YIYJI8ZkPUi59kQQ","msg":"{\"error\":{\"message\":\"The service is receiving too many requests from you\",\"timestamp\":1775354027145,\"name\":\"NodeApiError\",\"description\":\"[GoogleGenerativeAI Error]: Error fetching from https://generativelanguage.googleapis.com/v1beta/models/gemini-2.5-flash:generateContent: [429 Too Many Requests] You exceeded your current quota, please check your plan and billing details. For more information on this error, head to: https://ai.google.dev/gemini-api/docs/rate-limits. To monitor your current usage, head to: https://ai.dev/rate-limit. \\n* Quota exceeded for metric: generativelanguage.googleapis.com/generate_content_free_tier_requests, limit: 20, model: gemini-2.5-flash\\nPlease retry in 13.922192448s. [{\\\"@type\\\":\\\"type.googleapis.com/google.rpc.Help\\\",\\\"links\\\":[{\\\"description\\\":\\\"Learn more about Gemini API quotas\\\",\\\"url\\\":\\\"https://ai.google.dev/gemini-api/docs/rate-limits\\\"}]},{\\\"@type\\\":\\\"type.googleapis.com/google.rpc.QuotaFailure\\\",\\\"violations\\\":[{\\\"quotaMetric\\\":\\\"generativelanguage.googleapis.com/generate_content_free_tier_requests\\\",\\\"quotaId\\\":\\\"GenerateRequestsPerDayPerProjectPerModel-FreeTier\\\",\\\"quotaDimensions\\\":{\\\"location\\\":\\\"global\\\",\\\"model\\\":\\\"gemini-2.5-flash\\\"},\\\"quotaValue\\\":\\\"20\\\"}]},{\\\"@type\\\":\\\"type.googleapis.com/google.rpc.RetryInfo\\\",\\\"retryDelay\\\":\\\"13s\\\"}]\",\"context\":{}},\"runId\":\"019d5b58-9a44-740d-82b4-d35f34f4b563\"}"}}
{"__type":"$$EventMessageConfirm","confirm":"7a7f1e34-3b52-4c73-9804-f613d37cc266","ts":"2026-04-04T21:53:47.200-04:00","source":{"id":"0","name":"eventBus"}}
{"__type":"$$EventMessageNode","id":"86e1010a-7b86-4dab-8844-e91c14ca2549","ts":"2026-04-04T21:53:47.261-04:00","eventName":"n8n.node.finished","message":"n8n.node.finished","payload":{"workflowId":"YIYJI8ZkPUi59kQQ","workflowName":"My workflow","executionId":"42","nodeType":"@n8n/n8n-nodes-langchain.agent","nodeName":"AI Agent","nodeId":"9a07d0c0-fee7-4cf3-bf7c-e89cbd9d96c9"}}
{"__type":"$$EventMessageConfirm","confirm":"86e1010a-7b86-4dab-8844-e91c14ca2549","ts":"2026-04-04T21:53:47.261-04:00","source":{"id":"0","name":"eventBus"}}
{"__type":"$$EventMessageWorkflow","id":"4ff1ffdc-80a8-44e2-9efd-0ea59871227a","ts":"2026-04-04T21:53:47.273-04:00","eventName":"n8n.workflow.failed","message":"n8n.workflow.failed","payload":{"executionId":"42","success":false,"isManual":false,"mode":"webhook","workflowId":"YIYJI8ZkPUi59kQQ","workflowName":"My workflow","lastNodeExecuted":"AI Agent","errorNodeType":"@n8n/n8n-nodes-langchain.agent","errorMessage":"The service is receiving too many requests from you"}}
{"__type":"$$EventMessageConfirm","confirm":"4ff1ffdc-80a8-44e2-9efd-0ea59871227a","ts":"2026-04-04T21:53:47.273-04:00","source":{"id":"0","name":"eventBus"}}
{"__type":"$$EventMessageAudit","id":"370b0266-d71e-4deb-9a1a-f3ab0bbb11b9","ts":"2026-04-04T21:55:15.220-04:00","eventName":"n8n.audit.workflow.updated","message":"n8n.audit.workflow.updated","payload":{"userId":"5dbe17fd-2bf6-4d1e-ad71-13ee612d9454","_email":"joao.basa.18@gmail.com","_firstName":"Joao","_lastName":"Basanta","globalRole":"global:owner","workflowId":"YIYJI8ZkPUi59kQQ","workflowName":"My workflow"}}
{"__type":"$$EventMessageConfirm","confirm":"370b0266-d71e-4deb-9a1a-f3ab0bbb11b9","ts":"2026-04-04T21:55:15.221-04:00","source":{"id":"0","name":"eventBus"}}
{"__type":"$$EventMessageWorkflow","id":"b8e94c5d-1a9d-4962-9038-59f8cd1e4461","ts":"2026-04-04T21:55:53.396-04:00","eventName":"n8n.workflow.started","message":"n8n.workflow.started","payload":{"executionId":"43","workflowId":"YIYJI8ZkPUi59kQQ","isManual":false,"mode":"webhook","workflowName":"My workflow"}}
{"__type":"$$EventMessageConfirm","confirm":"b8e94c5d-1a9d-4962-9038-59f8cd1e4461","ts":"2026-04-04T21:55:53.396-04:00","source":{"id":"0","name":"eventBus"}}
{"__type":"$$EventMessageAudit","id":"0e4a7bc5-4a0b-40c5-8622-1a8da869c4f6","ts":"2026-04-04T21:55:53.397-04:00","eventName":"n8n.audit.workflow.executed","message":"n8n.audit.workflow.executed","payload":{"workflowId":"YIYJI8ZkPUi59kQQ","workflowName":"My workflow","executionId":"43","source":"webhook"}}
{"__type":"$$EventMessageConfirm","confirm":"0e4a7bc5-4a0b-40c5-8622-1a8da869c4f6","ts":"2026-04-04T21:55:53.397-04:00","source":{"id":"0","name":"eventBus"}}
{"__type":"$$EventMessageNode","id":"56b6d679-280f-4480-8fe2-42fa0d697acc","ts":"2026-04-04T21:55:53.397-04:00","eventName":"n8n.node.started","message":"n8n.node.started","payload":{"workflowId":"YIYJI8ZkPUi59kQQ","workflowName":"My workflow","executionId":"43","nodeType":"n8n-nodes-base.webhook","nodeName":"Webhook","nodeId":"209ba0bd-158f-46b3-92d3-3e67fbfaeb46"}}
{"__type":"$$EventMessageConfirm","confirm":"56b6d679-280f-4480-8fe2-42fa0d697acc","ts":"2026-04-04T21:55:53.397-04:00","source":{"id":"0","name":"eventBus"}}
{"__type":"$$EventMessageNode","id":"48e22b51-d32a-4b52-bc30-9fb9251a1642","ts":"2026-04-04T21:55:53.397-04:00","eventName":"n8n.node.finished","message":"n8n.node.finished","payload":{"workflowId":"YIYJI8ZkPUi59kQQ","workflowName":"My workflow","executionId":"43","nodeType":"n8n-nodes-base.webhook","nodeName":"Webhook","nodeId":"209ba0bd-158f-46b3-92d3-3e67fbfaeb46"}}
{"__type":"$$EventMessageConfirm","confirm":"48e22b51-d32a-4b52-bc30-9fb9251a1642","ts":"2026-04-04T21:55:53.397-04:00","source":{"id":"0","name":"eventBus"}}
{"__type":"$$EventMessageNode","id":"ad429ea8-7a5c-41b7-9408-e2ab58198180","ts":"2026-04-04T21:55:53.397-04:00","eventName":"n8n.node.started","message":"n8n.node.started","payload":{"workflowId":"YIYJI8ZkPUi59kQQ","workflowName":"My workflow","executionId":"43","nodeType":"@n8n/n8n-nodes-langchain.agent","nodeName":"AI Agent","nodeId":"9a07d0c0-fee7-4cf3-bf7c-e89cbd9d96c9"}}
{"__type":"$$EventMessageConfirm","confirm":"ad429ea8-7a5c-41b7-9408-e2ab58198180","ts":"2026-04-04T21:55:53.397-04:00","source":{"id":"0","name":"eventBus"}}
{"__type":"$$EventMessageNode","id":"8086bf16-7bc1-4882-9bdf-8a12eec0d9dc","ts":"2026-04-04T21:55:53.438-04:00","eventName":"n8n.node.started","message":"n8n.node.started","payload":{"workflowId":"YIYJI8ZkPUi59kQQ","workflowName":"My workflow","executionId":"43","nodeType":"@n8n/n8n-nodes-langchain.memoryMongoDbChat","nodeName":"MongoDB Chat Memory","nodeId":"754b91b0-51fa-4134-b475-fabea68a7ceb"}}
{"__type":"$$EventMessageConfirm","confirm":"8086bf16-7bc1-4882-9bdf-8a12eec0d9dc","ts":"2026-04-04T21:55:53.438-04:00","source":{"id":"0","name":"eventBus"}}
{"__type":"$$EventMessageNode","id":"ea015082-2bff-4862-bdab-f788d99d2d19","ts":"2026-04-04T21:55:53.445-04:00","eventName":"n8n.node.finished","message":"n8n.node.finished","payload":{"workflowId":"YIYJI8ZkPUi59kQQ","workflowName":"My workflow","executionId":"43","nodeType":"@n8n/n8n-nodes-langchain.memoryMongoDbChat","nodeName":"MongoDB Chat Memory","nodeId":"754b91b0-51fa-4134-b475-fabea68a7ceb"}}
{"__type":"$$EventMessageConfirm","confirm":"ea015082-2bff-4862-bdab-f788d99d2d19","ts":"2026-04-04T21:55:53.445-04:00","source":{"id":"0","name":"eventBus"}}
{"__type":"$$EventMessageNode","id":"8b217f56-94a2-4f0b-9bdf-5fac3fa145db","ts":"2026-04-04T21:55:53.461-04:00","eventName":"n8n.node.started","message":"n8n.node.started","payload":{"workflowId":"YIYJI8ZkPUi59kQQ","workflowName":"My workflow","executionId":"43","nodeType":"@n8n/n8n-nodes-langchain.lmChatGoogleGemini","nodeName":"Google Gemini Chat Model","nodeId":"cc97ad8b-5a79-4373-a561-d36a9275785e"}}
{"__type":"$$EventMessageConfirm","confirm":"8b217f56-94a2-4f0b-9bdf-5fac3fa145db","ts":"2026-04-04T21:55:53.461-04:00","source":{"id":"0","name":"eventBus"}}
{"__type":"$$EventMessageNode","id":"e31ecc88-bc14-4cc8-acb3-1f60dcdd3e3f","ts":"2026-04-04T21:55:54.626-04:00","eventName":"n8n.node.finished","message":"n8n.node.finished","payload":{"workflowId":"YIYJI8ZkPUi59kQQ","workflowName":"My workflow","executionId":"43","nodeType":"@n8n/n8n-nodes-langchain.lmChatGoogleGemini","nodeName":"Google Gemini Chat Model","nodeId":"cc97ad8b-5a79-4373-a561-d36a9275785e"}}
{"__type":"$$EventMessageConfirm","confirm":"e31ecc88-bc14-4cc8-acb3-1f60dcdd3e3f","ts":"2026-04-04T21:55:54.626-04:00","source":{"id":"0","name":"eventBus"}}
{"__type":"$$EventMessageAiNode","id":"cb677e68-d99e-4fcc-9aa6-db703d15043b","ts":"2026-04-04T21:55:54.626-04:00","eventName":"n8n.ai.llm.error","message":"n8n.ai.llm.error","payload":{"executionId":"43","nodeName":"Google Gemini Chat Model","workflowName":"My workflow","nodeType":"@n8n/n8n-nodes-langchain.lmChatGoogleGemini","workflowId":"YIYJI8ZkPUi59kQQ","msg":"{\"error\":{\"message\":\"The service is receiving too many requests from you\",\"timestamp\":1775354154625,\"name\":\"NodeApiError\",\"description\":\"[GoogleGenerativeAI Error]: Error fetching from https://generativelanguage.googleapis.com/v1beta/models/gemini-2.5-flash:generateContent: [429 Too Many Requests] You exceeded your current quota, please check your plan and billing details. For more information on this error, head to: https://ai.google.dev/gemini-api/docs/rate-limits. To monitor your current usage, head to: https://ai.dev/rate-limit. \\n* Quota exceeded for metric: generativelanguage.googleapis.com/generate_content_free_tier_requests, limit: 20, model: gemini-2.5-flash\\nPlease retry in 7.214952777s. [{\\\"@type\\\":\\\"type.googleapis.com/google.rpc.Help\\\",\\\"links\\\":[{\\\"description\\\":\\\"Learn more about Gemini API quotas\\\",\\\"url\\\":\\\"https://ai.google.dev/gemini-api/docs/rate-limits\\\"}]},{\\\"@type\\\":\\\"type.googleapis.com/google.rpc.QuotaFailure\\\",\\\"violations\\\":[{\\\"quotaMetric\\\":\\\"generativelanguage.googleapis.com/generate_content_free_tier_requests\\\",\\\"quotaId\\\":\\\"GenerateRequestsPerDayPerProjectPerModel-FreeTier\\\",\\\"quotaDimensions\\\":{\\\"location\\\":\\\"global\\\",\\\"model\\\":\\\"gemini-2.5-flash\\\"},\\\"quotaValue\\\":\\\"20\\\"}]},{\\\"@type\\\":\\\"type.googleapis.com/google.rpc.RetryInfo\\\",\\\"retryDelay\\\":\\\"7s\\\"}]\",\"context\":{}},\"runId\":\"019d5b5a-89e9-743b-ab38-631c2fc2cea0\"}"}}
{"__type":"$$EventMessageConfirm","confirm":"cb677e68-d99e-4fcc-9aa6-db703d15043b","ts":"2026-04-04T21:55:54.626-04:00","source":{"id":"0","name":"eventBus"}}
{"__type":"$$EventMessageNode","id":"4d6a2198-9bd3-4493-a11e-1b47158af66f","ts":"2026-04-04T21:55:54.628-04:00","eventName":"n8n.node.finished","message":"n8n.node.finished","payload":{"workflowId":"YIYJI8ZkPUi59kQQ","workflowName":"My workflow","executionId":"43","nodeType":"@n8n/n8n-nodes-langchain.agent","nodeName":"AI Agent","nodeId":"9a07d0c0-fee7-4cf3-bf7c-e89cbd9d96c9"}}
{"__type":"$$EventMessageConfirm","confirm":"4d6a2198-9bd3-4493-a11e-1b47158af66f","ts":"2026-04-04T21:55:54.628-04:00","source":{"id":"0","name":"eventBus"}}
{"__type":"$$EventMessageWorkflow","id":"3f15bebc-d92b-4ee8-83d2-67271928dc94","ts":"2026-04-04T21:55:54.629-04:00","eventName":"n8n.workflow.failed","message":"n8n.workflow.failed","payload":{"executionId":"43","success":false,"isManual":false,"mode":"webhook","workflowId":"YIYJI8ZkPUi59kQQ","workflowName":"My workflow","lastNodeExecuted":"AI Agent","errorNodeType":"@n8n/n8n-nodes-langchain.agent","errorMessage":"The service is receiving too many requests from you"}}
{"__type":"$$EventMessageConfirm","confirm":"3f15bebc-d92b-4ee8-83d2-67271928dc94","ts":"2026-04-04T21:55:54.629-04:00","source":{"id":"0","name":"eventBus"}}
{"__type":"$$EventMessageAudit","id":"52747036-6361-4f9f-8ba1-8bfc38da5d9e","ts":"2026-04-04T21:56:17.036-04:00","eventName":"n8n.audit.workflow.updated","message":"n8n.audit.workflow.updated","payload":{"userId":"5dbe17fd-2bf6-4d1e-ad71-13ee612d9454","_email":"joao.basa.18@gmail.com","_firstName":"Joao","_lastName":"Basanta","globalRole":"global:owner","workflowId":"YIYJI8ZkPUi59kQQ","workflowName":"My workflow"}}
{"__type":"$$EventMessageConfirm","confirm":"52747036-6361-4f9f-8ba1-8bfc38da5d9e","ts":"2026-04-04T21:56:17.036-04:00","source":{"id":"0","name":"eventBus"}}
{"__type":"$$EventMessageAudit","id":"3491a7f3-931c-4991-94ba-04ccff94ab78","ts":"2026-04-04T21:56:21.044-04:00","eventName":"n8n.audit.workflow.updated","message":"n8n.audit.workflow.updated","payload":{"userId":"5dbe17fd-2bf6-4d1e-ad71-13ee612d9454","_email":"joao.basa.18@gmail.com","_firstName":"Joao","_lastName":"Basanta","globalRole":"global:owner","workflowId":"YIYJI8ZkPUi59kQQ","workflowName":"My workflow"}}
{"__type":"$$EventMessageConfirm","confirm":"3491a7f3-931c-4991-94ba-04ccff94ab78","ts":"2026-04-04T21:56:21.045-04:00","source":{"id":"0","name":"eventBus"}}
{"__type":"$$EventMessageAudit","id":"b4dbb3f9-4bd9-4748-9c6c-dca387b60d71","ts":"2026-04-04T21:56:51.360-04:00","eventName":"n8n.audit.workflow.updated","message":"n8n.audit.workflow.updated","payload":{"userId":"5dbe17fd-2bf6-4d1e-ad71-13ee612d9454","_email":"joao.basa.18@gmail.com","_firstName":"Joao","_lastName":"Basanta","globalRole":"global:owner","workflowId":"YIYJI8ZkPUi59kQQ","workflowName":"My workflow"}}
{"__type":"$$EventMessageConfirm","confirm":"b4dbb3f9-4bd9-4748-9c6c-dca387b60d71","ts":"2026-04-04T21:56:51.360-04:00","source":{"id":"0","name":"eventBus"}}
{"__type":"$$EventMessageAudit","id":"97cb2674-e2ae-4f59-bcc3-489f04fcffe4","ts":"2026-04-05T10:40:05.099-04:00","eventName":"n8n.audit.workflow.updated","message":"n8n.audit.workflow.updated","payload":{"userId":"5dbe17fd-2bf6-4d1e-ad71-13ee612d9454","_email":"joao.basa.18@gmail.com","_firstName":"Joao","_lastName":"Basanta","globalRole":"global:owner","workflowId":"YIYJI8ZkPUi59kQQ","workflowName":"My workflow"}}
{"__type":"$$EventMessageConfirm","confirm":"97cb2674-e2ae-4f59-bcc3-489f04fcffe4","ts":"2026-04-05T10:40:05.221-04:00","source":{"id":"0","name":"eventBus"}}
{"__type":"$$EventMessageAudit","id":"b43be9fc-49a3-4881-8678-ed5460fe1e41","ts":"2026-04-05T10:40:08.599-04:00","eventName":"n8n.audit.workflow.updated","message":"n8n.audit.workflow.updated","payload":{"userId":"5dbe17fd-2bf6-4d1e-ad71-13ee612d9454","_email":"joao.basa.18@gmail.com","_firstName":"Joao","_lastName":"Basanta","globalRole":"global:owner","workflowId":"YIYJI8ZkPUi59kQQ","workflowName":"My workflow"}}
{"__type":"$$EventMessageConfirm","confirm":"b43be9fc-49a3-4881-8678-ed5460fe1e41","ts":"2026-04-05T10:40:08.599-04:00","source":{"id":"0","name":"eventBus"}}
{"__type":"$$EventMessageAudit","id":"f4a64f03-c906-4055-9f06-cebf2914bc8d","ts":"2026-04-05T10:40:14.860-04:00","eventName":"n8n.audit.workflow.updated","message":"n8n.audit.workflow.updated","payload":{"userId":"5dbe17fd-2bf6-4d1e-ad71-13ee612d9454","_email":"joao.basa.18@gmail.com","_firstName":"Joao","_lastName":"Basanta","globalRole":"global:owner","workflowId":"YIYJI8ZkPUi59kQQ","workflowName":"My workflow"}}
{"__type":"$$EventMessageConfirm","confirm":"f4a64f03-c906-4055-9f06-cebf2914bc8d","ts":"2026-04-05T10:40:14.861-04:00","source":{"id":"0","name":"eventBus"}}
{"__type":"$$EventMessageAudit","id":"de21fd57-f46d-433e-96d7-f8f89ed16ac0","ts":"2026-04-05T10:40:20.725-04:00","eventName":"n8n.audit.workflow.updated","message":"n8n.audit.workflow.updated","payload":{"userId":"5dbe17fd-2bf6-4d1e-ad71-13ee612d9454","_email":"joao.basa.18@gmail.com","_firstName":"Joao","_lastName":"Basanta","globalRole":"global:owner","workflowId":"YIYJI8ZkPUi59kQQ","workflowName":"My workflow"}}
{"__type":"$$EventMessageConfirm","confirm":"de21fd57-f46d-433e-96d7-f8f89ed16ac0","ts":"2026-04-05T10:40:20.725-04:00","source":{"id":"0","name":"eventBus"}}
{"__type":"$$EventMessageAudit","id":"27259e23-59c3-4620-985d-4005a8637a5b","ts":"2026-04-05T10:40:28.942-04:00","eventName":"n8n.audit.workflow.updated","message":"n8n.audit.workflow.updated","payload":{"userId":"5dbe17fd-2bf6-4d1e-ad71-13ee612d9454","_email":"joao.basa.18@gmail.com","_firstName":"Joao","_lastName":"Basanta","globalRole":"global:owner","workflowId":"YIYJI8ZkPUi59kQQ","workflowName":"My workflow"}}
{"__type":"$$EventMessageConfirm","confirm":"27259e23-59c3-4620-985d-4005a8637a5b","ts":"2026-04-05T10:40:28.942-04:00","source":{"id":"0","name":"eventBus"}}
{"__type":"$$EventMessageAudit","id":"b36df56b-b330-4dde-84dc-2e6ba42c2df5","ts":"2026-04-05T10:40:30.956-04:00","eventName":"n8n.audit.workflow.updated","message":"n8n.audit.workflow.updated","payload":{"userId":"5dbe17fd-2bf6-4d1e-ad71-13ee612d9454","_email":"joao.basa.18@gmail.com","_firstName":"Joao","_lastName":"Basanta","globalRole":"global:owner","workflowId":"YIYJI8ZkPUi59kQQ","workflowName":"My workflow"}}
{"__type":"$$EventMessageConfirm","confirm":"b36df56b-b330-4dde-84dc-2e6ba42c2df5","ts":"2026-04-05T10:40:30.956-04:00","source":{"id":"0","name":"eventBus"}}
{"__type":"$$EventMessageAudit","id":"a56f74d0-fe8a-4ad0-97bd-72b70b509290","ts":"2026-04-05T10:40:34.581-04:00","eventName":"n8n.audit.workflow.updated","message":"n8n.audit.workflow.updated","payload":{"userId":"5dbe17fd-2bf6-4d1e-ad71-13ee612d9454","_email":"joao.basa.18@gmail.com","_firstName":"Joao","_lastName":"Basanta","globalRole":"global:owner","workflowId":"YIYJI8ZkPUi59kQQ","workflowName":"My workflow"}}
{"__type":"$$EventMessageConfirm","confirm":"a56f74d0-fe8a-4ad0-97bd-72b70b509290","ts":"2026-04-05T10:40:34.581-04:00","source":{"id":"0","name":"eventBus"}}
{"__type":"$$EventMessageAudit","id":"033f246d-c687-4fb7-8816-5fcb3654b8ae","ts":"2026-04-05T10:40:36.950-04:00","eventName":"n8n.audit.workflow.updated","message":"n8n.audit.workflow.updated","payload":{"userId":"5dbe17fd-2bf6-4d1e-ad71-13ee612d9454","_email":"joao.basa.18@gmail.com","_firstName":"Joao","_lastName":"Basanta","globalRole":"global:owner","workflowId":"YIYJI8ZkPUi59kQQ","workflowName":"My workflow"}}
{"__type":"$$EventMessageConfirm","confirm":"033f246d-c687-4fb7-8816-5fcb3654b8ae","ts":"2026-04-05T10:40:36.951-04:00","source":{"id":"0","name":"eventBus"}}
{"__type":"$$EventMessageAudit","id":"392bef91-8c03-4bcf-85ac-10fb1fece39e","ts":"2026-04-05T10:40:39.702-04:00","eventName":"n8n.audit.workflow.updated","message":"n8n.audit.workflow.updated","payload":{"userId":"5dbe17fd-2bf6-4d1e-ad71-13ee612d9454","_email":"joao.basa.18@gmail.com","_firstName":"Joao","_lastName":"Basanta","globalRole":"global:owner","workflowId":"YIYJI8ZkPUi59kQQ","workflowName":"My workflow"}}
{"__type":"$$EventMessageConfirm","confirm":"392bef91-8c03-4bcf-85ac-10fb1fece39e","ts":"2026-04-05T10:40:39.702-04:00","source":{"id":"0","name":"eventBus"}}
{"__type":"$$EventMessageAudit","id":"c7c78d3d-b19e-44d1-a51b-518451412286","ts":"2026-04-05T10:40:55.834-04:00","eventName":"n8n.audit.workflow.updated","message":"n8n.audit.workflow.updated","payload":{"userId":"5dbe17fd-2bf6-4d1e-ad71-13ee612d9454","_email":"joao.basa.18@gmail.com","_firstName":"Joao","_lastName":"Basanta","globalRole":"global:owner","workflowId":"YIYJI8ZkPUi59kQQ","workflowName":"My workflow"}}
{"__type":"$$EventMessageConfirm","confirm":"c7c78d3d-b19e-44d1-a51b-518451412286","ts":"2026-04-05T10:40:55.834-04:00","source":{"id":"0","name":"eventBus"}}
{"__type":"$$EventMessageAudit","id":"854688b9-6705-4232-8c32-c2f3a6256a17","ts":"2026-04-05T10:41:00.645-04:00","eventName":"n8n.audit.workflow.updated","message":"n8n.audit.workflow.updated","payload":{"userId":"5dbe17fd-2bf6-4d1e-ad71-13ee612d9454","_email":"joao.basa.18@gmail.com","_firstName":"Joao","_lastName":"Basanta","globalRole":"global:owner","workflowId":"YIYJI8ZkPUi59kQQ","workflowName":"My workflow"}}
{"__type":"$$EventMessageConfirm","confirm":"854688b9-6705-4232-8c32-c2f3a6256a17","ts":"2026-04-05T10:41:00.645-04:00","source":{"id":"0","name":"eventBus"}}
{"__type":"$$EventMessageAudit","id":"41ae2b3e-ac60-45e9-8381-cdd212085337","ts":"2026-04-05T10:41:05.787-04:00","eventName":"n8n.audit.workflow.updated","message":"n8n.audit.workflow.updated","payload":{"userId":"5dbe17fd-2bf6-4d1e-ad71-13ee612d9454","_email":"joao.basa.18@gmail.com","_firstName":"Joao","_lastName":"Basanta","globalRole":"global:owner","workflowId":"YIYJI8ZkPUi59kQQ","workflowName":"My workflow"}}
{"__type":"$$EventMessageConfirm","confirm":"41ae2b3e-ac60-45e9-8381-cdd212085337","ts":"2026-04-05T10:41:05.788-04:00","source":{"id":"0","name":"eventBus"}}
{"__type":"$$EventMessageAudit","id":"28eaedf0-ebc4-48ab-a5de-f8165f648b13","ts":"2026-04-05T10:41:15.093-04:00","eventName":"n8n.audit.workflow.updated","message":"n8n.audit.workflow.updated","payload":{"userId":"5dbe17fd-2bf6-4d1e-ad71-13ee612d9454","_email":"joao.basa.18@gmail.com","_firstName":"Joao","_lastName":"Basanta","globalRole":"global:owner","workflowId":"YIYJI8ZkPUi59kQQ","workflowName":"My workflow"}}
{"__type":"$$EventMessageConfirm","confirm":"28eaedf0-ebc4-48ab-a5de-f8165f648b13","ts":"2026-04-05T10:41:15.093-04:00","source":{"id":"0","name":"eventBus"}}
{"__type":"$$EventMessageAudit","id":"ae5be60d-2ac7-4399-9eb4-e377fb62931b","ts":"2026-04-05T10:41:30.436-04:00","eventName":"n8n.audit.workflow.updated","message":"n8n.audit.workflow.updated","payload":{"userId":"5dbe17fd-2bf6-4d1e-ad71-13ee612d9454","_email":"joao.basa.18@gmail.com","_firstName":"Joao","_lastName":"Basanta","globalRole":"global:owner","workflowId":"YIYJI8ZkPUi59kQQ","workflowName":"My workflow"}}
{"__type":"$$EventMessageConfirm","confirm":"ae5be60d-2ac7-4399-9eb4-e377fb62931b","ts":"2026-04-05T10:41:30.436-04:00","source":{"id":"0","name":"eventBus"}}
{"__type":"$$EventMessageAudit","id":"598bb764-f77b-452a-a46f-29b1ec58b213","ts":"2026-04-05T10:41:34.030-04:00","eventName":"n8n.audit.workflow.updated","message":"n8n.audit.workflow.updated","payload":{"userId":"5dbe17fd-2bf6-4d1e-ad71-13ee612d9454","_email":"joao.basa.18@gmail.com","_firstName":"Joao","_lastName":"Basanta","globalRole":"global:owner","workflowId":"YIYJI8ZkPUi59kQQ","workflowName":"My workflow"}}
{"__type":"$$EventMessageConfirm","confirm":"598bb764-f77b-452a-a46f-29b1ec58b213","ts":"2026-04-05T10:41:34.030-04:00","source":{"id":"0","name":"eventBus"}}
{"__type":"$$EventMessageAudit","id":"25d4f90c-8b63-4c8e-be62-8cdd95b2a899","ts":"2026-04-05T10:41:38.971-04:00","eventName":"n8n.audit.workflow.updated","message":"n8n.audit.workflow.updated","payload":{"userId":"5dbe17fd-2bf6-4d1e-ad71-13ee612d9454","_email":"joao.basa.18@gmail.com","_firstName":"Joao","_lastName":"Basanta","globalRole":"global:owner","workflowId":"YIYJI8ZkPUi59kQQ","workflowName":"My workflow"}}
{"__type":"$$EventMessageConfirm","confirm":"25d4f90c-8b63-4c8e-be62-8cdd95b2a899","ts":"2026-04-05T10:41:38.972-04:00","source":{"id":"0","name":"eventBus"}}
{"__type":"$$EventMessageAudit","id":"a3535af2-e5c3-4b10-b349-5481e275e502","ts":"2026-04-05T10:41:42.685-04:00","eventName":"n8n.audit.workflow.updated","message":"n8n.audit.workflow.updated","payload":{"userId":"5dbe17fd-2bf6-4d1e-ad71-13ee612d9454","_email":"joao.basa.18@gmail.com","_firstName":"Joao","_lastName":"Basanta","globalRole":"global:owner","workflowId":"YIYJI8ZkPUi59kQQ","workflowName":"My workflow"}}
{"__type":"$$EventMessageConfirm","confirm":"a3535af2-e5c3-4b10-b349-5481e275e502","ts":"2026-04-05T10:41:42.685-04:00","source":{"id":"0","name":"eventBus"}}
{"__type":"$$EventMessageAudit","id":"808d8ccd-101b-4c8c-8216-947d62e3c347","ts":"2026-04-05T10:41:44.807-04:00","eventName":"n8n.audit.workflow.updated","message":"n8n.audit.workflow.updated","payload":{"userId":"5dbe17fd-2bf6-4d1e-ad71-13ee612d9454","_email":"joao.basa.18@gmail.com","_firstName":"Joao","_lastName":"Basanta","globalRole":"global:owner","workflowId":"YIYJI8ZkPUi59kQQ","workflowName":"My workflow"}}
{"__type":"$$EventMessageConfirm","confirm":"808d8ccd-101b-4c8c-8216-947d62e3c347","ts":"2026-04-05T10:41:44.807-04:00","source":{"id":"0","name":"eventBus"}}
{"__type":"$$EventMessageAudit","id":"5250a503-c96a-4a6b-b52f-24fc8ae736fb","ts":"2026-04-05T10:41:50.597-04:00","eventName":"n8n.audit.workflow.updated","message":"n8n.audit.workflow.updated","payload":{"userId":"5dbe17fd-2bf6-4d1e-ad71-13ee612d9454","_email":"joao.basa.18@gmail.com","_firstName":"Joao","_lastName":"Basanta","globalRole":"global:owner","workflowId":"YIYJI8ZkPUi59kQQ","workflowName":"My workflow"}}
{"__type":"$$EventMessageConfirm","confirm":"5250a503-c96a-4a6b-b52f-24fc8ae736fb","ts":"2026-04-05T10:41:50.598-04:00","source":{"id":"0","name":"eventBus"}}
{"__type":"$$EventMessageAudit","id":"5c0c7681-b893-4a9c-a920-e081dd8d12a6","ts":"2026-04-05T10:41:53.738-04:00","eventName":"n8n.audit.workflow.updated","message":"n8n.audit.workflow.updated","payload":{"userId":"5dbe17fd-2bf6-4d1e-ad71-13ee612d9454","_email":"joao.basa.18@gmail.com","_firstName":"Joao","_lastName":"Basanta","globalRole":"global:owner","workflowId":"YIYJI8ZkPUi59kQQ","workflowName":"My workflow"}}
{"__type":"$$EventMessageConfirm","confirm":"5c0c7681-b893-4a9c-a920-e081dd8d12a6","ts":"2026-04-05T10:41:53.739-04:00","source":{"id":"0","name":"eventBus"}}
{"__type":"$$EventMessageAudit","id":"6af6f555-a0f0-4413-8c25-4122e58f5ba9","ts":"2026-04-05T10:41:55.769-04:00","eventName":"n8n.audit.workflow.updated","message":"n8n.audit.workflow.updated","payload":{"userId":"5dbe17fd-2bf6-4d1e-ad71-13ee612d9454","_email":"joao.basa.18@gmail.com","_firstName":"Joao","_lastName":"Basanta","globalRole":"global:owner","workflowId":"YIYJI8ZkPUi59kQQ","workflowName":"My workflow"}}
{"__type":"$$EventMessageConfirm","confirm":"6af6f555-a0f0-4413-8c25-4122e58f5ba9","ts":"2026-04-05T10:41:55.769-04:00","source":{"id":"0","name":"eventBus"}}
{"__type":"$$EventMessageAudit","id":"4a83b44f-e8f5-41c3-96dc-a14a84ed3a2e","ts":"2026-04-05T10:42:01.344-04:00","eventName":"n8n.audit.workflow.updated","message":"n8n.audit.workflow.updated","payload":{"userId":"5dbe17fd-2bf6-4d1e-ad71-13ee612d9454","_email":"joao.basa.18@gmail.com","_firstName":"Joao","_lastName":"Basanta","globalRole":"global:owner","workflowId":"YIYJI8ZkPUi59kQQ","workflowName":"My workflow"}}
{"__type":"$$EventMessageConfirm","confirm":"4a83b44f-e8f5-41c3-96dc-a14a84ed3a2e","ts":"2026-04-05T10:42:01.344-04:00","source":{"id":"0","name":"eventBus"}}
{"__type":"$$EventMessageAudit","id":"c7b14967-423d-4fbb-93de-547d2010c153","ts":"2026-04-05T10:42:09.431-04:00","eventName":"n8n.audit.workflow.updated","message":"n8n.audit.workflow.updated","payload":{"userId":"5dbe17fd-2bf6-4d1e-ad71-13ee612d9454","_email":"joao.basa.18@gmail.com","_firstName":"Joao","_lastName":"Basanta","globalRole":"global:owner","workflowId":"YIYJI8ZkPUi59kQQ","workflowName":"My workflow"}}
{"__type":"$$EventMessageConfirm","confirm":"c7b14967-423d-4fbb-93de-547d2010c153","ts":"2026-04-05T10:42:09.431-04:00","source":{"id":"0","name":"eventBus"}}
{"__type":"$$EventMessageAudit","id":"9b1960ec-94da-45c2-9696-1e2fd697c7e9","ts":"2026-04-05T10:42:12.477-04:00","eventName":"n8n.audit.workflow.updated","message":"n8n.audit.workflow.updated","payload":{"userId":"5dbe17fd-2bf6-4d1e-ad71-13ee612d9454","_email":"joao.basa.18@gmail.com","_firstName":"Joao","_lastName":"Basanta","globalRole":"global:owner","workflowId":"YIYJI8ZkPUi59kQQ","workflowName":"My workflow"}}
{"__type":"$$EventMessageConfirm","confirm":"9b1960ec-94da-45c2-9696-1e2fd697c7e9","ts":"2026-04-05T10:42:12.477-04:00","source":{"id":"0","name":"eventBus"}}
{"__type":"$$EventMessageAudit","id":"36832bed-8e86-481b-adf2-3c5bccc7ce5e","ts":"2026-04-05T10:42:14.539-04:00","eventName":"n8n.audit.workflow.updated","message":"n8n.audit.workflow.updated","payload":{"userId":"5dbe17fd-2bf6-4d1e-ad71-13ee612d9454","_email":"joao.basa.18@gmail.com","_firstName":"Joao","_lastName":"Basanta","globalRole":"global:owner","workflowId":"YIYJI8ZkPUi59kQQ","workflowName":"My workflow"}}
{"__type":"$$EventMessageConfirm","confirm":"36832bed-8e86-481b-adf2-3c5bccc7ce5e","ts":"2026-04-05T10:42:14.539-04:00","source":{"id":"0","name":"eventBus"}}
{"__type":"$$EventMessageAudit","id":"6cc70a60-fa42-46b2-b0ee-fbb1412a322f","ts":"2026-04-05T10:42:20.805-04:00","eventName":"n8n.audit.workflow.updated","message":"n8n.audit.workflow.updated","payload":{"userId":"5dbe17fd-2bf6-4d1e-ad71-13ee612d9454","_email":"joao.basa.18@gmail.com","_firstName":"Joao","_lastName":"Basanta","globalRole":"global:owner","workflowId":"YIYJI8ZkPUi59kQQ","workflowName":"My workflow"}}
{"__type":"$$EventMessageConfirm","confirm":"6cc70a60-fa42-46b2-b0ee-fbb1412a322f","ts":"2026-04-05T10:42:20.806-04:00","source":{"id":"0","name":"eventBus"}}
{"__type":"$$EventMessageAudit","id":"a4a33a5f-415c-424c-b2aa-94610f00053e","ts":"2026-04-05T10:42:40.868-04:00","eventName":"n8n.audit.workflow.updated","message":"n8n.audit.workflow.updated","payload":{"userId":"5dbe17fd-2bf6-4d1e-ad71-13ee612d9454","_email":"joao.basa.18@gmail.com","_firstName":"Joao","_lastName":"Basanta","globalRole":"global:owner","workflowId":"YIYJI8ZkPUi59kQQ","workflowName":"My workflow"}}
{"__type":"$$EventMessageConfirm","confirm":"a4a33a5f-415c-424c-b2aa-94610f00053e","ts":"2026-04-05T10:42:40.869-04:00","source":{"id":"0","name":"eventBus"}}
{"__type":"$$EventMessageAudit","id":"b91394e6-bfc7-4497-9a35-2b9c4ce82f9e","ts":"2026-04-05T10:42:43.009-04:00","eventName":"n8n.audit.workflow.updated","message":"n8n.audit.workflow.updated","payload":{"userId":"5dbe17fd-2bf6-4d1e-ad71-13ee612d9454","_email":"joao.basa.18@gmail.com","_firstName":"Joao","_lastName":"Basanta","globalRole":"global:owner","workflowId":"YIYJI8ZkPUi59kQQ","workflowName":"My workflow"}}
{"__type":"$$EventMessageConfirm","confirm":"b91394e6-bfc7-4497-9a35-2b9c4ce82f9e","ts":"2026-04-05T10:42:43.009-04:00","source":{"id":"0","name":"eventBus"}}
{"__type":"$$EventMessageAudit","id":"c9cebfec-9ccc-4986-bb6b-b2c3d38546cb","ts":"2026-04-05T10:42:45.134-04:00","eventName":"n8n.audit.workflow.updated","message":"n8n.audit.workflow.updated","payload":{"userId":"5dbe17fd-2bf6-4d1e-ad71-13ee612d9454","_email":"joao.basa.18@gmail.com","_firstName":"Joao","_lastName":"Basanta","globalRole":"global:owner","workflowId":"YIYJI8ZkPUi59kQQ","workflowName":"My workflow"}}
{"__type":"$$EventMessageConfirm","confirm":"c9cebfec-9ccc-4986-bb6b-b2c3d38546cb","ts":"2026-04-05T10:42:45.134-04:00","source":{"id":"0","name":"eventBus"}}
{"__type":"$$EventMessageAudit","id":"a61bdc6f-d01a-4d34-88d9-c850d589c75b","ts":"2026-04-05T10:42:47.186-04:00","eventName":"n8n.audit.workflow.deactivated","message":"n8n.audit.workflow.deactivated","payload":{"userId":"5dbe17fd-2bf6-4d1e-ad71-13ee612d9454","_email":"joao.basa.18@gmail.com","_firstName":"Joao","_lastName":"Basanta","globalRole":"global:owner","workflowId":"YIYJI8ZkPUi59kQQ","workflowName":"My workflow","deactivatedVersionId":"3b1d6198-8f52-498d-bcb9-93b504a49aec"}}
{"__type":"$$EventMessageConfirm","confirm":"a61bdc6f-d01a-4d34-88d9-c850d589c75b","ts":"2026-04-05T10:42:47.187-04:00","source":{"id":"0","name":"eventBus"}}
{"__type":"$$EventMessageAudit","id":"6cf9e847-19da-4007-baf6-e472ecc00e38","ts":"2026-04-05T10:42:47.446-04:00","eventName":"n8n.audit.workflow.activated","message":"n8n.audit.workflow.activated","payload":{"userId":"5dbe17fd-2bf6-4d1e-ad71-13ee612d9454","_email":"joao.basa.18@gmail.com","_firstName":"Joao","_lastName":"Basanta","globalRole":"global:owner","workflowId":"YIYJI8ZkPUi59kQQ","workflowName":"My workflow","activeVersionId":"e79cc34f-bcdd-48d8-9021-375f12130756"}}
{"__type":"$$EventMessageConfirm","confirm":"6cf9e847-19da-4007-baf6-e472ecc00e38","ts":"2026-04-05T10:42:47.447-04:00","source":{"id":"0","name":"eventBus"}}
{"__type":"$$EventMessageWorkflow","id":"697a4572-ebcf-48fb-9d87-0064b52cf870","ts":"2026-04-05T10:43:24.632-04:00","eventName":"n8n.workflow.started","message":"n8n.workflow.started","payload":{"executionId":"44","workflowId":"YIYJI8ZkPUi59kQQ","isManual":false,"mode":"webhook","workflowName":"My workflow"}}
{"__type":"$$EventMessageConfirm","confirm":"697a4572-ebcf-48fb-9d87-0064b52cf870","ts":"2026-04-05T10:43:24.632-04:00","source":{"id":"0","name":"eventBus"}}
{"__type":"$$EventMessageAudit","id":"e8bdd870-84ad-4455-a358-269192d9921c","ts":"2026-04-05T10:43:24.632-04:00","eventName":"n8n.audit.workflow.executed","message":"n8n.audit.workflow.executed","payload":{"workflowId":"YIYJI8ZkPUi59kQQ","workflowName":"My workflow","executionId":"44","source":"webhook"}}
{"__type":"$$EventMessageConfirm","confirm":"e8bdd870-84ad-4455-a358-269192d9921c","ts":"2026-04-05T10:43:24.632-04:00","source":{"id":"0","name":"eventBus"}}
{"__type":"$$EventMessageNode","id":"3c23130f-f9e1-4a0f-a0e9-c24f3649c3d0","ts":"2026-04-05T10:43:24.682-04:00","eventName":"n8n.node.started","message":"n8n.node.started","payload":{"workflowId":"YIYJI8ZkPUi59kQQ","workflowName":"My workflow","executionId":"44","nodeType":"n8n-nodes-base.webhook","nodeName":"Webhook","nodeId":"209ba0bd-158f-46b3-92d3-3e67fbfaeb46"}}
{"__type":"$$EventMessageConfirm","confirm":"3c23130f-f9e1-4a0f-a0e9-c24f3649c3d0","ts":"2026-04-05T10:43:24.682-04:00","source":{"id":"0","name":"eventBus"}}
{"__type":"$$EventMessageNode","id":"53323dae-af57-431b-ac3d-ad9347779d95","ts":"2026-04-05T10:43:24.684-04:00","eventName":"n8n.node.finished","message":"n8n.node.finished","payload":{"workflowId":"YIYJI8ZkPUi59kQQ","workflowName":"My workflow","executionId":"44","nodeType":"n8n-nodes-base.webhook","nodeName":"Webhook","nodeId":"209ba0bd-158f-46b3-92d3-3e67fbfaeb46"}}
{"__type":"$$EventMessageConfirm","confirm":"53323dae-af57-431b-ac3d-ad9347779d95","ts":"2026-04-05T10:43:24.684-04:00","source":{"id":"0","name":"eventBus"}}
{"__type":"$$EventMessageNode","id":"1e14bbb4-26b8-47ef-85e1-37c57821d4d1","ts":"2026-04-05T10:43:24.684-04:00","eventName":"n8n.node.started","message":"n8n.node.started","payload":{"workflowId":"YIYJI8ZkPUi59kQQ","workflowName":"My workflow","executionId":"44","nodeType":"@n8n/n8n-nodes-langchain.agent","nodeName":"AI Agent","nodeId":"9a07d0c0-fee7-4cf3-bf7c-e89cbd9d96c9"}}
{"__type":"$$EventMessageConfirm","confirm":"1e14bbb4-26b8-47ef-85e1-37c57821d4d1","ts":"2026-04-05T10:43:24.684-04:00","source":{"id":"0","name":"eventBus"}}
{"__type":"$$EventMessageNode","id":"d5cb6a2a-96ca-4357-80fd-68a34ab22c85","ts":"2026-04-05T10:43:24.792-04:00","eventName":"n8n.node.started","message":"n8n.node.started","payload":{"workflowId":"YIYJI8ZkPUi59kQQ","workflowName":"My workflow","executionId":"44","nodeType":"@n8n/n8n-nodes-langchain.memoryMongoDbChat","nodeName":"MongoDB Chat Memory","nodeId":"754b91b0-51fa-4134-b475-fabea68a7ceb"}}
{"__type":"$$EventMessageConfirm","confirm":"d5cb6a2a-96ca-4357-80fd-68a34ab22c85","ts":"2026-04-05T10:43:24.792-04:00","source":{"id":"0","name":"eventBus"}}
{"__type":"$$EventMessageNode","id":"84ad10a9-f0a3-4729-8aa6-2bb66d90b0ef","ts":"2026-04-05T10:43:24.805-04:00","eventName":"n8n.node.finished","message":"n8n.node.finished","payload":{"workflowId":"YIYJI8ZkPUi59kQQ","workflowName":"My workflow","executionId":"44","nodeType":"@n8n/n8n-nodes-langchain.memoryMongoDbChat","nodeName":"MongoDB Chat Memory","nodeId":"754b91b0-51fa-4134-b475-fabea68a7ceb"}}
{"__type":"$$EventMessageConfirm","confirm":"84ad10a9-f0a3-4729-8aa6-2bb66d90b0ef","ts":"2026-04-05T10:43:24.805-04:00","source":{"id":"0","name":"eventBus"}}
{"__type":"$$EventMessageNode","id":"8c455038-532b-4bb3-96f3-e0ec5426b5b5","ts":"2026-04-05T10:43:24.840-04:00","eventName":"n8n.node.started","message":"n8n.node.started","payload":{"workflowId":"YIYJI8ZkPUi59kQQ","workflowName":"My workflow","executionId":"44","nodeType":"@n8n/n8n-nodes-langchain.lmChatGoogleGemini","nodeName":"Google Gemini Chat Model","nodeId":"cc97ad8b-5a79-4373-a561-d36a9275785e"}}
{"__type":"$$EventMessageConfirm","confirm":"8c455038-532b-4bb3-96f3-e0ec5426b5b5","ts":"2026-04-05T10:43:24.840-04:00","source":{"id":"0","name":"eventBus"}}
{"__type":"$$EventMessageNode","id":"d54f52b1-f746-4854-bd0c-39629e3ec8b4","ts":"2026-04-05T10:43:26.113-04:00","eventName":"n8n.node.finished","message":"n8n.node.finished","payload":{"workflowId":"YIYJI8ZkPUi59kQQ","workflowName":"My workflow","executionId":"44","nodeType":"@n8n/n8n-nodes-langchain.lmChatGoogleGemini","nodeName":"Google Gemini Chat Model","nodeId":"cc97ad8b-5a79-4373-a561-d36a9275785e"}}
{"__type":"$$EventMessageConfirm","confirm":"d54f52b1-f746-4854-bd0c-39629e3ec8b4","ts":"2026-04-05T10:43:26.113-04:00","source":{"id":"0","name":"eventBus"}}
{"__type":"$$EventMessageAiNode","id":"20cb9dba-2d5e-449b-9773-ac17aceab822","ts":"2026-04-05T10:43:26.115-04:00","eventName":"n8n.ai.llm.error","message":"n8n.ai.llm.error","payload":{"executionId":"44","nodeName":"Google Gemini Chat Model","workflowName":"My workflow","nodeType":"@n8n/n8n-nodes-langchain.lmChatGoogleGemini","workflowId":"YIYJI8ZkPUi59kQQ","msg":"{\"error\":{\"message\":\"The service is receiving too many requests from you\",\"timestamp\":1775400206108,\"name\":\"NodeApiError\",\"description\":\"[GoogleGenerativeAI Error]: Error fetching from https://generativelanguage.googleapis.com/v1beta/models/gemini-2.0-flash-lite:generateContent: [429 Too Many Requests] You exceeded your current quota, please check your plan and billing details. For more information on this error, head to: https://ai.google.dev/gemini-api/docs/rate-limits. To monitor your current usage, head to: https://ai.dev/rate-limit. \\n* Quota exceeded for metric: generativelanguage.googleapis.com/generate_content_free_tier_requests, limit: 0, model: gemini-2.0-flash-lite\\n* Quota exceeded for metric: generativelanguage.googleapis.com/generate_content_free_tier_requests, limit: 0, model: gemini-2.0-flash-lite\\n* Quota exceeded for metric: generativelanguage.googleapis.com/generate_content_free_tier_input_token_count, limit: 0, model: gemini-2.0-flash-lite\\nPlease retry in 34.692075114s. [{\\\"@type\\\":\\\"type.googleapis.com/google.rpc.Help\\\",\\\"links\\\":[{\\\"description\\\":\\\"Learn more about Gemini API quotas\\\",\\\"url\\\":\\\"https://ai.google.dev/gemini-api/docs/rate-limits\\\"}]},{\\\"@type\\\":\\\"type.googleapis.com/google.rpc.QuotaFailure\\\",\\\"violations\\\":[{\\\"quotaMetric\\\":\\\"generativelanguage.googleapis.com/generate_content_free_tier_requests\\\",\\\"quotaId\\\":\\\"GenerateRequestsPerDayPerProjectPerModel-FreeTier\\\",\\\"quotaDimensions\\\":{\\\"location\\\":\\\"global\\\",\\\"model\\\":\\\"gemini-2.0-flash-lite\\\"}},{\\\"quotaMetric\\\":\\\"generativelanguage.googleapis.com/generate_content_free_tier_requests\\\",\\\"quotaId\\\":\\\"GenerateRequestsPerMinutePerProjectPerModel-FreeTier\\\",\\\"quotaDimensions\\\":{\\\"location\\\":\\\"global\\\",\\\"model\\\":\\\"gemini-2.0-flash-lite\\\"}},{\\\"quotaMetric\\\":\\\"generativelanguage.googleapis.com/generate_content_free_tier_input_token_count\\\",\\\"quotaId\\\":\\\"GenerateContentInputTokensPerModelPerMinute-FreeTier\\\",\\\"quotaDimensions\\\":{\\\"location\\\":\\\"global\\\",\\\"model\\\":\\\"gemini-2.0-flash-lite\\\"}}]},{\\\"@type\\\":\\\"type.googleapis.com/google.rpc.RetryInfo\\\",\\\"retryDelay\\\":\\\"34s\\\"}]\",\"context\":{}},\"runId\":\"019d5e19-3a0a-76fc-8b8f-3b10a8cc93ad\"}"}}
{"__type":"$$EventMessageConfirm","confirm":"20cb9dba-2d5e-449b-9773-ac17aceab822","ts":"2026-04-05T10:43:26.115-04:00","source":{"id":"0","name":"eventBus"}}
{"__type":"$$EventMessageNode","id":"9b0ac0c0-33c6-456c-a60e-16f0d8d329e7","ts":"2026-04-05T10:43:26.118-04:00","eventName":"n8n.node.finished","message":"n8n.node.finished","payload":{"workflowId":"YIYJI8ZkPUi59kQQ","workflowName":"My workflow","executionId":"44","nodeType":"@n8n/n8n-nodes-langchain.agent","nodeName":"AI Agent","nodeId":"9a07d0c0-fee7-4cf3-bf7c-e89cbd9d96c9"}}
{"__type":"$$EventMessageConfirm","confirm":"9b0ac0c0-33c6-456c-a60e-16f0d8d329e7","ts":"2026-04-05T10:43:26.118-04:00","source":{"id":"0","name":"eventBus"}}
{"__type":"$$EventMessageWorkflow","id":"ad2aee75-5545-4a60-a12a-08fe99921e69","ts":"2026-04-05T10:43:26.119-04:00","eventName":"n8n.workflow.failed","message":"n8n.workflow.failed","payload":{"executionId":"44","success":false,"isManual":false,"mode":"webhook","workflowId":"YIYJI8ZkPUi59kQQ","workflowName":"My workflow","lastNodeExecuted":"AI Agent","errorNodeType":"@n8n/n8n-nodes-langchain.agent","errorMessage":"The service is receiving too many requests from you"}}
{"__type":"$$EventMessageConfirm","confirm":"ad2aee75-5545-4a60-a12a-08fe99921e69","ts":"2026-04-05T10:43:26.119-04:00","source":{"id":"0","name":"eventBus"}}
{"__type":"$$EventMessageAudit","id":"db4c9dfc-0708-40ec-8f31-940a94ed54ed","ts":"2026-04-05T10:43:46.897-04:00","eventName":"n8n.audit.workflow.updated","message":"n8n.audit.workflow.updated","payload":{"userId":"5dbe17fd-2bf6-4d1e-ad71-13ee612d9454","_email":"joao.basa.18@gmail.com","_firstName":"Joao","_lastName":"Basanta","globalRole":"global:owner","workflowId":"YIYJI8ZkPUi59kQQ","workflowName":"My workflow"}}
{"__type":"$$EventMessageConfirm","confirm":"db4c9dfc-0708-40ec-8f31-940a94ed54ed","ts":"2026-04-05T10:43:46.898-04:00","source":{"id":"0","name":"eventBus"}}
{"__type":"$$EventMessageAudit","id":"d0b49c39-7738-4e07-b549-43e332752b5d","ts":"2026-04-05T10:50:33.495-04:00","eventName":"n8n.audit.workflow.updated","message":"n8n.audit.workflow.updated","payload":{"userId":"5dbe17fd-2bf6-4d1e-ad71-13ee612d9454","_email":"joao.basa.18@gmail.com","_firstName":"Joao","_lastName":"Basanta","globalRole":"global:owner","workflowId":"YIYJI8ZkPUi59kQQ","workflowName":"My workflow"}}
{"__type":"$$EventMessageConfirm","confirm":"d0b49c39-7738-4e07-b549-43e332752b5d","ts":"2026-04-05T10:50:33.496-04:00","source":{"id":"0","name":"eventBus"}}
{"__type":"$$EventMessageAudit","id":"20e60c4f-bacb-4dc7-a24f-c81a9e034921","ts":"2026-04-05T10:50:37.454-04:00","eventName":"n8n.audit.workflow.updated","message":"n8n.audit.workflow.updated","payload":{"userId":"5dbe17fd-2bf6-4d1e-ad71-13ee612d9454","_email":"joao.basa.18@gmail.com","_firstName":"Joao","_lastName":"Basanta","globalRole":"global:owner","workflowId":"YIYJI8ZkPUi59kQQ","workflowName":"My workflow"}}
{"__type":"$$EventMessageConfirm","confirm":"20e60c4f-bacb-4dc7-a24f-c81a9e034921","ts":"2026-04-05T10:50:37.454-04:00","source":{"id":"0","name":"eventBus"}}
{"__type":"$$EventMessageAudit","id":"fe26a4cf-e7b9-4cad-9e15-a1b89f21ef07","ts":"2026-04-05T10:50:43.554-04:00","eventName":"n8n.audit.workflow.updated","message":"n8n.audit.workflow.updated","payload":{"userId":"5dbe17fd-2bf6-4d1e-ad71-13ee612d9454","_email":"joao.basa.18@gmail.com","_firstName":"Joao","_lastName":"Basanta","globalRole":"global:owner","workflowId":"YIYJI8ZkPUi59kQQ","workflowName":"My workflow"}}
{"__type":"$$EventMessageConfirm","confirm":"fe26a4cf-e7b9-4cad-9e15-a1b89f21ef07","ts":"2026-04-05T10:50:43.555-04:00","source":{"id":"0","name":"eventBus"}}
{"__type":"$$EventMessageAudit","id":"31a27356-d972-4167-91b3-bd025da85e7b","ts":"2026-04-05T10:50:46.634-04:00","eventName":"n8n.audit.workflow.updated","message":"n8n.audit.workflow.updated","payload":{"userId":"5dbe17fd-2bf6-4d1e-ad71-13ee612d9454","_email":"joao.basa.18@gmail.com","_firstName":"Joao","_lastName":"Basanta","globalRole":"global:owner","workflowId":"YIYJI8ZkPUi59kQQ","workflowName":"My workflow"}}
{"__type":"$$EventMessageConfirm","confirm":"31a27356-d972-4167-91b3-bd025da85e7b","ts":"2026-04-05T10:50:46.634-04:00","source":{"id":"0","name":"eventBus"}}
{"__type":"$$EventMessageAudit","id":"6a5254ef-5e3b-4d8a-b9ce-615d1ddb7bb2","ts":"2026-04-05T10:50:48.070-04:00","eventName":"n8n.audit.workflow.updated","message":"n8n.audit.workflow.updated","payload":{"userId":"5dbe17fd-2bf6-4d1e-ad71-13ee612d9454","_email":"joao.basa.18@gmail.com","_firstName":"Joao","_lastName":"Basanta","globalRole":"global:owner","workflowId":"YIYJI8ZkPUi59kQQ","workflowName":"My workflow"}}
{"__type":"$$EventMessageConfirm","confirm":"6a5254ef-5e3b-4d8a-b9ce-615d1ddb7bb2","ts":"2026-04-05T10:50:48.071-04:00","source":{"id":"0","name":"eventBus"}}
{"__type":"$$EventMessageAudit","id":"0f650a51-c339-430d-8b03-290534a72626","ts":"2026-04-05T10:51:25.189-04:00","eventName":"n8n.audit.workflow.updated","message":"n8n.audit.workflow.updated","payload":{"userId":"5dbe17fd-2bf6-4d1e-ad71-13ee612d9454","_email":"joao.basa.18@gmail.com","_firstName":"Joao","_lastName":"Basanta","globalRole":"global:owner","workflowId":"YIYJI8ZkPUi59kQQ","workflowName":"My workflow"}}
{"__type":"$$EventMessageConfirm","confirm":"0f650a51-c339-430d-8b03-290534a72626","ts":"2026-04-05T10:51:25.189-04:00","source":{"id":"0","name":"eventBus"}}
{"__type":"$$EventMessageAudit","id":"00b7eb3d-ffaf-4394-8301-40d69d1f9a56","ts":"2026-04-05T10:51:28.097-04:00","eventName":"n8n.audit.user.credentials.created","message":"n8n.audit.user.credentials.created","payload":{"userId":"5dbe17fd-2bf6-4d1e-ad71-13ee612d9454","_email":"joao.basa.18@gmail.com","_firstName":"Joao","_lastName":"Basanta","globalRole":"global:owner","credentialType":"groqApi","credentialId":"BuuhwtDa2FJBVP4a","publicApi":false,"projectId":"CqZgsIg2zevaahZe","projectType":"personal","isDynamic":false}}
{"__type":"$$EventMessageConfirm","confirm":"00b7eb3d-ffaf-4394-8301-40d69d1f9a56","ts":"2026-04-05T10:51:28.098-04:00","source":{"id":"0","name":"eventBus"}}
{"__type":"$$EventMessageAudit","id":"781d9c13-56d1-4949-b42e-5edb9c76f1e9","ts":"2026-04-05T10:51:30.021-04:00","eventName":"n8n.audit.workflow.updated","message":"n8n.audit.workflow.updated","payload":{"userId":"5dbe17fd-2bf6-4d1e-ad71-13ee612d9454","_email":"joao.basa.18@gmail.com","_firstName":"Joao","_lastName":"Basanta","globalRole":"global:owner","workflowId":"YIYJI8ZkPUi59kQQ","workflowName":"My workflow"}}
{"__type":"$$EventMessageConfirm","confirm":"781d9c13-56d1-4949-b42e-5edb9c76f1e9","ts":"2026-04-05T10:51:30.021-04:00","source":{"id":"0","name":"eventBus"}}
{"__type":"$$EventMessageAudit","id":"7f803e39-2cc5-4449-a8be-e51319535123","ts":"2026-04-05T10:52:19.963-04:00","eventName":"n8n.audit.workflow.deactivated","message":"n8n.audit.workflow.deactivated","payload":{"userId":"5dbe17fd-2bf6-4d1e-ad71-13ee612d9454","_email":"joao.basa.18@gmail.com","_firstName":"Joao","_lastName":"Basanta","globalRole":"global:owner","workflowId":"YIYJI8ZkPUi59kQQ","workflowName":"My workflow","deactivatedVersionId":"e79cc34f-bcdd-48d8-9021-375f12130756"}}
{"__type":"$$EventMessageConfirm","confirm":"7f803e39-2cc5-4449-a8be-e51319535123","ts":"2026-04-05T10:52:19.964-04:00","source":{"id":"0","name":"eventBus"}}
{"__type":"$$EventMessageAudit","id":"99b2b519-e204-4020-a62a-125b6c2c1026","ts":"2026-04-05T10:52:20.060-04:00","eventName":"n8n.audit.workflow.activated","message":"n8n.audit.workflow.activated","payload":{"userId":"5dbe17fd-2bf6-4d1e-ad71-13ee612d9454","_email":"joao.basa.18@gmail.com","_firstName":"Joao","_lastName":"Basanta","globalRole":"global:owner","workflowId":"YIYJI8ZkPUi59kQQ","workflowName":"My workflow","activeVersionId":"bcc48cec-608e-4c25-8cb4-809d0fd04b24"}}
{"__type":"$$EventMessageConfirm","confirm":"99b2b519-e204-4020-a62a-125b6c2c1026","ts":"2026-04-05T10:52:20.061-04:00","source":{"id":"0","name":"eventBus"}}
{"__type":"$$EventMessageAudit","id":"fdd635bc-fbf5-4884-95de-354438673426","ts":"2026-04-05T10:52:22.699-04:00","eventName":"n8n.audit.workflow.updated","message":"n8n.audit.workflow.updated","payload":{"userId":"5dbe17fd-2bf6-4d1e-ad71-13ee612d9454","_email":"joao.basa.18@gmail.com","_firstName":"Joao","_lastName":"Basanta","globalRole":"global:owner","workflowId":"YIYJI8ZkPUi59kQQ","workflowName":"My workflow"}}
{"__type":"$$EventMessageConfirm","confirm":"fdd635bc-fbf5-4884-95de-354438673426","ts":"2026-04-05T10:52:22.699-04:00","source":{"id":"0","name":"eventBus"}}
{"__type":"$$EventMessageWorkflow","id":"d5212aff-d99c-4442-bec3-fbff6d4f9531","ts":"2026-04-05T10:52:29.429-04:00","eventName":"n8n.workflow.started","message":"n8n.workflow.started","payload":{"executionId":"45","workflowId":"YIYJI8ZkPUi59kQQ","isManual":false,"mode":"webhook","workflowName":"My workflow"}}
{"__type":"$$EventMessageConfirm","confirm":"d5212aff-d99c-4442-bec3-fbff6d4f9531","ts":"2026-04-05T10:52:29.429-04:00","source":{"id":"0","name":"eventBus"}}
{"__type":"$$EventMessageAudit","id":"4ac3cc9c-743c-4efc-aae3-42d8bcfe6992","ts":"2026-04-05T10:52:29.429-04:00","eventName":"n8n.audit.workflow.executed","message":"n8n.audit.workflow.executed","payload":{"workflowId":"YIYJI8ZkPUi59kQQ","workflowName":"My workflow","executionId":"45","source":"webhook"}}
{"__type":"$$EventMessageConfirm","confirm":"4ac3cc9c-743c-4efc-aae3-42d8bcfe6992","ts":"2026-04-05T10:52:29.429-04:00","source":{"id":"0","name":"eventBus"}}
{"__type":"$$EventMessageNode","id":"fe54df00-e915-4b28-b17e-663f54474e60","ts":"2026-04-05T10:52:29.429-04:00","eventName":"n8n.node.started","message":"n8n.node.started","payload":{"workflowId":"YIYJI8ZkPUi59kQQ","workflowName":"My workflow","executionId":"45","nodeType":"n8n-nodes-base.webhook","nodeName":"Webhook","nodeId":"209ba0bd-158f-46b3-92d3-3e67fbfaeb46"}}
{"__type":"$$EventMessageConfirm","confirm":"fe54df00-e915-4b28-b17e-663f54474e60","ts":"2026-04-05T10:52:29.429-04:00","source":{"id":"0","name":"eventBus"}}
{"__type":"$$EventMessageNode","id":"93929d8f-cadc-4d45-a78f-d5c0cfb72fbd","ts":"2026-04-05T10:52:29.430-04:00","eventName":"n8n.node.finished","message":"n8n.node.finished","payload":{"workflowId":"YIYJI8ZkPUi59kQQ","workflowName":"My workflow","executionId":"45","nodeType":"n8n-nodes-base.webhook","nodeName":"Webhook","nodeId":"209ba0bd-158f-46b3-92d3-3e67fbfaeb46"}}
{"__type":"$$EventMessageConfirm","confirm":"93929d8f-cadc-4d45-a78f-d5c0cfb72fbd","ts":"2026-04-05T10:52:29.430-04:00","source":{"id":"0","name":"eventBus"}}
{"__type":"$$EventMessageNode","id":"4579752b-e6dd-49fb-b7d5-4980c6513a5d","ts":"2026-04-05T10:52:29.430-04:00","eventName":"n8n.node.started","message":"n8n.node.started","payload":{"workflowId":"YIYJI8ZkPUi59kQQ","workflowName":"My workflow","executionId":"45","nodeType":"@n8n/n8n-nodes-langchain.agent","nodeName":"AI Agent","nodeId":"9a07d0c0-fee7-4cf3-bf7c-e89cbd9d96c9"}}
{"__type":"$$EventMessageConfirm","confirm":"4579752b-e6dd-49fb-b7d5-4980c6513a5d","ts":"2026-04-05T10:52:29.430-04:00","source":{"id":"0","name":"eventBus"}}
{"__type":"$$EventMessageNode","id":"707a869c-8c8a-44bb-b6c8-681095c32280","ts":"2026-04-05T10:52:29.485-04:00","eventName":"n8n.node.started","message":"n8n.node.started","payload":{"workflowId":"YIYJI8ZkPUi59kQQ","workflowName":"My workflow","executionId":"45","nodeType":"@n8n/n8n-nodes-langchain.memoryMongoDbChat","nodeName":"MongoDB Chat Memory","nodeId":"754b91b0-51fa-4134-b475-fabea68a7ceb"}}
{"__type":"$$EventMessageConfirm","confirm":"707a869c-8c8a-44bb-b6c8-681095c32280","ts":"2026-04-05T10:52:29.485-04:00","source":{"id":"0","name":"eventBus"}}
{"__type":"$$EventMessageNode","id":"78ad72c2-11e3-4d39-895a-74e5f50d1a86","ts":"2026-04-05T10:52:29.492-04:00","eventName":"n8n.node.finished","message":"n8n.node.finished","payload":{"workflowId":"YIYJI8ZkPUi59kQQ","workflowName":"My workflow","executionId":"45","nodeType":"@n8n/n8n-nodes-langchain.memoryMongoDbChat","nodeName":"MongoDB Chat Memory","nodeId":"754b91b0-51fa-4134-b475-fabea68a7ceb"}}
{"__type":"$$EventMessageConfirm","confirm":"78ad72c2-11e3-4d39-895a-74e5f50d1a86","ts":"2026-04-05T10:52:29.492-04:00","source":{"id":"0","name":"eventBus"}}
{"__type":"$$EventMessageNode","id":"d197e404-dc11-43e0-a88a-347f37acc370","ts":"2026-04-05T10:52:29.513-04:00","eventName":"n8n.node.started","message":"n8n.node.started","payload":{"workflowId":"YIYJI8ZkPUi59kQQ","workflowName":"My workflow","executionId":"45","nodeType":"@n8n/n8n-nodes-langchain.lmChatGroq","nodeName":"Groq Chat Model","nodeId":"d3a7e134-fd68-4732-a66d-5f3519eac399"}}
{"__type":"$$EventMessageConfirm","confirm":"d197e404-dc11-43e0-a88a-347f37acc370","ts":"2026-04-05T10:52:29.514-04:00","source":{"id":"0","name":"eventBus"}}
{"__type":"$$EventMessageNode","id":"6d45b497-e4f4-4a2b-8b3b-2e190e2b1f1f","ts":"2026-04-05T10:52:29.734-04:00","eventName":"n8n.node.finished","message":"n8n.node.finished","payload":{"workflowId":"YIYJI8ZkPUi59kQQ","workflowName":"My workflow","executionId":"45","nodeType":"@n8n/n8n-nodes-langchain.lmChatGroq","nodeName":"Groq Chat Model","nodeId":"d3a7e134-fd68-4732-a66d-5f3519eac399"}}
{"__type":"$$EventMessageConfirm","confirm":"6d45b497-e4f4-4a2b-8b3b-2e190e2b1f1f","ts":"2026-04-05T10:52:29.734-04:00","source":{"id":"0","name":"eventBus"}}
{"__type":"$$EventMessageAiNode","id":"60f67058-85d7-43a4-b98d-49837b7bb300","ts":"2026-04-05T10:52:29.734-04:00","eventName":"n8n.ai.llm.error","message":"n8n.ai.llm.error","payload":{"executionId":"45","nodeName":"Groq Chat Model","workflowName":"My workflow","nodeType":"@n8n/n8n-nodes-langchain.lmChatGroq","workflowId":"YIYJI8ZkPUi59kQQ","msg":"{\"error\":{\"message\":\"Bad request - please check your parameters\",\"timestamp\":1775400749732,\"name\":\"NodeApiError\",\"description\":\"The model `llama3-8b-8192` has been decommissioned and is no longer supported. Please refer to https://console.groq.com/docs/deprecations for a recommendation on which model to use instead.\",\"context\":{}},\"runId\":\"019d5e21-89b8-75d3-ba48-7d2765098709\"}"}}
{"__type":"$$EventMessageConfirm","confirm":"60f67058-85d7-43a4-b98d-49837b7bb300","ts":"2026-04-05T10:52:29.734-04:00","source":{"id":"0","name":"eventBus"}}
{"__type":"$$EventMessageNode","id":"d103e4c8-0a80-462e-a9d5-98c604b492e1","ts":"2026-04-05T10:52:29.736-04:00","eventName":"n8n.node.finished","message":"n8n.node.finished","payload":{"workflowId":"YIYJI8ZkPUi59kQQ","workflowName":"My workflow","executionId":"45","nodeType":"@n8n/n8n-nodes-langchain.agent","nodeName":"AI Agent","nodeId":"9a07d0c0-fee7-4cf3-bf7c-e89cbd9d96c9"}}
{"__type":"$$EventMessageConfirm","confirm":"d103e4c8-0a80-462e-a9d5-98c604b492e1","ts":"2026-04-05T10:52:29.736-04:00","source":{"id":"0","name":"eventBus"}}
{"__type":"$$EventMessageWorkflow","id":"78cb4318-8c4d-422a-b912-5b8d51637b89","ts":"2026-04-05T10:52:29.737-04:00","eventName":"n8n.workflow.failed","message":"n8n.workflow.failed","payload":{"executionId":"45","success":false,"isManual":false,"mode":"webhook","workflowId":"YIYJI8ZkPUi59kQQ","workflowName":"My workflow","lastNodeExecuted":"AI Agent","errorNodeType":"@n8n/n8n-nodes-langchain.agent","errorMessage":"Bad request - please check your parameters"}}
{"__type":"$$EventMessageConfirm","confirm":"78cb4318-8c4d-422a-b912-5b8d51637b89","ts":"2026-04-05T10:52:29.737-04:00","source":{"id":"0","name":"eventBus"}}
{"__type":"$$EventMessageAudit","id":"37737547-a1f6-4348-a9b9-fae9a4009ed7","ts":"2026-04-05T10:52:34.437-04:00","eventName":"n8n.audit.workflow.deactivated","message":"n8n.audit.workflow.deactivated","payload":{"userId":"5dbe17fd-2bf6-4d1e-ad71-13ee612d9454","_email":"joao.basa.18@gmail.com","_firstName":"Joao","_lastName":"Basanta","globalRole":"global:owner","workflowId":"YIYJI8ZkPUi59kQQ","workflowName":"My workflow","deactivatedVersionId":"bcc48cec-608e-4c25-8cb4-809d0fd04b24"}}
{"__type":"$$EventMessageConfirm","confirm":"37737547-a1f6-4348-a9b9-fae9a4009ed7","ts":"2026-04-05T10:52:34.438-04:00","source":{"id":"0","name":"eventBus"}}
{"__type":"$$EventMessageAudit","id":"05c13ba7-a456-4082-9ace-01432259cb0b","ts":"2026-04-05T10:52:34.530-04:00","eventName":"n8n.audit.workflow.activated","message":"n8n.audit.workflow.activated","payload":{"userId":"5dbe17fd-2bf6-4d1e-ad71-13ee612d9454","_email":"joao.basa.18@gmail.com","_firstName":"Joao","_lastName":"Basanta","globalRole":"global:owner","workflowId":"YIYJI8ZkPUi59kQQ","workflowName":"My workflow","activeVersionId":"89abfec7-71f0-4538-b0ea-07d6354882ce"}}
{"__type":"$$EventMessageConfirm","confirm":"05c13ba7-a456-4082-9ace-01432259cb0b","ts":"2026-04-05T10:52:34.530-04:00","source":{"id":"0","name":"eventBus"}}
{"__type":"$$EventMessageWorkflow","id":"95456184-553f-48bc-be42-4e0c3bbbaf14","ts":"2026-04-05T10:52:40.354-04:00","eventName":"n8n.workflow.started","message":"n8n.workflow.started","payload":{"executionId":"46","workflowId":"YIYJI8ZkPUi59kQQ","isManual":false,"mode":"webhook","workflowName":"My workflow"}}
{"__type":"$$EventMessageConfirm","confirm":"95456184-553f-48bc-be42-4e0c3bbbaf14","ts":"2026-04-05T10:52:40.354-04:00","source":{"id":"0","name":"eventBus"}}
{"__type":"$$EventMessageAudit","id":"f88700c8-e0b7-428f-b212-f29f550650a1","ts":"2026-04-05T10:52:40.354-04:00","eventName":"n8n.audit.workflow.executed","message":"n8n.audit.workflow.executed","payload":{"workflowId":"YIYJI8ZkPUi59kQQ","workflowName":"My workflow","executionId":"46","source":"webhook"}}
{"__type":"$$EventMessageConfirm","confirm":"f88700c8-e0b7-428f-b212-f29f550650a1","ts":"2026-04-05T10:52:40.354-04:00","source":{"id":"0","name":"eventBus"}}
{"__type":"$$EventMessageNode","id":"f088666c-535b-4ade-8961-4efe166897b5","ts":"2026-04-05T10:52:40.354-04:00","eventName":"n8n.node.started","message":"n8n.node.started","payload":{"workflowId":"YIYJI8ZkPUi59kQQ","workflowName":"My workflow","executionId":"46","nodeType":"n8n-nodes-base.webhook","nodeName":"Webhook","nodeId":"209ba0bd-158f-46b3-92d3-3e67fbfaeb46"}}
{"__type":"$$EventMessageConfirm","confirm":"f088666c-535b-4ade-8961-4efe166897b5","ts":"2026-04-05T10:52:40.354-04:00","source":{"id":"0","name":"eventBus"}}
{"__type":"$$EventMessageNode","id":"d77f7cb3-1e35-400b-b0b8-29e9ba19a6fe","ts":"2026-04-05T10:52:40.355-04:00","eventName":"n8n.node.finished","message":"n8n.node.finished","payload":{"workflowId":"YIYJI8ZkPUi59kQQ","workflowName":"My workflow","executionId":"46","nodeType":"n8n-nodes-base.webhook","nodeName":"Webhook","nodeId":"209ba0bd-158f-46b3-92d3-3e67fbfaeb46"}}
{"__type":"$$EventMessageConfirm","confirm":"d77f7cb3-1e35-400b-b0b8-29e9ba19a6fe","ts":"2026-04-05T10:52:40.355-04:00","source":{"id":"0","name":"eventBus"}}
{"__type":"$$EventMessageNode","id":"8c64b96e-be68-43ed-8eee-3f1cb188bcbd","ts":"2026-04-05T10:52:40.355-04:00","eventName":"n8n.node.started","message":"n8n.node.started","payload":{"workflowId":"YIYJI8ZkPUi59kQQ","workflowName":"My workflow","executionId":"46","nodeType":"@n8n/n8n-nodes-langchain.agent","nodeName":"AI Agent","nodeId":"9a07d0c0-fee7-4cf3-bf7c-e89cbd9d96c9"}}
{"__type":"$$EventMessageConfirm","confirm":"8c64b96e-be68-43ed-8eee-3f1cb188bcbd","ts":"2026-04-05T10:52:40.355-04:00","source":{"id":"0","name":"eventBus"}}
{"__type":"$$EventMessageNode","id":"3ee4fc78-7fa4-450f-a7a0-c6bf46bde9b8","ts":"2026-04-05T10:52:40.699-04:00","eventName":"n8n.node.started","message":"n8n.node.started","payload":{"workflowId":"YIYJI8ZkPUi59kQQ","workflowName":"My workflow","executionId":"46","nodeType":"@n8n/n8n-nodes-langchain.memoryMongoDbChat","nodeName":"MongoDB Chat Memory","nodeId":"754b91b0-51fa-4134-b475-fabea68a7ceb"}}
{"__type":"$$EventMessageConfirm","confirm":"3ee4fc78-7fa4-450f-a7a0-c6bf46bde9b8","ts":"2026-04-05T10:52:40.700-04:00","source":{"id":"0","name":"eventBus"}}
{"__type":"$$EventMessageNode","id":"2c682f05-15d4-4721-897e-f104213d8650","ts":"2026-04-05T10:52:40.709-04:00","eventName":"n8n.node.finished","message":"n8n.node.finished","payload":{"workflowId":"YIYJI8ZkPUi59kQQ","workflowName":"My workflow","executionId":"46","nodeType":"@n8n/n8n-nodes-langchain.memoryMongoDbChat","nodeName":"MongoDB Chat Memory","nodeId":"754b91b0-51fa-4134-b475-fabea68a7ceb"}}
{"__type":"$$EventMessageConfirm","confirm":"2c682f05-15d4-4721-897e-f104213d8650","ts":"2026-04-05T10:52:40.709-04:00","source":{"id":"0","name":"eventBus"}}
{"__type":"$$EventMessageNode","id":"a829ec3a-aff8-468c-9233-b79b6bded586","ts":"2026-04-05T10:52:40.718-04:00","eventName":"n8n.node.started","message":"n8n.node.started","payload":{"workflowId":"YIYJI8ZkPUi59kQQ","workflowName":"My workflow","executionId":"46","nodeType":"@n8n/n8n-nodes-langchain.lmChatGroq","nodeName":"Groq Chat Model","nodeId":"d3a7e134-fd68-4732-a66d-5f3519eac399"}}
{"__type":"$$EventMessageConfirm","confirm":"a829ec3a-aff8-468c-9233-b79b6bded586","ts":"2026-04-05T10:52:40.718-04:00","source":{"id":"0","name":"eventBus"}}
{"__type":"$$EventMessageNode","id":"72bcf9ac-f9da-44fa-af01-e7bc79167d7b","ts":"2026-04-05T10:52:40.857-04:00","eventName":"n8n.node.finished","message":"n8n.node.finished","payload":{"workflowId":"YIYJI8ZkPUi59kQQ","workflowName":"My workflow","executionId":"46","nodeType":"@n8n/n8n-nodes-langchain.lmChatGroq","nodeName":"Groq Chat Model","nodeId":"d3a7e134-fd68-4732-a66d-5f3519eac399"}}
{"__type":"$$EventMessageConfirm","confirm":"72bcf9ac-f9da-44fa-af01-e7bc79167d7b","ts":"2026-04-05T10:52:40.857-04:00","source":{"id":"0","name":"eventBus"}}
{"__type":"$$EventMessageAiNode","id":"fb044e89-3855-4e03-bb76-17d7f0018bb3","ts":"2026-04-05T10:52:40.857-04:00","eventName":"n8n.ai.llm.error","message":"n8n.ai.llm.error","payload":{"executionId":"46","nodeName":"Groq Chat Model","workflowName":"My workflow","nodeType":"@n8n/n8n-nodes-langchain.lmChatGroq","workflowId":"YIYJI8ZkPUi59kQQ","msg":"{\"error\":{\"message\":\"Bad request - please check your parameters\",\"timestamp\":1775400760856,\"name\":\"NodeApiError\",\"description\":\"The model `llama3-8b-8192` has been decommissioned and is no longer supported. Please refer to https://console.groq.com/docs/deprecations for a recommendation on which model to use instead.\",\"context\":{}},\"runId\":\"019d5e21-b587-730d-932f-c83978111045\"}"}}
{"__type":"$$EventMessageConfirm","confirm":"fb044e89-3855-4e03-bb76-17d7f0018bb3","ts":"2026-04-05T10:52:40.857-04:00","source":{"id":"0","name":"eventBus"}}
{"__type":"$$EventMessageNode","id":"ed909d0b-722d-4ecf-ac6e-df3e140ea075","ts":"2026-04-05T10:52:40.858-04:00","eventName":"n8n.node.finished","message":"n8n.node.finished","payload":{"workflowId":"YIYJI8ZkPUi59kQQ","workflowName":"My workflow","executionId":"46","nodeType":"@n8n/n8n-nodes-langchain.agent","nodeName":"AI Agent","nodeId":"9a07d0c0-fee7-4cf3-bf7c-e89cbd9d96c9"}}
{"__type":"$$EventMessageConfirm","confirm":"ed909d0b-722d-4ecf-ac6e-df3e140ea075","ts":"2026-04-05T10:52:40.858-04:00","source":{"id":"0","name":"eventBus"}}
{"__type":"$$EventMessageWorkflow","id":"e85bf4cd-8b26-43dc-b519-a7f01b736c5b","ts":"2026-04-05T10:52:40.859-04:00","eventName":"n8n.workflow.failed","message":"n8n.workflow.failed","payload":{"executionId":"46","success":false,"isManual":false,"mode":"webhook","workflowId":"YIYJI8ZkPUi59kQQ","workflowName":"My workflow","lastNodeExecuted":"AI Agent","errorNodeType":"@n8n/n8n-nodes-langchain.agent","errorMessage":"Bad request - please check your parameters"}}
{"__type":"$$EventMessageConfirm","confirm":"e85bf4cd-8b26-43dc-b519-a7f01b736c5b","ts":"2026-04-05T10:52:40.859-04:00","source":{"id":"0","name":"eventBus"}}
{"__type":"$$EventMessageAudit","id":"b53f0406-16c6-4f43-9b8e-3696e42d3790","ts":"2026-04-05T10:53:58.676-04:00","eventName":"n8n.audit.workflow.updated","message":"n8n.audit.workflow.updated","payload":{"userId":"5dbe17fd-2bf6-4d1e-ad71-13ee612d9454","_email":"joao.basa.18@gmail.com","_firstName":"Joao","_lastName":"Basanta","globalRole":"global:owner","workflowId":"YIYJI8ZkPUi59kQQ","workflowName":"My workflow"}}
{"__type":"$$EventMessageConfirm","confirm":"b53f0406-16c6-4f43-9b8e-3696e42d3790","ts":"2026-04-05T10:53:58.677-04:00","source":{"id":"0","name":"eventBus"}}
{"__type":"$$EventMessageAudit","id":"991ac197-6fc9-41c2-8913-34e8dbc65a25","ts":"2026-04-05T10:54:02.526-04:00","eventName":"n8n.audit.workflow.deactivated","message":"n8n.audit.workflow.deactivated","payload":{"userId":"5dbe17fd-2bf6-4d1e-ad71-13ee612d9454","_email":"joao.basa.18@gmail.com","_firstName":"Joao","_lastName":"Basanta","globalRole":"global:owner","workflowId":"YIYJI8ZkPUi59kQQ","workflowName":"My workflow","deactivatedVersionId":"89abfec7-71f0-4538-b0ea-07d6354882ce"}}
{"__type":"$$EventMessageConfirm","confirm":"991ac197-6fc9-41c2-8913-34e8dbc65a25","ts":"2026-04-05T10:54:02.527-04:00","source":{"id":"0","name":"eventBus"}}
{"__type":"$$EventMessageAudit","id":"a1d49428-a09b-4841-a72e-925cdc6abc2d","ts":"2026-04-05T10:54:02.587-04:00","eventName":"n8n.audit.workflow.activated","message":"n8n.audit.workflow.activated","payload":{"userId":"5dbe17fd-2bf6-4d1e-ad71-13ee612d9454","_email":"joao.basa.18@gmail.com","_firstName":"Joao","_lastName":"Basanta","globalRole":"global:owner","workflowId":"YIYJI8ZkPUi59kQQ","workflowName":"My workflow","activeVersionId":"53dd2576-95a9-4cd1-bfcf-74dd7d0bfc6e"}}
{"__type":"$$EventMessageConfirm","confirm":"a1d49428-a09b-4841-a72e-925cdc6abc2d","ts":"2026-04-05T10:54:02.587-04:00","source":{"id":"0","name":"eventBus"}}
{"__type":"$$EventMessageWorkflow","id":"839ad6c4-5ee1-4b12-bbe2-aa9f4ca57d5f","ts":"2026-04-05T10:54:09.870-04:00","eventName":"n8n.workflow.started","message":"n8n.workflow.started","payload":{"executionId":"47","workflowId":"YIYJI8ZkPUi59kQQ","isManual":false,"mode":"webhook","workflowName":"My workflow"}}
{"__type":"$$EventMessageConfirm","confirm":"839ad6c4-5ee1-4b12-bbe2-aa9f4ca57d5f","ts":"2026-04-05T10:54:09.870-04:00","source":{"id":"0","name":"eventBus"}}
{"__type":"$$EventMessageAudit","id":"5676eed8-d2ad-43df-b642-eb3001e5b4b2","ts":"2026-04-05T10:54:09.870-04:00","eventName":"n8n.audit.workflow.executed","message":"n8n.audit.workflow.executed","payload":{"workflowId":"YIYJI8ZkPUi59kQQ","workflowName":"My workflow","executionId":"47","source":"webhook"}}
{"__type":"$$EventMessageConfirm","confirm":"5676eed8-d2ad-43df-b642-eb3001e5b4b2","ts":"2026-04-05T10:54:09.870-04:00","source":{"id":"0","name":"eventBus"}}
{"__type":"$$EventMessageNode","id":"bc78f92e-e0ff-4642-9cca-74e45078c3d5","ts":"2026-04-05T10:54:09.870-04:00","eventName":"n8n.node.started","message":"n8n.node.started","payload":{"workflowId":"YIYJI8ZkPUi59kQQ","workflowName":"My workflow","executionId":"47","nodeType":"n8n-nodes-base.webhook","nodeName":"Webhook","nodeId":"209ba0bd-158f-46b3-92d3-3e67fbfaeb46"}}
{"__type":"$$EventMessageConfirm","confirm":"bc78f92e-e0ff-4642-9cca-74e45078c3d5","ts":"2026-04-05T10:54:09.871-04:00","source":{"id":"0","name":"eventBus"}}
{"__type":"$$EventMessageNode","id":"0efb4d41-8a1b-420d-b2f0-008b12b437bf","ts":"2026-04-05T10:54:09.871-04:00","eventName":"n8n.node.finished","message":"n8n.node.finished","payload":{"workflowId":"YIYJI8ZkPUi59kQQ","workflowName":"My workflow","executionId":"47","nodeType":"n8n-nodes-base.webhook","nodeName":"Webhook","nodeId":"209ba0bd-158f-46b3-92d3-3e67fbfaeb46"}}
{"__type":"$$EventMessageConfirm","confirm":"0efb4d41-8a1b-420d-b2f0-008b12b437bf","ts":"2026-04-05T10:54:09.871-04:00","source":{"id":"0","name":"eventBus"}}
{"__type":"$$EventMessageNode","id":"e3230d51-9a8a-4044-8338-96eb1d1567ac","ts":"2026-04-05T10:54:09.871-04:00","eventName":"n8n.node.started","message":"n8n.node.started","payload":{"workflowId":"YIYJI8ZkPUi59kQQ","workflowName":"My workflow","executionId":"47","nodeType":"@n8n/n8n-nodes-langchain.agent","nodeName":"AI Agent","nodeId":"9a07d0c0-fee7-4cf3-bf7c-e89cbd9d96c9"}}
{"__type":"$$EventMessageConfirm","confirm":"e3230d51-9a8a-4044-8338-96eb1d1567ac","ts":"2026-04-05T10:54:09.871-04:00","source":{"id":"0","name":"eventBus"}}
{"__type":"$$EventMessageNode","id":"8365e7db-d861-4332-affe-fa841cd2949e","ts":"2026-04-05T10:54:09.900-04:00","eventName":"n8n.node.started","message":"n8n.node.started","payload":{"workflowId":"YIYJI8ZkPUi59kQQ","workflowName":"My workflow","executionId":"47","nodeType":"@n8n/n8n-nodes-langchain.memoryMongoDbChat","nodeName":"MongoDB Chat Memory","nodeId":"754b91b0-51fa-4134-b475-fabea68a7ceb"}}
{"__type":"$$EventMessageConfirm","confirm":"8365e7db-d861-4332-affe-fa841cd2949e","ts":"2026-04-05T10:54:09.900-04:00","source":{"id":"0","name":"eventBus"}}
{"__type":"$$EventMessageNode","id":"73805c86-1dc4-4a58-b3a7-9dc0b096a3f0","ts":"2026-04-05T10:54:09.907-04:00","eventName":"n8n.node.finished","message":"n8n.node.finished","payload":{"workflowId":"YIYJI8ZkPUi59kQQ","workflowName":"My workflow","executionId":"47","nodeType":"@n8n/n8n-nodes-langchain.memoryMongoDbChat","nodeName":"MongoDB Chat Memory","nodeId":"754b91b0-51fa-4134-b475-fabea68a7ceb"}}
{"__type":"$$EventMessageConfirm","confirm":"73805c86-1dc4-4a58-b3a7-9dc0b096a3f0","ts":"2026-04-05T10:54:09.908-04:00","source":{"id":"0","name":"eventBus"}}
{"__type":"$$EventMessageNode","id":"1af47966-701f-4f54-bbda-7ede94312c81","ts":"2026-04-05T10:54:09.919-04:00","eventName":"n8n.node.started","message":"n8n.node.started","payload":{"workflowId":"YIYJI8ZkPUi59kQQ","workflowName":"My workflow","executionId":"47","nodeType":"@n8n/n8n-nodes-langchain.lmChatGroq","nodeName":"Groq Chat Model","nodeId":"d3a7e134-fd68-4732-a66d-5f3519eac399"}}
{"__type":"$$EventMessageConfirm","confirm":"1af47966-701f-4f54-bbda-7ede94312c81","ts":"2026-04-05T10:54:09.920-04:00","source":{"id":"0","name":"eventBus"}}
{"__type":"$$EventMessageNode","id":"ec2f4148-cfa9-4fc0-a214-08dbde7730c7","ts":"2026-04-05T10:54:10.049-04:00","eventName":"n8n.node.finished","message":"n8n.node.finished","payload":{"workflowId":"YIYJI8ZkPUi59kQQ","workflowName":"My workflow","executionId":"47","nodeType":"@n8n/n8n-nodes-langchain.lmChatGroq","nodeName":"Groq Chat Model","nodeId":"d3a7e134-fd68-4732-a66d-5f3519eac399"}}
{"__type":"$$EventMessageConfirm","confirm":"ec2f4148-cfa9-4fc0-a214-08dbde7730c7","ts":"2026-04-05T10:54:10.049-04:00","source":{"id":"0","name":"eventBus"}}
{"__type":"$$EventMessageAiNode","id":"c3c48f1b-f7e6-48b8-bbc0-4b17851c081f","ts":"2026-04-05T10:54:10.049-04:00","eventName":"n8n.ai.llm.error","message":"n8n.ai.llm.error","payload":{"executionId":"47","nodeName":"Groq Chat Model","workflowName":"My workflow","nodeType":"@n8n/n8n-nodes-langchain.lmChatGroq","workflowId":"YIYJI8ZkPUi59kQQ","msg":"{\"error\":{\"message\":\"Bad request - please check your parameters\",\"timestamp\":1775400850049,\"name\":\"NodeApiError\",\"description\":\"`tool calling` is not supported with this model\",\"context\":{}},\"runId\":\"019d5e23-11f5-7284-87a7-05d8f50e55fe\"}"}}
{"__type":"$$EventMessageConfirm","confirm":"c3c48f1b-f7e6-48b8-bbc0-4b17851c081f","ts":"2026-04-05T10:54:10.049-04:00","source":{"id":"0","name":"eventBus"}}
{"__type":"$$EventMessageNode","id":"9439b05b-c96f-4872-a205-f7aa422cacaf","ts":"2026-04-05T10:54:10.051-04:00","eventName":"n8n.node.finished","message":"n8n.node.finished","payload":{"workflowId":"YIYJI8ZkPUi59kQQ","workflowName":"My workflow","executionId":"47","nodeType":"@n8n/n8n-nodes-langchain.agent","nodeName":"AI Agent","nodeId":"9a07d0c0-fee7-4cf3-bf7c-e89cbd9d96c9"}}
{"__type":"$$EventMessageConfirm","confirm":"9439b05b-c96f-4872-a205-f7aa422cacaf","ts":"2026-04-05T10:54:10.051-04:00","source":{"id":"0","name":"eventBus"}}
{"__type":"$$EventMessageWorkflow","id":"0a82e095-a6a5-43ce-bb25-80fc60af152b","ts":"2026-04-05T10:54:10.051-04:00","eventName":"n8n.workflow.failed","message":"n8n.workflow.failed","payload":{"executionId":"47","success":false,"isManual":false,"mode":"webhook","workflowId":"YIYJI8ZkPUi59kQQ","workflowName":"My workflow","lastNodeExecuted":"AI Agent","errorNodeType":"@n8n/n8n-nodes-langchain.agent","errorMessage":"Bad request - please check your parameters"}}
{"__type":"$$EventMessageConfirm","confirm":"0a82e095-a6a5-43ce-bb25-80fc60af152b","ts":"2026-04-05T10:54:10.051-04:00","source":{"id":"0","name":"eventBus"}}
{"__type":"$$EventMessageAudit","id":"6a6917e4-41f3-44e4-bb6f-85eba7d5bf6a","ts":"2026-04-05T10:54:53.934-04:00","eventName":"n8n.audit.workflow.updated","message":"n8n.audit.workflow.updated","payload":{"userId":"5dbe17fd-2bf6-4d1e-ad71-13ee612d9454","_email":"joao.basa.18@gmail.com","_firstName":"Joao","_lastName":"Basanta","globalRole":"global:owner","workflowId":"YIYJI8ZkPUi59kQQ","workflowName":"My workflow"}}
{"__type":"$$EventMessageConfirm","confirm":"6a6917e4-41f3-44e4-bb6f-85eba7d5bf6a","ts":"2026-04-05T10:54:53.934-04:00","source":{"id":"0","name":"eventBus"}}
{"__type":"$$EventMessageAudit","id":"9f55bb1b-ce2b-4c5b-b26d-a18cd35335b7","ts":"2026-04-05T10:54:59.494-04:00","eventName":"n8n.audit.workflow.deactivated","message":"n8n.audit.workflow.deactivated","payload":{"userId":"5dbe17fd-2bf6-4d1e-ad71-13ee612d9454","_email":"joao.basa.18@gmail.com","_firstName":"Joao","_lastName":"Basanta","globalRole":"global:owner","workflowId":"YIYJI8ZkPUi59kQQ","workflowName":"My workflow","deactivatedVersionId":"53dd2576-95a9-4cd1-bfcf-74dd7d0bfc6e"}}
{"__type":"$$EventMessageConfirm","confirm":"9f55bb1b-ce2b-4c5b-b26d-a18cd35335b7","ts":"2026-04-05T10:54:59.494-04:00","source":{"id":"0","name":"eventBus"}}
{"__type":"$$EventMessageAudit","id":"355c618b-eb3c-424c-83e5-0f59d0ea6b8c","ts":"2026-04-05T10:54:59.557-04:00","eventName":"n8n.audit.workflow.activated","message":"n8n.audit.workflow.activated","payload":{"userId":"5dbe17fd-2bf6-4d1e-ad71-13ee612d9454","_email":"joao.basa.18@gmail.com","_firstName":"Joao","_lastName":"Basanta","globalRole":"global:owner","workflowId":"YIYJI8ZkPUi59kQQ","workflowName":"My workflow","activeVersionId":"009a81a1-17ea-4f4f-8a3c-974b08fc481b"}}
{"__type":"$$EventMessageConfirm","confirm":"355c618b-eb3c-424c-83e5-0f59d0ea6b8c","ts":"2026-04-05T10:54:59.557-04:00","source":{"id":"0","name":"eventBus"}}
{"__type":"$$EventMessageWorkflow","id":"82372fff-4a4d-43ae-8478-f86cf9921029","ts":"2026-04-05T10:55:05.940-04:00","eventName":"n8n.workflow.started","message":"n8n.workflow.started","payload":{"executionId":"48","workflowId":"YIYJI8ZkPUi59kQQ","isManual":false,"mode":"webhook","workflowName":"My workflow"}}
{"__type":"$$EventMessageConfirm","confirm":"82372fff-4a4d-43ae-8478-f86cf9921029","ts":"2026-04-05T10:55:05.940-04:00","source":{"id":"0","name":"eventBus"}}
{"__type":"$$EventMessageAudit","id":"7aa37dd0-abdd-4c06-819f-8ba075ff5db0","ts":"2026-04-05T10:55:05.940-04:00","eventName":"n8n.audit.workflow.executed","message":"n8n.audit.workflow.executed","payload":{"workflowId":"YIYJI8ZkPUi59kQQ","workflowName":"My workflow","executionId":"48","source":"webhook"}}
{"__type":"$$EventMessageConfirm","confirm":"7aa37dd0-abdd-4c06-819f-8ba075ff5db0","ts":"2026-04-05T10:55:05.940-04:00","source":{"id":"0","name":"eventBus"}}
{"__type":"$$EventMessageNode","id":"6a731330-4918-43cb-b364-9510d9a5c4b6","ts":"2026-04-05T10:55:05.940-04:00","eventName":"n8n.node.started","message":"n8n.node.started","payload":{"workflowId":"YIYJI8ZkPUi59kQQ","workflowName":"My workflow","executionId":"48","nodeType":"n8n-nodes-base.webhook","nodeName":"Webhook","nodeId":"209ba0bd-158f-46b3-92d3-3e67fbfaeb46"}}
{"__type":"$$EventMessageConfirm","confirm":"6a731330-4918-43cb-b364-9510d9a5c4b6","ts":"2026-04-05T10:55:05.940-04:00","source":{"id":"0","name":"eventBus"}}
{"__type":"$$EventMessageNode","id":"373df2ee-c212-4178-b005-9f2307fdc205","ts":"2026-04-05T10:55:05.941-04:00","eventName":"n8n.node.finished","message":"n8n.node.finished","payload":{"workflowId":"YIYJI8ZkPUi59kQQ","workflowName":"My workflow","executionId":"48","nodeType":"n8n-nodes-base.webhook","nodeName":"Webhook","nodeId":"209ba0bd-158f-46b3-92d3-3e67fbfaeb46"}}
{"__type":"$$EventMessageConfirm","confirm":"373df2ee-c212-4178-b005-9f2307fdc205","ts":"2026-04-05T10:55:05.941-04:00","source":{"id":"0","name":"eventBus"}}
{"__type":"$$EventMessageNode","id":"3f6742bd-1ee9-40e5-bc4a-fb14bad42e75","ts":"2026-04-05T10:55:05.941-04:00","eventName":"n8n.node.started","message":"n8n.node.started","payload":{"workflowId":"YIYJI8ZkPUi59kQQ","workflowName":"My workflow","executionId":"48","nodeType":"@n8n/n8n-nodes-langchain.agent","nodeName":"AI Agent","nodeId":"9a07d0c0-fee7-4cf3-bf7c-e89cbd9d96c9"}}
{"__type":"$$EventMessageConfirm","confirm":"3f6742bd-1ee9-40e5-bc4a-fb14bad42e75","ts":"2026-04-05T10:55:05.941-04:00","source":{"id":"0","name":"eventBus"}}
{"__type":"$$EventMessageNode","id":"bf3f1376-9e28-48f9-b944-bb3797cf666e","ts":"2026-04-05T10:55:05.978-04:00","eventName":"n8n.node.started","message":"n8n.node.started","payload":{"workflowId":"YIYJI8ZkPUi59kQQ","workflowName":"My workflow","executionId":"48","nodeType":"@n8n/n8n-nodes-langchain.memoryMongoDbChat","nodeName":"MongoDB Chat Memory","nodeId":"754b91b0-51fa-4134-b475-fabea68a7ceb"}}
{"__type":"$$EventMessageConfirm","confirm":"bf3f1376-9e28-48f9-b944-bb3797cf666e","ts":"2026-04-05T10:55:05.978-04:00","source":{"id":"0","name":"eventBus"}}
{"__type":"$$EventMessageNode","id":"5a01a3f7-eeca-4349-a46a-4d2290517c8c","ts":"2026-04-05T10:55:05.984-04:00","eventName":"n8n.node.finished","message":"n8n.node.finished","payload":{"workflowId":"YIYJI8ZkPUi59kQQ","workflowName":"My workflow","executionId":"48","nodeType":"@n8n/n8n-nodes-langchain.memoryMongoDbChat","nodeName":"MongoDB Chat Memory","nodeId":"754b91b0-51fa-4134-b475-fabea68a7ceb"}}
{"__type":"$$EventMessageConfirm","confirm":"5a01a3f7-eeca-4349-a46a-4d2290517c8c","ts":"2026-04-05T10:55:05.984-04:00","source":{"id":"0","name":"eventBus"}}
{"__type":"$$EventMessageNode","id":"847244f1-1a3f-4dbb-874b-025d9c5f1a4b","ts":"2026-04-05T10:55:05.993-04:00","eventName":"n8n.node.started","message":"n8n.node.started","payload":{"workflowId":"YIYJI8ZkPUi59kQQ","workflowName":"My workflow","executionId":"48","nodeType":"@n8n/n8n-nodes-langchain.lmChatGroq","nodeName":"Groq Chat Model","nodeId":"d3a7e134-fd68-4732-a66d-5f3519eac399"}}
{"__type":"$$EventMessageConfirm","confirm":"847244f1-1a3f-4dbb-874b-025d9c5f1a4b","ts":"2026-04-05T10:55:05.993-04:00","source":{"id":"0","name":"eventBus"}}
{"__type":"$$EventMessageNode","id":"16d305d8-b2b0-4644-b51f-0146ed1e99be","ts":"2026-04-05T10:55:06.135-04:00","eventName":"n8n.node.finished","message":"n8n.node.finished","payload":{"workflowId":"YIYJI8ZkPUi59kQQ","workflowName":"My workflow","executionId":"48","nodeType":"@n8n/n8n-nodes-langchain.lmChatGroq","nodeName":"Groq Chat Model","nodeId":"d3a7e134-fd68-4732-a66d-5f3519eac399"}}
{"__type":"$$EventMessageConfirm","confirm":"16d305d8-b2b0-4644-b51f-0146ed1e99be","ts":"2026-04-05T10:55:06.135-04:00","source":{"id":"0","name":"eventBus"}}
{"__type":"$$EventMessageAiNode","id":"9c2853b7-af46-416a-a227-09c51841d55d","ts":"2026-04-05T10:55:06.135-04:00","eventName":"n8n.ai.llm.error","message":"n8n.ai.llm.error","payload":{"executionId":"48","nodeName":"Groq Chat Model","workflowName":"My workflow","nodeType":"@n8n/n8n-nodes-langchain.lmChatGroq","workflowId":"YIYJI8ZkPUi59kQQ","msg":"{\"error\":{\"message\":\"Bad request - please check your parameters\",\"timestamp\":1775400906134,\"name\":\"NodeApiError\",\"description\":\"`tool calling` is not supported with this model\",\"context\":{}},\"runId\":\"019d5e23-ed01-7049-8b42-b2a29e5c945c\"}"}}
{"__type":"$$EventMessageConfirm","confirm":"9c2853b7-af46-416a-a227-09c51841d55d","ts":"2026-04-05T10:55:06.135-04:00","source":{"id":"0","name":"eventBus"}}
{"__type":"$$EventMessageNode","id":"7a4af0ea-73c3-4814-9d02-a7ac7841e263","ts":"2026-04-05T10:55:06.136-04:00","eventName":"n8n.node.finished","message":"n8n.node.finished","payload":{"workflowId":"YIYJI8ZkPUi59kQQ","workflowName":"My workflow","executionId":"48","nodeType":"@n8n/n8n-nodes-langchain.agent","nodeName":"AI Agent","nodeId":"9a07d0c0-fee7-4cf3-bf7c-e89cbd9d96c9"}}
{"__type":"$$EventMessageConfirm","confirm":"7a4af0ea-73c3-4814-9d02-a7ac7841e263","ts":"2026-04-05T10:55:06.136-04:00","source":{"id":"0","name":"eventBus"}}
{"__type":"$$EventMessageWorkflow","id":"b44e20aa-a7d6-4d32-b66b-ced8b4f3c826","ts":"2026-04-05T10:55:06.137-04:00","eventName":"n8n.workflow.failed","message":"n8n.workflow.failed","payload":{"executionId":"48","success":false,"isManual":false,"mode":"webhook","workflowId":"YIYJI8ZkPUi59kQQ","workflowName":"My workflow","lastNodeExecuted":"AI Agent","errorNodeType":"@n8n/n8n-nodes-langchain.agent","errorMessage":"Bad request - please check your parameters"}}
{"__type":"$$EventMessageConfirm","confirm":"b44e20aa-a7d6-4d32-b66b-ced8b4f3c826","ts":"2026-04-05T10:55:06.137-04:00","source":{"id":"0","name":"eventBus"}}
{"__type":"$$EventMessageAudit","id":"1e0c2d19-933a-4b20-8df7-40af6eb35aa2","ts":"2026-04-05T10:55:49.117-04:00","eventName":"n8n.audit.workflow.updated","message":"n8n.audit.workflow.updated","payload":{"userId":"5dbe17fd-2bf6-4d1e-ad71-13ee612d9454","_email":"joao.basa.18@gmail.com","_firstName":"Joao","_lastName":"Basanta","globalRole":"global:owner","workflowId":"YIYJI8ZkPUi59kQQ","workflowName":"My workflow"}}
{"__type":"$$EventMessageConfirm","confirm":"1e0c2d19-933a-4b20-8df7-40af6eb35aa2","ts":"2026-04-05T10:55:49.117-04:00","source":{"id":"0","name":"eventBus"}}
{"__type":"$$EventMessageAudit","id":"df8f9060-b01d-4a25-a535-23946703faf4","ts":"2026-04-05T10:59:49.296-04:00","eventName":"n8n.audit.workflow.updated","message":"n8n.audit.workflow.updated","payload":{"userId":"5dbe17fd-2bf6-4d1e-ad71-13ee612d9454","_email":"joao.basa.18@gmail.com","_firstName":"Joao","_lastName":"Basanta","globalRole":"global:owner","workflowId":"YIYJI8ZkPUi59kQQ","workflowName":"My workflow"}}
{"__type":"$$EventMessageConfirm","confirm":"df8f9060-b01d-4a25-a535-23946703faf4","ts":"2026-04-05T10:59:49.296-04:00","source":{"id":"0","name":"eventBus"}}
{"__type":"$$EventMessageAudit","id":"b0021384-2708-4930-87d0-e1d3f538a576","ts":"2026-04-05T10:59:54.393-04:00","eventName":"n8n.audit.workflow.updated","message":"n8n.audit.workflow.updated","payload":{"userId":"5dbe17fd-2bf6-4d1e-ad71-13ee612d9454","_email":"joao.basa.18@gmail.com","_firstName":"Joao","_lastName":"Basanta","globalRole":"global:owner","workflowId":"YIYJI8ZkPUi59kQQ","workflowName":"My workflow"}}
{"__type":"$$EventMessageConfirm","confirm":"b0021384-2708-4930-87d0-e1d3f538a576","ts":"2026-04-05T10:59:54.393-04:00","source":{"id":"0","name":"eventBus"}}
{"__type":"$$EventMessageAudit","id":"748671ec-5e51-45b5-8c5e-39dfbc579a9f","ts":"2026-04-05T10:59:55.187-04:00","eventName":"n8n.audit.user.credentials.created","message":"n8n.audit.user.credentials.created","payload":{"userId":"5dbe17fd-2bf6-4d1e-ad71-13ee612d9454","_email":"joao.basa.18@gmail.com","_firstName":"Joao","_lastName":"Basanta","globalRole":"global:owner","credentialType":"mistralCloudApi","credentialId":"xKrV6l6INLcWYpnQ","publicApi":false,"projectId":"CqZgsIg2zevaahZe","projectType":"personal","isDynamic":false}}
{"__type":"$$EventMessageConfirm","confirm":"748671ec-5e51-45b5-8c5e-39dfbc579a9f","ts":"2026-04-05T10:59:55.187-04:00","source":{"id":"0","name":"eventBus"}}
{"__type":"$$EventMessageAudit","id":"ae14fa92-390d-47cb-a54e-38133c9119ea","ts":"2026-04-05T10:59:56.907-04:00","eventName":"n8n.audit.workflow.updated","message":"n8n.audit.workflow.updated","payload":{"userId":"5dbe17fd-2bf6-4d1e-ad71-13ee612d9454","_email":"joao.basa.18@gmail.com","_firstName":"Joao","_lastName":"Basanta","globalRole":"global:owner","workflowId":"YIYJI8ZkPUi59kQQ","workflowName":"My workflow"}}
{"__type":"$$EventMessageConfirm","confirm":"ae14fa92-390d-47cb-a54e-38133c9119ea","ts":"2026-04-05T10:59:56.908-04:00","source":{"id":"0","name":"eventBus"}}
{"__type":"$$EventMessageAudit","id":"f3e1daae-a2d1-49ad-9cab-a570e4301c8a","ts":"2026-04-05T11:00:59.869-04:00","eventName":"n8n.audit.workflow.updated","message":"n8n.audit.workflow.updated","payload":{"userId":"5dbe17fd-2bf6-4d1e-ad71-13ee612d9454","_email":"joao.basa.18@gmail.com","_firstName":"Joao","_lastName":"Basanta","globalRole":"global:owner","workflowId":"YIYJI8ZkPUi59kQQ","workflowName":"My workflow"}}
{"__type":"$$EventMessageConfirm","confirm":"f3e1daae-a2d1-49ad-9cab-a570e4301c8a","ts":"2026-04-05T11:00:59.869-04:00","source":{"id":"0","name":"eventBus"}}
{"__type":"$$EventMessageAudit","id":"ef054e2f-2f48-4908-a5ef-3969e43be91d","ts":"2026-04-05T11:01:02.803-04:00","eventName":"n8n.audit.workflow.deactivated","message":"n8n.audit.workflow.deactivated","payload":{"userId":"5dbe17fd-2bf6-4d1e-ad71-13ee612d9454","_email":"joao.basa.18@gmail.com","_firstName":"Joao","_lastName":"Basanta","globalRole":"global:owner","workflowId":"YIYJI8ZkPUi59kQQ","workflowName":"My workflow","deactivatedVersionId":"009a81a1-17ea-4f4f-8a3c-974b08fc481b"}}
{"__type":"$$EventMessageConfirm","confirm":"ef054e2f-2f48-4908-a5ef-3969e43be91d","ts":"2026-04-05T11:01:02.803-04:00","source":{"id":"0","name":"eventBus"}}
{"__type":"$$EventMessageAudit","id":"9e66007e-b06e-4eda-8458-6bff029a15c7","ts":"2026-04-05T11:01:02.871-04:00","eventName":"n8n.audit.workflow.activated","message":"n8n.audit.workflow.activated","payload":{"userId":"5dbe17fd-2bf6-4d1e-ad71-13ee612d9454","_email":"joao.basa.18@gmail.com","_firstName":"Joao","_lastName":"Basanta","globalRole":"global:owner","workflowId":"YIYJI8ZkPUi59kQQ","workflowName":"My workflow","activeVersionId":"4a553dc6-c658-44c2-b7ce-e9a518824bcb"}}
{"__type":"$$EventMessageConfirm","confirm":"9e66007e-b06e-4eda-8458-6bff029a15c7","ts":"2026-04-05T11:01:02.871-04:00","source":{"id":"0","name":"eventBus"}}
{"__type":"$$EventMessageWorkflow","id":"16671b4e-53b7-4470-bcf5-d87e63318e77","ts":"2026-04-05T11:01:15.406-04:00","eventName":"n8n.workflow.started","message":"n8n.workflow.started","payload":{"executionId":"49","workflowId":"YIYJI8ZkPUi59kQQ","isManual":false,"mode":"webhook","workflowName":"My workflow"}}
{"__type":"$$EventMessageConfirm","confirm":"16671b4e-53b7-4470-bcf5-d87e63318e77","ts":"2026-04-05T11:01:15.407-04:00","source":{"id":"0","name":"eventBus"}}
{"__type":"$$EventMessageAudit","id":"64ddc76e-27d5-455d-a350-cc5aeef7abfa","ts":"2026-04-05T11:01:15.407-04:00","eventName":"n8n.audit.workflow.executed","message":"n8n.audit.workflow.executed","payload":{"workflowId":"YIYJI8ZkPUi59kQQ","workflowName":"My workflow","executionId":"49","source":"webhook"}}
{"__type":"$$EventMessageConfirm","confirm":"64ddc76e-27d5-455d-a350-cc5aeef7abfa","ts":"2026-04-05T11:01:15.407-04:00","source":{"id":"0","name":"eventBus"}}
{"__type":"$$EventMessageNode","id":"01fac0c6-d917-4421-a27d-28b56efdb830","ts":"2026-04-05T11:01:15.407-04:00","eventName":"n8n.node.started","message":"n8n.node.started","payload":{"workflowId":"YIYJI8ZkPUi59kQQ","workflowName":"My workflow","executionId":"49","nodeType":"n8n-nodes-base.webhook","nodeName":"Webhook","nodeId":"209ba0bd-158f-46b3-92d3-3e67fbfaeb46"}}
{"__type":"$$EventMessageConfirm","confirm":"01fac0c6-d917-4421-a27d-28b56efdb830","ts":"2026-04-05T11:01:15.407-04:00","source":{"id":"0","name":"eventBus"}}
{"__type":"$$EventMessageNode","id":"7c7ff44c-736d-4a16-96e5-61b97ff05da7","ts":"2026-04-05T11:01:15.408-04:00","eventName":"n8n.node.finished","message":"n8n.node.finished","payload":{"workflowId":"YIYJI8ZkPUi59kQQ","workflowName":"My workflow","executionId":"49","nodeType":"n8n-nodes-base.webhook","nodeName":"Webhook","nodeId":"209ba0bd-158f-46b3-92d3-3e67fbfaeb46"}}
{"__type":"$$EventMessageConfirm","confirm":"7c7ff44c-736d-4a16-96e5-61b97ff05da7","ts":"2026-04-05T11:01:15.408-04:00","source":{"id":"0","name":"eventBus"}}
{"__type":"$$EventMessageNode","id":"837518d9-61ac-4ff9-b58f-02a7b093aa76","ts":"2026-04-05T11:01:15.408-04:00","eventName":"n8n.node.started","message":"n8n.node.started","payload":{"workflowId":"YIYJI8ZkPUi59kQQ","workflowName":"My workflow","executionId":"49","nodeType":"@n8n/n8n-nodes-langchain.agent","nodeName":"AI Agent","nodeId":"9a07d0c0-fee7-4cf3-bf7c-e89cbd9d96c9"}}
{"__type":"$$EventMessageConfirm","confirm":"837518d9-61ac-4ff9-b58f-02a7b093aa76","ts":"2026-04-05T11:01:15.408-04:00","source":{"id":"0","name":"eventBus"}}
{"__type":"$$EventMessageNode","id":"bf52de9a-8dac-4aae-9807-cb04087634e1","ts":"2026-04-05T11:01:15.489-04:00","eventName":"n8n.node.started","message":"n8n.node.started","payload":{"workflowId":"YIYJI8ZkPUi59kQQ","workflowName":"My workflow","executionId":"49","nodeType":"@n8n/n8n-nodes-langchain.memoryMongoDbChat","nodeName":"MongoDB Chat Memory","nodeId":"754b91b0-51fa-4134-b475-fabea68a7ceb"}}
{"__type":"$$EventMessageConfirm","confirm":"bf52de9a-8dac-4aae-9807-cb04087634e1","ts":"2026-04-05T11:01:15.490-04:00","source":{"id":"0","name":"eventBus"}}
{"__type":"$$EventMessageNode","id":"2c612ffd-229a-470a-906c-0aeac78a5bba","ts":"2026-04-05T11:01:15.497-04:00","eventName":"n8n.node.finished","message":"n8n.node.finished","payload":{"workflowId":"YIYJI8ZkPUi59kQQ","workflowName":"My workflow","executionId":"49","nodeType":"@n8n/n8n-nodes-langchain.memoryMongoDbChat","nodeName":"MongoDB Chat Memory","nodeId":"754b91b0-51fa-4134-b475-fabea68a7ceb"}}
{"__type":"$$EventMessageConfirm","confirm":"2c612ffd-229a-470a-906c-0aeac78a5bba","ts":"2026-04-05T11:01:15.497-04:00","source":{"id":"0","name":"eventBus"}}
{"__type":"$$EventMessageNode","id":"8b6e6892-59aa-4e31-8077-f1f41ea9a66d","ts":"2026-04-05T11:01:15.516-04:00","eventName":"n8n.node.started","message":"n8n.node.started","payload":{"workflowId":"YIYJI8ZkPUi59kQQ","workflowName":"My workflow","executionId":"49","nodeType":"@n8n/n8n-nodes-langchain.lmChatMistralCloud","nodeName":"Mistral Cloud Chat Model","nodeId":"6706a3b2-63a3-45f7-ae3e-bb739a864c95"}}
{"__type":"$$EventMessageConfirm","confirm":"8b6e6892-59aa-4e31-8077-f1f41ea9a66d","ts":"2026-04-05T11:01:15.516-04:00","source":{"id":"0","name":"eventBus"}}
{"__type":"$$EventMessageNode","id":"a06c0270-fb50-40d6-8643-f5eb1c09309a","ts":"2026-04-05T11:01:16.940-04:00","eventName":"n8n.node.finished","message":"n8n.node.finished","payload":{"workflowId":"YIYJI8ZkPUi59kQQ","workflowName":"My workflow","executionId":"49","nodeType":"@n8n/n8n-nodes-langchain.lmChatMistralCloud","nodeName":"Mistral Cloud Chat Model","nodeId":"6706a3b2-63a3-45f7-ae3e-bb739a864c95"}}
{"__type":"$$EventMessageConfirm","confirm":"a06c0270-fb50-40d6-8643-f5eb1c09309a","ts":"2026-04-05T11:01:16.940-04:00","source":{"id":"0","name":"eventBus"}}
{"__type":"$$EventMessageAiNode","id":"efbed378-3867-4b9e-b693-ceed663bf047","ts":"2026-04-05T11:01:16.941-04:00","eventName":"n8n.ai.llm.generated","message":"n8n.ai.llm.generated","payload":{"executionId":"49","nodeName":"Mistral Cloud Chat Model","workflowName":"My workflow","nodeType":"@n8n/n8n-nodes-langchain.lmChatMistralCloud","workflowId":"YIYJI8ZkPUi59kQQ","msg":"{\"messages\":[\"AI: Se ha creado el ticket INC-0000003 correctamente.\\nHuman: Eres un asistente inteligente de ServiceDesk.\\n\\nTu función es ayudar a los usuarios a resolver problemas de TI.\\n\\nDispones de una herramienta llamada crear_ticket.\\n\\nReglas:\\n\\n- Si el usuario reporta un problema, debes usar la herramienta crear_ticket.\\n- No generes JSON manualmente.\\n- No menciones que estás usando herramientas.\\n\\n- Después de usar la herramienta, debes responder al usuario incluyendo el ID del ticket generado (campo \\\"ID-ITIL\\\").\\n\\n- Ejemplo de respuesta:\\n  \\\"Se ha creado el ticket INC-0000001 correctamente.\\\"\\n\\n- Si el usuario solo conversa, responde normalmente.\\n\\nUsuario dijo:\\nHola qué tal?\\nAI: Hola, estoy bien, gracias. ¿En qué puedo ayudarte hoy?\\nHuman: Eres un asistente inteligente de ServiceDesk.\\n\\nTu función es ayudar a los usuarios a resolver problemas de TI.\\n\\nDispones de una herramienta llamada crear_ticket.\\n\\nReglas:\\n\\n- Si el usuario reporta un problema, debes usar la herramienta crear_ticket.\\n- No generes JSON manualmente.\\n- No menciones que estás usando herramientas.\\n\\n- Después de usar la herramienta, debes responder al usuario incluyendo el ID del ticket generado (campo \\\"ID-ITIL\\\").\\n\\n- Ejemplo de respuesta:\\n  \\\"Se ha creado el ticket INC-0000001 correctamente.\\\"\\n\\n- Si el usuario solo conversa, responde normalmente.\\n\\nUsuario dijo:\\nTengo un problema con mis audífonos, están como que no funcionan...\\nAI: Calling crear_ticket with input: {\\\"prioridad\\\":\\\"Media\\\",\\\"descripcion_html\\\":\\\"Tengo un problema con mis audífonos, están como que no funcionan...\\\",\\\"articulo\\\":\\\"Audífonos\\\",\\\"categoria\\\":\\\"Aplicaciones\\\",\\\"solicitante\\\":\\\"web-user\\\",\\\"subcategoria\\\":\\\"General\\\",\\\"asunto\\\":\\\"Audífonos no funcionan\\\",\\\"tipo_solicitud\\\":\\\"Incidencia\\\",\\\"id\\\":\\\"f2f3a86b-8e0e-4be4-a4bf-998621666d45\\\"}[{\\\"id\\\":\\\"f2f3a86b-8e0e-4be4-a4bf-998621666d45\\\",\\\"name\\\":\\\"crear_ticket\\\",\\\"args\\\":{\\\"prioridad\\\":\\\"Media\\\",\\\"descripcion_html\\\":\\\"Tengo un problema con mis audífonos, están como que no funcionan...\\\",\\\"articulo\\\":\\\"Audífonos\\\",\\\"categoria\\\":\\\"Aplicaciones\\\",\\\"solicitante\\\":\\\"web-user\\\",\\\"subcategoria\\\":\\\"General\\\",\\\"asunto\\\":\\\"Audífonos no funcionan\\\",\\\"tipo_solicitud\\\":\\\"Incidencia\\\",\\\"id\\\":\\\"f2f3a86b-8e0e-4be4-a4bf-998621666d45\\\"},\\\"type\\\":\\\"tool_call\\\"}]\\nTool: crear_ticket, [{\\\"_id\\\":\\\"69d196d58212b0c3c94c32bb\\\",\\\"solicitante\\\":\\\"web-user\\\",\\\"tipo_solicitud\\\":\\\"Incidencia\\\",\\\"prioridad\\\":\\\"Media\\\",\\\"estado\\\":\\\"Abierto\\\",\\\"modo\\\":\\\"Sin especificar\\\",\\\"sucursal\\\":\\\"Sin especificar\\\",\\\"categoria\\\":\\\"Aplicaciones\\\",\\\"subcategoria\\\":\\\"General\\\",\\\"articulo\\\":\\\"Audífonos\\\",\\\"asunto\\\":\\\"Audífonos no funcionan\\\",\\\"descripcion_html\\\":\\\"Tengo un problema con mis audífonos, están como que no funcionan...\\\",\\\"ID-ITIL\\\":\\\"INC-0000004\\\",\\\"resolucion\\\":null,\\\"fecha_creacion\\\":\\\"2026-04-04T22:55:17.784000\\\"}]\\nAI: Se ha creado el ticket INC-0000004 correctamente.\\nHuman: Eres un asistente inteligente de ServiceDesk.\\n\\nTu función es ayudar a los usuarios a resolver problemas de TI.\\n\\nDispones de una herramienta llamada crear_ticket.\\n\\nReglas:\\n\\n- Si el usuario reporta un problema, debes usar la herramienta crear_ticket.\\n- No generes JSON manualmente.\\n- No menciones que estás usando herramientas.\\n\\n- Después de usar la herramienta, debes responder al usuario incluyendo el ID del ticket generado (campo \\\"ID-ITIL\\\").\\n\\n- Ejemplo de respuesta:\\n  \\\"Se ha creado el ticket INC-0000001 correctamente.\\\"\\n\\n- Si el usuario solo conversa, responde normalmente.\\n\\nUsuario dijo:\\nHola\\nAI: Hola, ¿en qué puedo ayudarte?\\nHuman: Eres un asistente inteligente de ServiceDesk.\\n\\nTu función es ayudar a los usuarios a resolver problemas de TI.\\n\\nDispones de una herramienta llamada crear_ticket.\\n\\nReglas:\\n\\n- Si el usuario reporta un problema, debes usar la herramienta crear_ticket.\\n- No generes JSON manualmente.\\n- No menciones que estás usando herramientas.\\n\\n- Después de usar la herramienta, debes responder al usuario incluyendo el ID del ticket generado (campo \\\"ID-ITIL\\\").\\n\\n- Ejemplo de respuesta:\\n  \\\"Se ha creado el ticket INC-0000001 correctamente.\\\"\\n\\n- Si el usuario solo conversa, responde normalmente.\\n\\nUsuario dijo:\\nHola, qué tal? ayudame a crear un ticket, el monitor de una compañera que se sienta a mi lado no funciona, estamos en la sede de San Isidro.\"],\"options\":{\"mistral_api_key\":{\"lc\":1,\"type\":\"secret\",\"id\":[\"MISTRAL_API_KEY\"]},\"model\":\"devstral-latest\",\"http_client\":{\"options\":{},\"requestHooks\":[],\"requestErrorHooks\":[],\"responseHooks\":[]},\"metadata\":{\"versions\":{\"@langchain/core\":\"1.1.34\"}}},\"response\":{\"response\":{\"generations\":[[{\"text\":\"\",\"generationInfo\":{\"finishReason\":\"tool_calls\"}}]]},\"tokenUsage\":{\"completionTokens\":138,\"promptTokens\":1139,\"totalTokens\":1277}}}"}}
{"__type":"$$EventMessageConfirm","confirm":"efbed378-3867-4b9e-b693-ceed663bf047","ts":"2026-04-05T11:01:16.941-04:00","source":{"id":"0","name":"eventBus"}}
{"__type":"$$EventMessageNode","id":"bf0484f9-6b1b-4f0e-a2c1-418377ee8d15","ts":"2026-04-05T11:01:16.947-04:00","eventName":"n8n.node.started","message":"n8n.node.started","payload":{"workflowId":"YIYJI8ZkPUi59kQQ","workflowName":"My workflow","executionId":"49","nodeType":"n8n-nodes-base.httpRequestTool","nodeName":"crear_ticket","nodeId":"d652dc57-d83b-43ef-b214-991d6c64acd0"}}
{"__type":"$$EventMessageConfirm","confirm":"bf0484f9-6b1b-4f0e-a2c1-418377ee8d15","ts":"2026-04-05T11:01:16.947-04:00","source":{"id":"0","name":"eventBus"}}
{"__type":"$$EventMessageNode","id":"4cb93d04-fc03-4a69-a67b-a90f1f87ba19","ts":"2026-04-05T11:01:17.184-04:00","eventName":"n8n.node.finished","message":"n8n.node.finished","payload":{"workflowId":"YIYJI8ZkPUi59kQQ","workflowName":"My workflow","executionId":"49","nodeType":"n8n-nodes-base.httpRequestTool","nodeName":"crear_ticket","nodeId":"d652dc57-d83b-43ef-b214-991d6c64acd0"}}
{"__type":"$$EventMessageConfirm","confirm":"4cb93d04-fc03-4a69-a67b-a90f1f87ba19","ts":"2026-04-05T11:01:17.184-04:00","source":{"id":"0","name":"eventBus"}}
{"__type":"$$EventMessageNode","id":"9d641019-eea5-4f38-9049-784764be65d9","ts":"2026-04-05T11:01:17.214-04:00","eventName":"n8n.node.started","message":"n8n.node.started","payload":{"workflowId":"YIYJI8ZkPUi59kQQ","workflowName":"My workflow","executionId":"49","nodeType":"@n8n/n8n-nodes-langchain.memoryMongoDbChat","nodeName":"MongoDB Chat Memory","nodeId":"754b91b0-51fa-4134-b475-fabea68a7ceb"}}
{"__type":"$$EventMessageConfirm","confirm":"9d641019-eea5-4f38-9049-784764be65d9","ts":"2026-04-05T11:01:17.214-04:00","source":{"id":"0","name":"eventBus"}}
{"__type":"$$EventMessageNode","id":"77dccbb9-6d90-491d-98e3-77070f72bdcd","ts":"2026-04-05T11:01:17.220-04:00","eventName":"n8n.node.finished","message":"n8n.node.finished","payload":{"workflowId":"YIYJI8ZkPUi59kQQ","workflowName":"My workflow","executionId":"49","nodeType":"@n8n/n8n-nodes-langchain.memoryMongoDbChat","nodeName":"MongoDB Chat Memory","nodeId":"754b91b0-51fa-4134-b475-fabea68a7ceb"}}
{"__type":"$$EventMessageConfirm","confirm":"77dccbb9-6d90-491d-98e3-77070f72bdcd","ts":"2026-04-05T11:01:17.220-04:00","source":{"id":"0","name":"eventBus"}}
{"__type":"$$EventMessageNode","id":"4d3e72f5-0e00-45ab-96dc-7da226d8d899","ts":"2026-04-05T11:01:17.234-04:00","eventName":"n8n.node.started","message":"n8n.node.started","payload":{"workflowId":"YIYJI8ZkPUi59kQQ","workflowName":"My workflow","executionId":"49","nodeType":"@n8n/n8n-nodes-langchain.lmChatMistralCloud","nodeName":"Mistral Cloud Chat Model","nodeId":"6706a3b2-63a3-45f7-ae3e-bb739a864c95"}}
{"__type":"$$EventMessageConfirm","confirm":"4d3e72f5-0e00-45ab-96dc-7da226d8d899","ts":"2026-04-05T11:01:17.234-04:00","source":{"id":"0","name":"eventBus"}}
{"__type":"$$EventMessageNode","id":"ecbe1266-91a3-480a-a074-116e2e7c9ce8","ts":"2026-04-05T11:01:18.214-04:00","eventName":"n8n.node.finished","message":"n8n.node.finished","payload":{"workflowId":"YIYJI8ZkPUi59kQQ","workflowName":"My workflow","executionId":"49","nodeType":"@n8n/n8n-nodes-langchain.lmChatMistralCloud","nodeName":"Mistral Cloud Chat Model","nodeId":"6706a3b2-63a3-45f7-ae3e-bb739a864c95"}}
{"__type":"$$EventMessageConfirm","confirm":"ecbe1266-91a3-480a-a074-116e2e7c9ce8","ts":"2026-04-05T11:01:18.214-04:00","source":{"id":"0","name":"eventBus"}}
{"__type":"$$EventMessageAiNode","id":"d0c43553-4c6a-4254-918e-22f5f04b9c6d","ts":"2026-04-05T11:01:18.215-04:00","eventName":"n8n.ai.llm.generated","message":"n8n.ai.llm.generated","payload":{"executionId":"49","nodeName":"Mistral Cloud Chat Model","workflowName":"My workflow","nodeType":"@n8n/n8n-nodes-langchain.lmChatMistralCloud","workflowId":"YIYJI8ZkPUi59kQQ","msg":"{\"messages\":[\"AI: Se ha creado el ticket INC-0000003 correctamente.\\nHuman: Eres un asistente inteligente de ServiceDesk.\\n\\nTu función es ayudar a los usuarios a resolver problemas de TI.\\n\\nDispones de una herramienta llamada crear_ticket.\\n\\nReglas:\\n\\n- Si el usuario reporta un problema, debes usar la herramienta crear_ticket.\\n- No generes JSON manualmente.\\n- No menciones que estás usando herramientas.\\n\\n- Después de usar la herramienta, debes responder al usuario incluyendo el ID del ticket generado (campo \\\"ID-ITIL\\\").\\n\\n- Ejemplo de respuesta:\\n  \\\"Se ha creado el ticket INC-0000001 correctamente.\\\"\\n\\n- Si el usuario solo conversa, responde normalmente.\\n\\nUsuario dijo:\\nHola qué tal?\\nAI: Hola, estoy bien, gracias. ¿En qué puedo ayudarte hoy?\\nHuman: Eres un asistente inteligente de ServiceDesk.\\n\\nTu función es ayudar a los usuarios a resolver problemas de TI.\\n\\nDispones de una herramienta llamada crear_ticket.\\n\\nReglas:\\n\\n- Si el usuario reporta un problema, debes usar la herramienta crear_ticket.\\n- No generes JSON manualmente.\\n- No menciones que estás usando herramientas.\\n\\n- Después de usar la herramienta, debes responder al usuario incluyendo el ID del ticket generado (campo \\\"ID-ITIL\\\").\\n\\n- Ejemplo de respuesta:\\n  \\\"Se ha creado el ticket INC-0000001 correctamente.\\\"\\n\\n- Si el usuario solo conversa, responde normalmente.\\n\\nUsuario dijo:\\nTengo un problema con mis audífonos, están como que no funcionan...\\nAI: Calling crear_ticket with input: {\\\"prioridad\\\":\\\"Media\\\",\\\"descripcion_html\\\":\\\"Tengo un problema con mis audífonos, están como que no funcionan...\\\",\\\"articulo\\\":\\\"Audífonos\\\",\\\"categoria\\\":\\\"Aplicaciones\\\",\\\"solicitante\\\":\\\"web-user\\\",\\\"subcategoria\\\":\\\"General\\\",\\\"asunto\\\":\\\"Audífonos no funcionan\\\",\\\"tipo_solicitud\\\":\\\"Incidencia\\\",\\\"id\\\":\\\"f2f3a86b-8e0e-4be4-a4bf-998621666d45\\\"}[{\\\"id\\\":\\\"f2f3a86b-8e0e-4be4-a4bf-998621666d45\\\",\\\"name\\\":\\\"crear_ticket\\\",\\\"args\\\":{\\\"prioridad\\\":\\\"Media\\\",\\\"descripcion_html\\\":\\\"Tengo un problema con mis audífonos, están como que no funcionan...\\\",\\\"articulo\\\":\\\"Audífonos\\\",\\\"categoria\\\":\\\"Aplicaciones\\\",\\\"solicitante\\\":\\\"web-user\\\",\\\"subcategoria\\\":\\\"General\\\",\\\"asunto\\\":\\\"Audífonos no funcionan\\\",\\\"tipo_solicitud\\\":\\\"Incidencia\\\",\\\"id\\\":\\\"f2f3a86b-8e0e-4be4-a4bf-998621666d45\\\"},\\\"type\\\":\\\"tool_call\\\"}]\\nTool: crear_ticket, [{\\\"_id\\\":\\\"69d196d58212b0c3c94c32bb\\\",\\\"solicitante\\\":\\\"web-user\\\",\\\"tipo_solicitud\\\":\\\"Incidencia\\\",\\\"prioridad\\\":\\\"Media\\\",\\\"estado\\\":\\\"Abierto\\\",\\\"modo\\\":\\\"Sin especificar\\\",\\\"sucursal\\\":\\\"Sin especificar\\\",\\\"categoria\\\":\\\"Aplicaciones\\\",\\\"subcategoria\\\":\\\"General\\\",\\\"articulo\\\":\\\"Audífonos\\\",\\\"asunto\\\":\\\"Audífonos no funcionan\\\",\\\"descripcion_html\\\":\\\"Tengo un problema con mis audífonos, están como que no funcionan...\\\",\\\"ID-ITIL\\\":\\\"INC-0000004\\\",\\\"resolucion\\\":null,\\\"fecha_creacion\\\":\\\"2026-04-04T22:55:17.784000\\\"}]\\nAI: Se ha creado el ticket INC-0000004 correctamente.\\nHuman: Eres un asistente inteligente de ServiceDesk.\\n\\nTu función es ayudar a los usuarios a resolver problemas de TI.\\n\\nDispones de una herramienta llamada crear_ticket.\\n\\nReglas:\\n\\n- Si el usuario reporta un problema, debes usar la herramienta crear_ticket.\\n- No generes JSON manualmente.\\n- No menciones que estás usando herramientas.\\n\\n- Después de usar la herramienta, debes responder al usuario incluyendo el ID del ticket generado (campo \\\"ID-ITIL\\\").\\n\\n- Ejemplo de respuesta:\\n  \\\"Se ha creado el ticket INC-0000001 correctamente.\\\"\\n\\n- Si el usuario solo conversa, responde normalmente.\\n\\nUsuario dijo:\\nHola\\nAI: Hola, ¿en qué puedo ayudarte?\\nHuman: Eres un asistente inteligente de ServiceDesk.\\n\\nTu función es ayudar a los usuarios a resolver problemas de TI.\\n\\nDispones de una herramienta llamada crear_ticket.\\n\\nReglas:\\n\\n- Si el usuario reporta un problema, debes usar la herramienta crear_ticket.\\n- No generes JSON manualmente.\\n- No menciones que estás usando herramientas.\\n\\n- Después de usar la herramienta, debes responder al usuario incluyendo el ID del ticket generado (campo \\\"ID-ITIL\\\").\\n\\n- Ejemplo de respuesta:\\n  \\\"Se ha creado el ticket INC-0000001 correctamente.\\\"\\n\\n- Si el usuario solo conversa, responde normalmente.\\n\\nUsuario dijo:\\nHola, qué tal? ayudame a crear un ticket, el monitor de una compañera que se sienta a mi lado no funciona, estamos en la sede de San Isidro.\\nAI: Calling crear_ticket with input: {\\\"prioridad\\\":\\\"Media\\\",\\\"descripcion_html\\\":\\\"El monitor de una compañera que se sienta a mi lado no funciona, estamos en la sede de San Isidro.\\\",\\\"articulo\\\":\\\"Monitor\\\",\\\"categoria\\\":\\\"Hardware\\\",\\\"solicitante\\\":\\\"web-user\\\",\\\"subcategoria\\\":\\\"General\\\",\\\"asunto\\\":\\\"Monitor no funciona en San Isidro\\\",\\\"tipo_solicitud\\\":\\\"Incidencia\\\",\\\"id\\\":\\\"Do708ya4e\\\"}[{\\\"id\\\":\\\"Do708ya4e\\\",\\\"name\\\":\\\"crear_ticket\\\",\\\"args\\\":{\\\"prioridad\\\":\\\"Media\\\",\\\"descripcion_html\\\":\\\"El monitor de una compañera que se sienta a mi lado no funciona, estamos en la sede de San Isidro.\\\",\\\"articulo\\\":\\\"Monitor\\\",\\\"categoria\\\":\\\"Hardware\\\",\\\"solicitante\\\":\\\"web-user\\\",\\\"subcategoria\\\":\\\"General\\\",\\\"asunto\\\":\\\"Monitor no funciona en San Isidro\\\",\\\"tipo_solicitud\\\":\\\"Incidencia\\\",\\\"id\\\":\\\"Do708ya4e\\\"},\\\"type\\\":\\\"tool_call\\\"}]\\nTool: [{\\\"_id\\\":\\\"69d2793d8212b0c3c94c32bd\\\",\\\"solicitante\\\":\\\"web-user\\\",\\\"tipo_solicitud\\\":\\\"Incidencia\\\",\\\"prioridad\\\":\\\"Media\\\",\\\"estado\\\":\\\"Abierto\\\",\\\"modo\\\":\\\"Sin especificar\\\",\\\"sucursal\\\":\\\"Sin especificar\\\",\\\"categoria\\\":\\\"Hardware\\\",\\\"subcategoria\\\":\\\"General\\\",\\\"articulo\\\":\\\"Monitor\\\",\\\"asunto\\\":\\\"Monitor no funciona en San Isidro\\\",\\\"descripcion_html\\\":\\\"El monitor de una compañera que se sienta a mi lado no funciona, estamos en la sede de San Isidro.\\\",\\\"ID-ITIL\\\":\\\"INC-0000006\\\",\\\"resolucion\\\":null,\\\"fecha_creacion\\\":\\\"2026-04-05T15:01:17.122000\\\"}]\"],\"options\":{\"mistral_api_key\":{\"lc\":1,\"type\":\"secret\",\"id\":[\"MISTRAL_API_KEY\"]},\"model\":\"devstral-latest\",\"http_client\":{\"options\":{},\"requestHooks\":[],\"requestErrorHooks\":[],\"responseHooks\":[]},\"metadata\":{\"versions\":{\"@langchain/core\":\"1.1.34\"}}},\"response\":{\"response\":{\"generations\":[[{\"text\":\"Se ha creado el ticket INC-0000006 correctamente. ¿Necesitas ayuda con algo más?\",\"generationInfo\":{\"finishReason\":\"stop\"}}]]},\"tokenUsage\":{\"completionTokens\":27,\"promptTokens\":1436,\"totalTokens\":1463}}}"}}
{"__type":"$$EventMessageConfirm","confirm":"d0c43553-4c6a-4254-918e-22f5f04b9c6d","ts":"2026-04-05T11:01:18.215-04:00","source":{"id":"0","name":"eventBus"}}
{"__type":"$$EventMessageNode","id":"efba8778-9226-459e-bab9-22546a4c03a9","ts":"2026-04-05T11:01:18.343-04:00","eventName":"n8n.node.finished","message":"n8n.node.finished","payload":{"workflowId":"YIYJI8ZkPUi59kQQ","workflowName":"My workflow","executionId":"49","nodeType":"@n8n/n8n-nodes-langchain.agent","nodeName":"AI Agent","nodeId":"9a07d0c0-fee7-4cf3-bf7c-e89cbd9d96c9"}}
{"__type":"$$EventMessageConfirm","confirm":"efba8778-9226-459e-bab9-22546a4c03a9","ts":"2026-04-05T11:01:18.344-04:00","source":{"id":"0","name":"eventBus"}}
{"__type":"$$EventMessageNode","id":"45611ed1-dd16-4c90-a948-502ba02ffbdb","ts":"2026-04-05T11:01:18.344-04:00","eventName":"n8n.node.started","message":"n8n.node.started","payload":{"workflowId":"YIYJI8ZkPUi59kQQ","workflowName":"My workflow","executionId":"49","nodeType":"n8n-nodes-base.respondToWebhook","nodeName":"Respond to Webhook","nodeId":"4299c8c6-af2f-4b17-be27-4cb1faf7742f"}}
{"__type":"$$EventMessageConfirm","confirm":"45611ed1-dd16-4c90-a948-502ba02ffbdb","ts":"2026-04-05T11:01:18.344-04:00","source":{"id":"0","name":"eventBus"}}
{"__type":"$$EventMessageNode","id":"d4bd9390-f521-4630-8ce7-fe73971842fc","ts":"2026-04-05T11:01:18.349-04:00","eventName":"n8n.node.finished","message":"n8n.node.finished","payload":{"workflowId":"YIYJI8ZkPUi59kQQ","workflowName":"My workflow","executionId":"49","nodeType":"n8n-nodes-base.respondToWebhook","nodeName":"Respond to Webhook","nodeId":"4299c8c6-af2f-4b17-be27-4cb1faf7742f"}}
{"__type":"$$EventMessageConfirm","confirm":"d4bd9390-f521-4630-8ce7-fe73971842fc","ts":"2026-04-05T11:01:18.349-04:00","source":{"id":"0","name":"eventBus"}}
{"__type":"$$EventMessageWorkflow","id":"32637d5b-9cab-4c50-bd84-f2f48ad9f9cc","ts":"2026-04-05T11:01:18.350-04:00","eventName":"n8n.workflow.success","message":"n8n.workflow.success","payload":{"executionId":"49","success":true,"isManual":false,"mode":"webhook","workflowId":"YIYJI8ZkPUi59kQQ","workflowName":"My workflow"}}
{"__type":"$$EventMessageConfirm","confirm":"32637d5b-9cab-4c50-bd84-f2f48ad9f9cc","ts":"2026-04-05T11:01:18.350-04:00","source":{"id":"0","name":"eventBus"}}
{"__type":"$$EventMessageAudit","id":"38569062-076a-4a3c-99fe-6ebebc8ec006","ts":"2026-04-05T11:04:12.287-04:00","eventName":"n8n.audit.workflow.updated","message":"n8n.audit.workflow.updated","payload":{"userId":"5dbe17fd-2bf6-4d1e-ad71-13ee612d9454","_email":"joao.basa.18@gmail.com","_firstName":"Joao","_lastName":"Basanta","globalRole":"global:owner","workflowId":"YIYJI8ZkPUi59kQQ","workflowName":"My workflow"}}
{"__type":"$$EventMessageConfirm","confirm":"38569062-076a-4a3c-99fe-6ebebc8ec006","ts":"2026-04-05T11:04:12.287-04:00","source":{"id":"0","name":"eventBus"}}
{"__type":"$$EventMessageAudit","id":"f2ddd713-68f7-4d87-b037-e4d2336e1650","ts":"2026-04-05T11:04:31.703-04:00","eventName":"n8n.audit.workflow.updated","message":"n8n.audit.workflow.updated","payload":{"userId":"5dbe17fd-2bf6-4d1e-ad71-13ee612d9454","_email":"joao.basa.18@gmail.com","_firstName":"Joao","_lastName":"Basanta","globalRole":"global:owner","workflowId":"YIYJI8ZkPUi59kQQ","workflowName":"My workflow"}}
{"__type":"$$EventMessageConfirm","confirm":"f2ddd713-68f7-4d87-b037-e4d2336e1650","ts":"2026-04-05T11:04:31.703-04:00","source":{"id":"0","name":"eventBus"}}
{"__type":"$$EventMessageAudit","id":"7026a5ff-6fa2-4555-886e-8f03ad560f2d","ts":"2026-04-05T11:04:36.298-04:00","eventName":"n8n.audit.workflow.updated","message":"n8n.audit.workflow.updated","payload":{"userId":"5dbe17fd-2bf6-4d1e-ad71-13ee612d9454","_email":"joao.basa.18@gmail.com","_firstName":"Joao","_lastName":"Basanta","globalRole":"global:owner","workflowId":"YIYJI8ZkPUi59kQQ","workflowName":"My workflow"}}
{"__type":"$$EventMessageConfirm","confirm":"7026a5ff-6fa2-4555-886e-8f03ad560f2d","ts":"2026-04-05T11:04:36.298-04:00","source":{"id":"0","name":"eventBus"}}
{"__type":"$$EventMessageAudit","id":"774561a6-184c-4fa8-b35a-fa2dd60a45ff","ts":"2026-04-05T11:04:41.988-04:00","eventName":"n8n.audit.workflow.updated","message":"n8n.audit.workflow.updated","payload":{"userId":"5dbe17fd-2bf6-4d1e-ad71-13ee612d9454","_email":"joao.basa.18@gmail.com","_firstName":"Joao","_lastName":"Basanta","globalRole":"global:owner","workflowId":"YIYJI8ZkPUi59kQQ","workflowName":"My workflow"}}
{"__type":"$$EventMessageConfirm","confirm":"774561a6-184c-4fa8-b35a-fa2dd60a45ff","ts":"2026-04-05T11:04:41.989-04:00","source":{"id":"0","name":"eventBus"}}
{"__type":"$$EventMessageAudit","id":"ed84e398-bb22-45a3-9238-59588d848f5b","ts":"2026-04-05T11:04:48.619-04:00","eventName":"n8n.audit.workflow.updated","message":"n8n.audit.workflow.updated","payload":{"userId":"5dbe17fd-2bf6-4d1e-ad71-13ee612d9454","_email":"joao.basa.18@gmail.com","_firstName":"Joao","_lastName":"Basanta","globalRole":"global:owner","workflowId":"YIYJI8ZkPUi59kQQ","workflowName":"My workflow"}}
{"__type":"$$EventMessageConfirm","confirm":"ed84e398-bb22-45a3-9238-59588d848f5b","ts":"2026-04-05T11:04:48.620-04:00","source":{"id":"0","name":"eventBus"}}
{"__type":"$$EventMessageAudit","id":"520a47a0-c993-433d-b87c-c06ddbfe546b","ts":"2026-04-05T11:04:50.293-04:00","eventName":"n8n.audit.workflow.updated","message":"n8n.audit.workflow.updated","payload":{"userId":"5dbe17fd-2bf6-4d1e-ad71-13ee612d9454","_email":"joao.basa.18@gmail.com","_firstName":"Joao","_lastName":"Basanta","globalRole":"global:owner","workflowId":"YIYJI8ZkPUi59kQQ","workflowName":"My workflow"}}
{"__type":"$$EventMessageConfirm","confirm":"520a47a0-c993-433d-b87c-c06ddbfe546b","ts":"2026-04-05T11:04:50.294-04:00","source":{"id":"0","name":"eventBus"}}
{"__type":"$$EventMessageAudit","id":"88951ee0-3d84-4daf-8b9d-24fdc0266f53","ts":"2026-04-05T11:19:17.761-04:00","eventName":"n8n.audit.workflow.deactivated","message":"n8n.audit.workflow.deactivated","payload":{"userId":"5dbe17fd-2bf6-4d1e-ad71-13ee612d9454","_email":"joao.basa.18@gmail.com","_firstName":"Joao","_lastName":"Basanta","globalRole":"global:owner","workflowId":"YIYJI8ZkPUi59kQQ","workflowName":"My workflow","deactivatedVersionId":"4a553dc6-c658-44c2-b7ce-e9a518824bcb"}}
{"__type":"$$EventMessageConfirm","confirm":"88951ee0-3d84-4daf-8b9d-24fdc0266f53","ts":"2026-04-05T11:19:17.761-04:00","source":{"id":"0","name":"eventBus"}}
{"__type":"$$EventMessageAudit","id":"0def2e67-30d1-40d2-8490-d8d0d81960f1","ts":"2026-04-05T11:19:17.833-04:00","eventName":"n8n.audit.workflow.activated","message":"n8n.audit.workflow.activated","payload":{"userId":"5dbe17fd-2bf6-4d1e-ad71-13ee612d9454","_email":"joao.basa.18@gmail.com","_firstName":"Joao","_lastName":"Basanta","globalRole":"global:owner","workflowId":"YIYJI8ZkPUi59kQQ","workflowName":"My workflow","activeVersionId":"a9e8f319-8a36-4ac6-bd4e-1df92e7a3a97"}}
{"__type":"$$EventMessageConfirm","confirm":"0def2e67-30d1-40d2-8490-d8d0d81960f1","ts":"2026-04-05T11:19:17.833-04:00","source":{"id":"0","name":"eventBus"}}
{"__type":"$$EventMessageAudit","id":"28c8c694-8d1d-4aca-abd6-7adf29778b93","ts":"2026-04-05T12:50:24.982-04:00","eventName":"n8n.audit.workflow.updated","message":"n8n.audit.workflow.updated","payload":{"userId":"5dbe17fd-2bf6-4d1e-ad71-13ee612d9454","_email":"joao.basa.18@gmail.com","_firstName":"Joao","_lastName":"Basanta","globalRole":"global:owner","workflowId":"YIYJI8ZkPUi59kQQ","workflowName":"My workflow"}}
{"__type":"$$EventMessageConfirm","confirm":"28c8c694-8d1d-4aca-abd6-7adf29778b93","ts":"2026-04-05T12:50:24.983-04:00","source":{"id":"0","name":"eventBus"}}
{"__type":"$$EventMessageAudit","id":"ec9fff99-939b-4ddd-b3a4-ee8d86fb3f6d","ts":"2026-04-05T12:50:34.268-04:00","eventName":"n8n.audit.workflow.updated","message":"n8n.audit.workflow.updated","payload":{"userId":"5dbe17fd-2bf6-4d1e-ad71-13ee612d9454","_email":"joao.basa.18@gmail.com","_firstName":"Joao","_lastName":"Basanta","globalRole":"global:owner","workflowId":"YIYJI8ZkPUi59kQQ","workflowName":"My workflow"}}
{"__type":"$$EventMessageConfirm","confirm":"ec9fff99-939b-4ddd-b3a4-ee8d86fb3f6d","ts":"2026-04-05T12:50:34.269-04:00","source":{"id":"0","name":"eventBus"}}
{"__type":"$$EventMessageAudit","id":"7621e068-fc98-4c30-9db4-32edd3949710","ts":"2026-04-05T12:50:56.674-04:00","eventName":"n8n.audit.workflow.deactivated","message":"n8n.audit.workflow.deactivated","payload":{"userId":"5dbe17fd-2bf6-4d1e-ad71-13ee612d9454","_email":"joao.basa.18@gmail.com","_firstName":"Joao","_lastName":"Basanta","globalRole":"global:owner","workflowId":"YIYJI8ZkPUi59kQQ","workflowName":"My workflow","deactivatedVersionId":"a9e8f319-8a36-4ac6-bd4e-1df92e7a3a97"}}
{"__type":"$$EventMessageConfirm","confirm":"7621e068-fc98-4c30-9db4-32edd3949710","ts":"2026-04-05T12:50:56.675-04:00","source":{"id":"0","name":"eventBus"}}
{"__type":"$$EventMessageAudit","id":"9904964e-4b28-4fea-83b2-9769c0013629","ts":"2026-04-05T12:50:56.743-04:00","eventName":"n8n.audit.workflow.activated","message":"n8n.audit.workflow.activated","payload":{"userId":"5dbe17fd-2bf6-4d1e-ad71-13ee612d9454","_email":"joao.basa.18@gmail.com","_firstName":"Joao","_lastName":"Basanta","globalRole":"global:owner","workflowId":"YIYJI8ZkPUi59kQQ","workflowName":"My workflow","activeVersionId":"187f17b0-4546-43ba-99e7-c58f8dfec098"}}
{"__type":"$$EventMessageConfirm","confirm":"9904964e-4b28-4fea-83b2-9769c0013629","ts":"2026-04-05T12:50:56.744-04:00","source":{"id":"0","name":"eventBus"}}
{"__type":"$$EventMessageWorkflow","id":"5a8a5a75-3c49-4211-9cbb-5b406c7319dd","ts":"2026-04-05T12:52:26.328-04:00","eventName":"n8n.workflow.started","message":"n8n.workflow.started","payload":{"executionId":"50","workflowId":"YIYJI8ZkPUi59kQQ","isManual":false,"mode":"webhook","workflowName":"My workflow"}}
{"__type":"$$EventMessageConfirm","confirm":"5a8a5a75-3c49-4211-9cbb-5b406c7319dd","ts":"2026-04-05T12:52:26.328-04:00","source":{"id":"0","name":"eventBus"}}
{"__type":"$$EventMessageAudit","id":"a1cdf1d6-9c7d-43a0-bf54-a50e1b8a6c55","ts":"2026-04-05T12:52:26.329-04:00","eventName":"n8n.audit.workflow.executed","message":"n8n.audit.workflow.executed","payload":{"workflowId":"YIYJI8ZkPUi59kQQ","workflowName":"My workflow","executionId":"50","source":"webhook"}}
{"__type":"$$EventMessageConfirm","confirm":"a1cdf1d6-9c7d-43a0-bf54-a50e1b8a6c55","ts":"2026-04-05T12:52:26.329-04:00","source":{"id":"0","name":"eventBus"}}
{"__type":"$$EventMessageNode","id":"6f8f963f-12f6-41da-9b06-356f002fdd22","ts":"2026-04-05T12:52:26.329-04:00","eventName":"n8n.node.started","message":"n8n.node.started","payload":{"workflowId":"YIYJI8ZkPUi59kQQ","workflowName":"My workflow","executionId":"50","nodeType":"n8n-nodes-base.webhook","nodeName":"Webhook","nodeId":"209ba0bd-158f-46b3-92d3-3e67fbfaeb46"}}
{"__type":"$$EventMessageConfirm","confirm":"6f8f963f-12f6-41da-9b06-356f002fdd22","ts":"2026-04-05T12:52:26.329-04:00","source":{"id":"0","name":"eventBus"}}
{"__type":"$$EventMessageNode","id":"537afe14-c396-4e8f-89ca-1a9d2632ba8c","ts":"2026-04-05T12:52:26.331-04:00","eventName":"n8n.node.finished","message":"n8n.node.finished","payload":{"workflowId":"YIYJI8ZkPUi59kQQ","workflowName":"My workflow","executionId":"50","nodeType":"n8n-nodes-base.webhook","nodeName":"Webhook","nodeId":"209ba0bd-158f-46b3-92d3-3e67fbfaeb46"}}
{"__type":"$$EventMessageConfirm","confirm":"537afe14-c396-4e8f-89ca-1a9d2632ba8c","ts":"2026-04-05T12:52:26.331-04:00","source":{"id":"0","name":"eventBus"}}
{"__type":"$$EventMessageNode","id":"f286ecbd-0a92-46f4-9f5d-c097cf75b944","ts":"2026-04-05T12:52:26.331-04:00","eventName":"n8n.node.started","message":"n8n.node.started","payload":{"workflowId":"YIYJI8ZkPUi59kQQ","workflowName":"My workflow","executionId":"50","nodeType":"@n8n/n8n-nodes-langchain.agent","nodeName":"AI Agent","nodeId":"9a07d0c0-fee7-4cf3-bf7c-e89cbd9d96c9"}}
{"__type":"$$EventMessageConfirm","confirm":"f286ecbd-0a92-46f4-9f5d-c097cf75b944","ts":"2026-04-05T12:52:26.331-04:00","source":{"id":"0","name":"eventBus"}}
{"__type":"$$EventMessageNode","id":"23d3ed20-0700-445c-9fa6-19f22f27f9ac","ts":"2026-04-05T12:52:26.477-04:00","eventName":"n8n.node.started","message":"n8n.node.started","payload":{"workflowId":"YIYJI8ZkPUi59kQQ","workflowName":"My workflow","executionId":"50","nodeType":"@n8n/n8n-nodes-langchain.memoryMongoDbChat","nodeName":"MongoDB Chat Memory","nodeId":"754b91b0-51fa-4134-b475-fabea68a7ceb"}}
{"__type":"$$EventMessageConfirm","confirm":"23d3ed20-0700-445c-9fa6-19f22f27f9ac","ts":"2026-04-05T12:52:26.477-04:00","source":{"id":"0","name":"eventBus"}}
{"__type":"$$EventMessageNode","id":"ac4803c5-490f-484a-b6db-4afab6b3e9f2","ts":"2026-04-05T12:52:26.512-04:00","eventName":"n8n.node.finished","message":"n8n.node.finished","payload":{"workflowId":"YIYJI8ZkPUi59kQQ","workflowName":"My workflow","executionId":"50","nodeType":"@n8n/n8n-nodes-langchain.memoryMongoDbChat","nodeName":"MongoDB Chat Memory","nodeId":"754b91b0-51fa-4134-b475-fabea68a7ceb"}}
{"__type":"$$EventMessageConfirm","confirm":"ac4803c5-490f-484a-b6db-4afab6b3e9f2","ts":"2026-04-05T12:52:26.512-04:00","source":{"id":"0","name":"eventBus"}}
{"__type":"$$EventMessageNode","id":"5f6056e7-5ccc-42a3-a5a9-1062058540a8","ts":"2026-04-05T12:52:26.561-04:00","eventName":"n8n.node.started","message":"n8n.node.started","payload":{"workflowId":"YIYJI8ZkPUi59kQQ","workflowName":"My workflow","executionId":"50","nodeType":"@n8n/n8n-nodes-langchain.lmChatMistralCloud","nodeName":"Mistral Cloud Chat Model","nodeId":"6706a3b2-63a3-45f7-ae3e-bb739a864c95"}}
{"__type":"$$EventMessageConfirm","confirm":"5f6056e7-5ccc-42a3-a5a9-1062058540a8","ts":"2026-04-05T12:52:26.562-04:00","source":{"id":"0","name":"eventBus"}}
{"__type":"$$EventMessageNode","id":"8ecee54d-39b6-4409-b17e-b39a3e8e7b5b","ts":"2026-04-05T12:52:29.522-04:00","eventName":"n8n.node.finished","message":"n8n.node.finished","payload":{"workflowId":"YIYJI8ZkPUi59kQQ","workflowName":"My workflow","executionId":"50","nodeType":"@n8n/n8n-nodes-langchain.lmChatMistralCloud","nodeName":"Mistral Cloud Chat Model","nodeId":"6706a3b2-63a3-45f7-ae3e-bb739a864c95"}}
{"__type":"$$EventMessageConfirm","confirm":"8ecee54d-39b6-4409-b17e-b39a3e8e7b5b","ts":"2026-04-05T12:52:29.523-04:00","source":{"id":"0","name":"eventBus"}}
{"__type":"$$EventMessageAiNode","id":"fe588742-07aa-4f6d-82bf-e38dd38958a3","ts":"2026-04-05T12:52:29.523-04:00","eventName":"n8n.ai.llm.generated","message":"n8n.ai.llm.generated","payload":{"executionId":"50","nodeName":"Mistral Cloud Chat Model","workflowName":"My workflow","nodeType":"@n8n/n8n-nodes-langchain.lmChatMistralCloud","workflowId":"YIYJI8ZkPUi59kQQ","msg":"{\"messages\":[\"Human: Eres un asistente inteligente de ServiceDesk.\\n\\nTu función es ayudar a los usuarios a resolver problemas de TI.\\n\\nDispones de una herramienta llamada crear_ticket.\\n\\nReglas:\\n\\n- Si el usuario reporta un problema, debes usar la herramienta crear_ticket.\\n- No generes JSON manualmente.\\n- No menciones que estás usando herramientas.\\n\\n- Después de usar la herramienta, debes responder al usuario incluyendo el ID del ticket generado (campo \\\"ID-ITIL\\\").\\n\\n- Ejemplo de respuesta:\\n  \\\"Se ha creado el ticket INC-0000001 correctamente.\\\"\\n\\n- Si el usuario solo conversa, responde normalmente.\\n\\nUsuario dijo:\\nTengo un problema con mis audífonos, están como que no funcionan...\\nAI: Calling crear_ticket with input: {\\\"prioridad\\\":\\\"Media\\\",\\\"descripcion_html\\\":\\\"Tengo un problema con mis audífonos, están como que no funcionan...\\\",\\\"articulo\\\":\\\"Audífonos\\\",\\\"categoria\\\":\\\"Aplicaciones\\\",\\\"solicitante\\\":\\\"web-user\\\",\\\"subcategoria\\\":\\\"General\\\",\\\"asunto\\\":\\\"Audífonos no funcionan\\\",\\\"tipo_solicitud\\\":\\\"Incidencia\\\",\\\"id\\\":\\\"f2f3a86b-8e0e-4be4-a4bf-998621666d45\\\"}[{\\\"id\\\":\\\"f2f3a86b-8e0e-4be4-a4bf-998621666d45\\\",\\\"name\\\":\\\"crear_ticket\\\",\\\"args\\\":{\\\"prioridad\\\":\\\"Media\\\",\\\"descripcion_html\\\":\\\"Tengo un problema con mis audífonos, están como que no funcionan...\\\",\\\"articulo\\\":\\\"Audífonos\\\",\\\"categoria\\\":\\\"Aplicaciones\\\",\\\"solicitante\\\":\\\"web-user\\\",\\\"subcategoria\\\":\\\"General\\\",\\\"asunto\\\":\\\"Audífonos no funcionan\\\",\\\"tipo_solicitud\\\":\\\"Incidencia\\\",\\\"id\\\":\\\"f2f3a86b-8e0e-4be4-a4bf-998621666d45\\\"},\\\"type\\\":\\\"tool_call\\\"}]\\nTool: crear_ticket, [{\\\"_id\\\":\\\"69d196d58212b0c3c94c32bb\\\",\\\"solicitante\\\":\\\"web-user\\\",\\\"tipo_solicitud\\\":\\\"Incidencia\\\",\\\"prioridad\\\":\\\"Media\\\",\\\"estado\\\":\\\"Abierto\\\",\\\"modo\\\":\\\"Sin especificar\\\",\\\"sucursal\\\":\\\"Sin especificar\\\",\\\"categoria\\\":\\\"Aplicaciones\\\",\\\"subcategoria\\\":\\\"General\\\",\\\"articulo\\\":\\\"Audífonos\\\",\\\"asunto\\\":\\\"Audífonos no funcionan\\\",\\\"descripcion_html\\\":\\\"Tengo un problema con mis audífonos, están como que no funcionan...\\\",\\\"ID-ITIL\\\":\\\"INC-0000004\\\",\\\"resolucion\\\":null,\\\"fecha_creacion\\\":\\\"2026-04-04T22:55:17.784000\\\"}]\\nAI: Se ha creado el ticket INC-0000004 correctamente.\\nHuman: Eres un asistente inteligente de ServiceDesk.\\n\\nTu función es ayudar a los usuarios a resolver problemas de TI.\\n\\nDispones de una herramienta llamada crear_ticket.\\n\\nReglas:\\n\\n- Si el usuario reporta un problema, debes usar la herramienta crear_ticket.\\n- No generes JSON manualmente.\\n- No menciones que estás usando herramientas.\\n\\n- Después de usar la herramienta, debes responder al usuario incluyendo el ID del ticket generado (campo \\\"ID-ITIL\\\").\\n\\n- Ejemplo de respuesta:\\n  \\\"Se ha creado el ticket INC-0000001 correctamente.\\\"\\n\\n- Si el usuario solo conversa, responde normalmente.\\n\\nUsuario dijo:\\nHola\\nAI: Hola, ¿en qué puedo ayudarte?\\nHuman: Eres un asistente inteligente de ServiceDesk.\\n\\nTu función es ayudar a los usuarios a resolver problemas de TI.\\n\\nDispones de una herramienta llamada crear_ticket.\\n\\nReglas:\\n\\n- Si el usuario reporta un problema, debes usar la herramienta crear_ticket.\\n- No generes JSON manualmente.\\n- No menciones que estás usando herramientas.\\n\\n- Después de usar la herramienta, debes responder al usuario incluyendo el ID del ticket generado (campo \\\"ID-ITIL\\\").\\n\\n- Ejemplo de respuesta:\\n  \\\"Se ha creado el ticket INC-0000001 correctamente.\\\"\\n\\n- Si el usuario solo conversa, responde normalmente.\\n\\nUsuario dijo:\\nHola, qué tal? ayudame a crear un ticket, el monitor de una compañera que se sienta a mi lado no funciona, estamos en la sede de San Isidro.\\nAI: Calling crear_ticket with input: {\\\"prioridad\\\":\\\"Media\\\",\\\"descripcion_html\\\":\\\"El monitor de una compañera que se sienta a mi lado no funciona, estamos en la sede de San Isidro.\\\",\\\"articulo\\\":\\\"Monitor\\\",\\\"categoria\\\":\\\"Hardware\\\",\\\"solicitante\\\":\\\"web-user\\\",\\\"subcategoria\\\":\\\"General\\\",\\\"asunto\\\":\\\"Monitor no funciona en San Isidro\\\",\\\"tipo_solicitud\\\":\\\"Incidencia\\\",\\\"id\\\":\\\"Do708ya4e\\\"}[{\\\"id\\\":\\\"Do708ya4e\\\",\\\"name\\\":\\\"crear_ticket\\\",\\\"args\\\":{\\\"prioridad\\\":\\\"Media\\\",\\\"descripcion_html\\\":\\\"El monitor de una compañera que se sienta a mi lado no funciona, estamos en la sede de San Isidro.\\\",\\\"articulo\\\":\\\"Monitor\\\",\\\"categoria\\\":\\\"Hardware\\\",\\\"solicitante\\\":\\\"web-user\\\",\\\"subcategoria\\\":\\\"General\\\",\\\"asunto\\\":\\\"Monitor no funciona en San Isidro\\\",\\\"tipo_solicitud\\\":\\\"Incidencia\\\",\\\"id\\\":\\\"Do708ya4e\\\"},\\\"type\\\":\\\"tool_call\\\"}]\\nTool: crear_ticket, [{\\\"_id\\\":\\\"69d2793d8212b0c3c94c32bd\\\",\\\"solicitante\\\":\\\"web-user\\\",\\\"tipo_solicitud\\\":\\\"Incidencia\\\",\\\"prioridad\\\":\\\"Media\\\",\\\"estado\\\":\\\"Abierto\\\",\\\"modo\\\":\\\"Sin especificar\\\",\\\"sucursal\\\":\\\"Sin especificar\\\",\\\"categoria\\\":\\\"Hardware\\\",\\\"subcategoria\\\":\\\"General\\\",\\\"articulo\\\":\\\"Monitor\\\",\\\"asunto\\\":\\\"Monitor no funciona en San Isidro\\\",\\\"descripcion_html\\\":\\\"El monitor de una compañera que se sienta a mi lado no funciona, estamos en la sede de San Isidro.\\\",\\\"ID-ITIL\\\":\\\"INC-0000006\\\",\\\"resolucion\\\":null,\\\"fecha_creacion\\\":\\\"2026-04-05T15:01:17.122000\\\"}]\\nAI: Se ha creado el ticket INC-0000006 correctamente. ¿Necesitas ayuda con algo más?\\nHuman: Eres un asistente inteligente de ServiceDesk.\\n\\nTu función es ayudar a los usuarios a resolver problemas de TI.\\n\\nDispones de una herramienta llamada crear_ticket.\\n\\nReglas:\\n\\n- Si el usuario reporta un problema, debes usar la herramienta crear_ticket.\\n- Nunca generes JSON manualmente.\\n- No menciones que estás usando herramientas.\\n- Antes de usar crear_ticket, asegúrate de tener toda la información completa:\\n\\n  1. solicitante → se llena automáticamente con \\\"usuario de ia\\\".\\n  2. tipo_solicitud → solo \\\"Requerimiento\\\" o \\\"Incidente\\\". Si no está claro, pregúntalo al usuario.\\n  3. prioridad → \\\"Alta\\\", \\\"Normal\\\" o \\\"Baja\\\". Pregunta si no está claro.\\n  4. estado → por defecto \\\"Abierto\\\". Si el ticket ya tiene responsable, usa \\\"Asignado\\\". Si falta información, usa \\\"En espera\\\".\\n  5. modo → \\\"Chat\\\", \\\"Email\\\", \\\"Mobile App\\\", \\\"Phone Call\\\" o \\\"Web Form\\\". Pregunta si no está claro.\\n  6. sucursal → 9 posibilidades. Para ahora, usa \\\"Sucursal 1\\\" si no se indica.\\n  7. categoria / subcategoria / articulo → usar cualquier valor de relleno por ahora (\\\"Categoria X\\\", \\\"Subcategoria Y\\\", \\\"Articulo Z\\\").\\n  8. asunto → preguntar al usuario si no está claro.\\n  9. descripcion_html → genera un diseño bonito con estilo HTML. Ejemplo:\\n     <div style=\\\"font-family:Arial,sans-serif;color:#333;\\\">\\n       <p><strong>Reporte del usuario:</strong> El usuario reporta que </p>\\n     </div>\\n     donde  es lo que el usuario escribió.\\n\\n- Nunca envíes el ticket si falta algún dato obligatorio; primero pregunta al usuario lo que falta.\\n- Después de usar la herramienta, responde al usuario indicando el ID del ticket generado (campo \\\"ID-ITIL\\\").\\n- Si el usuario solo conversa, responde normalmente.\\n\\nUsuario dijo:\\nHola qué tal? ayudame con un tema de mi monitor\"],\"options\":{\"mistral_api_key\":{\"lc\":1,\"type\":\"secret\",\"id\":[\"MISTRAL_API_KEY\"]},\"model\":\"devstral-latest\",\"http_client\":{\"options\":{},\"requestHooks\":[],\"requestErrorHooks\":[],\"responseHooks\":[]},\"metadata\":{\"versions\":{\"@langchain/core\":\"1.1.34\"}}},\"response\":{\"response\":{\"generations\":[[{\"text\":\"¡Hola! Claro, puedo ayudarte. Para crear un ticket sobre el problema con tu monitor, necesito algunos detalles:\\n\\n1. **Tipo de solicitud**: ¿Es un incidente (algo que no funciona) o un requerimiento (algo que necesitas)?\\n2. **Prioridad**: ¿Consideras que es de prioridad alta, normal o baja?\\n3. **Modo de contacto**: ¿Cómo prefieres que te contactemos? (Chat, Email, Mobile App, Phone Call o Web Form).\\n4. **Asunto**: ¿Podrías resumir en una frase el problema? Por ejemplo: \\\"Monitor no enciende\\\" o \\\"Problema con la pantalla del monitor\\\".\\n\\nCon esta información, podré crear el ticket correctamente.\",\"generationInfo\":{\"finishReason\":\"stop\"}}]]},\"tokenUsage\":{\"completionTokens\":159,\"promptTokens\":1750,\"totalTokens\":1909}}}"}}
{"__type":"$$EventMessageConfirm","confirm":"fe588742-07aa-4f6d-82bf-e38dd38958a3","ts":"2026-04-05T12:52:29.524-04:00","source":{"id":"0","name":"eventBus"}}
{"__type":"$$EventMessageNode","id":"71a930f4-aaa2-43c2-8380-227989287674","ts":"2026-04-05T12:52:29.526-04:00","eventName":"n8n.node.started","message":"n8n.node.started","payload":{"workflowId":"YIYJI8ZkPUi59kQQ","workflowName":"My workflow","executionId":"50","nodeType":"@n8n/n8n-nodes-langchain.memoryMongoDbChat","nodeName":"MongoDB Chat Memory","nodeId":"754b91b0-51fa-4134-b475-fabea68a7ceb"}}
{"__type":"$$EventMessageConfirm","confirm":"71a930f4-aaa2-43c2-8380-227989287674","ts":"2026-04-05T12:52:29.526-04:00","source":{"id":"0","name":"eventBus"}}
{"__type":"$$EventMessageNode","id":"2d32180b-c0d5-457d-99d0-9e88ac1c74d0","ts":"2026-04-05T12:52:29.567-04:00","eventName":"n8n.node.finished","message":"n8n.node.finished","payload":{"workflowId":"YIYJI8ZkPUi59kQQ","workflowName":"My workflow","executionId":"50","nodeType":"@n8n/n8n-nodes-langchain.memoryMongoDbChat","nodeName":"MongoDB Chat Memory","nodeId":"754b91b0-51fa-4134-b475-fabea68a7ceb"}}
{"__type":"$$EventMessageConfirm","confirm":"2d32180b-c0d5-457d-99d0-9e88ac1c74d0","ts":"2026-04-05T12:52:29.567-04:00","source":{"id":"0","name":"eventBus"}}
{"__type":"$$EventMessageNode","id":"bc6a93dc-1571-4bb4-a390-d7670c396d51","ts":"2026-04-05T12:52:29.574-04:00","eventName":"n8n.node.finished","message":"n8n.node.finished","payload":{"workflowId":"YIYJI8ZkPUi59kQQ","workflowName":"My workflow","executionId":"50","nodeType":"@n8n/n8n-nodes-langchain.agent","nodeName":"AI Agent","nodeId":"9a07d0c0-fee7-4cf3-bf7c-e89cbd9d96c9"}}
{"__type":"$$EventMessageConfirm","confirm":"bc6a93dc-1571-4bb4-a390-d7670c396d51","ts":"2026-04-05T12:52:29.574-04:00","source":{"id":"0","name":"eventBus"}}
{"__type":"$$EventMessageNode","id":"f60f6893-05e2-48b2-85bb-dca87a5e92b1","ts":"2026-04-05T12:52:29.574-04:00","eventName":"n8n.node.started","message":"n8n.node.started","payload":{"workflowId":"YIYJI8ZkPUi59kQQ","workflowName":"My workflow","executionId":"50","nodeType":"n8n-nodes-base.respondToWebhook","nodeName":"Respond to Webhook","nodeId":"4299c8c6-af2f-4b17-be27-4cb1faf7742f"}}
{"__type":"$$EventMessageConfirm","confirm":"f60f6893-05e2-48b2-85bb-dca87a5e92b1","ts":"2026-04-05T12:52:29.574-04:00","source":{"id":"0","name":"eventBus"}}
{"__type":"$$EventMessageNode","id":"9563ee98-df67-437b-80a9-198ca4612abf","ts":"2026-04-05T12:52:29.579-04:00","eventName":"n8n.node.finished","message":"n8n.node.finished","payload":{"workflowId":"YIYJI8ZkPUi59kQQ","workflowName":"My workflow","executionId":"50","nodeType":"n8n-nodes-base.respondToWebhook","nodeName":"Respond to Webhook","nodeId":"4299c8c6-af2f-4b17-be27-4cb1faf7742f"}}
{"__type":"$$EventMessageConfirm","confirm":"9563ee98-df67-437b-80a9-198ca4612abf","ts":"2026-04-05T12:52:29.579-04:00","source":{"id":"0","name":"eventBus"}}
{"__type":"$$EventMessageWorkflow","id":"fd3ff9a0-73f9-4017-b30a-fc02185cb6fd","ts":"2026-04-05T12:52:29.580-04:00","eventName":"n8n.workflow.failed","message":"n8n.workflow.failed","payload":{"executionId":"50","success":false,"isManual":false,"mode":"webhook","workflowId":"YIYJI8ZkPUi59kQQ","workflowName":"My workflow","lastNodeExecuted":"Respond to Webhook","errorNodeType":"n8n-nodes-base.respondToWebhook","errorMessage":"Invalid JSON in 'Response Body' field"}}
{"__type":"$$EventMessageConfirm","confirm":"fd3ff9a0-73f9-4017-b30a-fc02185cb6fd","ts":"2026-04-05T12:52:29.580-04:00","source":{"id":"0","name":"eventBus"}}
{"__type":"$$EventMessageAudit","id":"189cfbc3-a6bc-4b3d-8893-1827bc9859aa","ts":"2026-04-05T12:53:03.394-04:00","eventName":"n8n.audit.workflow.updated","message":"n8n.audit.workflow.updated","payload":{"userId":"5dbe17fd-2bf6-4d1e-ad71-13ee612d9454","_email":"joao.basa.18@gmail.com","_firstName":"Joao","_lastName":"Basanta","globalRole":"global:owner","workflowId":"YIYJI8ZkPUi59kQQ","workflowName":"My workflow"}}
{"__type":"$$EventMessageConfirm","confirm":"189cfbc3-a6bc-4b3d-8893-1827bc9859aa","ts":"2026-04-05T12:53:03.395-04:00","source":{"id":"0","name":"eventBus"}}
{"__type":"$$EventMessageAudit","id":"3f747e57-fe13-43d4-bf04-f178082455af","ts":"2026-04-05T12:53:05.247-04:00","eventName":"n8n.audit.workflow.updated","message":"n8n.audit.workflow.updated","payload":{"userId":"5dbe17fd-2bf6-4d1e-ad71-13ee612d9454","_email":"joao.basa.18@gmail.com","_firstName":"Joao","_lastName":"Basanta","globalRole":"global:owner","workflowId":"YIYJI8ZkPUi59kQQ","workflowName":"My workflow"}}
{"__type":"$$EventMessageConfirm","confirm":"3f747e57-fe13-43d4-bf04-f178082455af","ts":"2026-04-05T12:53:05.247-04:00","source":{"id":"0","name":"eventBus"}}
{"__type":"$$EventMessageAudit","id":"aea90db3-1a39-4714-991e-b718a2a759fe","ts":"2026-04-05T12:56:06.762-04:00","eventName":"n8n.audit.workflow.updated","message":"n8n.audit.workflow.updated","payload":{"userId":"5dbe17fd-2bf6-4d1e-ad71-13ee612d9454","_email":"joao.basa.18@gmail.com","_firstName":"Joao","_lastName":"Basanta","globalRole":"global:owner","workflowId":"YIYJI8ZkPUi59kQQ","workflowName":"My workflow"}}
{"__type":"$$EventMessageConfirm","confirm":"aea90db3-1a39-4714-991e-b718a2a759fe","ts":"2026-04-05T12:56:06.762-04:00","source":{"id":"0","name":"eventBus"}}
{"__type":"$$EventMessageAudit","id":"ac41b6fc-3974-4ad6-81b8-fdc9649defaf","ts":"2026-04-05T12:56:08.547-04:00","eventName":"n8n.audit.workflow.updated","message":"n8n.audit.workflow.updated","payload":{"userId":"5dbe17fd-2bf6-4d1e-ad71-13ee612d9454","_email":"joao.basa.18@gmail.com","_firstName":"Joao","_lastName":"Basanta","globalRole":"global:owner","workflowId":"YIYJI8ZkPUi59kQQ","workflowName":"My workflow"}}
{"__type":"$$EventMessageConfirm","confirm":"ac41b6fc-3974-4ad6-81b8-fdc9649defaf","ts":"2026-04-05T12:56:08.547-04:00","source":{"id":"0","name":"eventBus"}}
{"__type":"$$EventMessageAudit","id":"2718b153-45d2-4a4c-89c9-051f49074dbb","ts":"2026-04-05T13:07:19.444-04:00","eventName":"n8n.audit.workflow.updated","message":"n8n.audit.workflow.updated","payload":{"userId":"5dbe17fd-2bf6-4d1e-ad71-13ee612d9454","_email":"joao.basa.18@gmail.com","_firstName":"Joao","_lastName":"Basanta","globalRole":"global:owner","workflowId":"YIYJI8ZkPUi59kQQ","workflowName":"My workflow"}}
{"__type":"$$EventMessageConfirm","confirm":"2718b153-45d2-4a4c-89c9-051f49074dbb","ts":"2026-04-05T13:07:19.445-04:00","source":{"id":"0","name":"eventBus"}}
{"__type":"$$EventMessageAudit","id":"366d2121-d2f5-4e00-a539-6fec4af13d4d","ts":"2026-04-05T13:07:26.027-04:00","eventName":"n8n.audit.workflow.updated","message":"n8n.audit.workflow.updated","payload":{"userId":"5dbe17fd-2bf6-4d1e-ad71-13ee612d9454","_email":"joao.basa.18@gmail.com","_firstName":"Joao","_lastName":"Basanta","globalRole":"global:owner","workflowId":"YIYJI8ZkPUi59kQQ","workflowName":"My workflow"}}
{"__type":"$$EventMessageConfirm","confirm":"366d2121-d2f5-4e00-a539-6fec4af13d4d","ts":"2026-04-05T13:07:26.028-04:00","source":{"id":"0","name":"eventBus"}}
{"__type":"$$EventMessageWorkflow","id":"09245998-ccb6-473a-b776-34a841d1f451","ts":"2026-04-05T13:08:48.404-04:00","eventName":"n8n.workflow.started","message":"n8n.workflow.started","payload":{"executionId":"51","workflowId":"YIYJI8ZkPUi59kQQ","isManual":false,"mode":"manual","workflowName":"My workflow"}}
{"__type":"$$EventMessageConfirm","confirm":"09245998-ccb6-473a-b776-34a841d1f451","ts":"2026-04-05T13:08:48.404-04:00","source":{"id":"0","name":"eventBus"}}
{"__type":"$$EventMessageAudit","id":"aec2557b-563d-419c-96bc-c0495cb30e90","ts":"2026-04-05T13:08:48.404-04:00","eventName":"n8n.audit.workflow.executed","message":"n8n.audit.workflow.executed","payload":{"workflowId":"YIYJI8ZkPUi59kQQ","workflowName":"My workflow","executionId":"51","source":"webhook"}}
{"__type":"$$EventMessageConfirm","confirm":"aec2557b-563d-419c-96bc-c0495cb30e90","ts":"2026-04-05T13:08:48.404-04:00","source":{"id":"0","name":"eventBus"}}
{"__type":"$$EventMessageNode","id":"a3543f5e-78ce-4639-9007-d960b8e43dba","ts":"2026-04-05T13:08:48.405-04:00","eventName":"n8n.node.started","message":"n8n.node.started","payload":{"workflowId":"YIYJI8ZkPUi59kQQ","workflowName":"My workflow","executionId":"51","nodeType":"n8n-nodes-base.webhook","nodeName":"Webhook","nodeId":"209ba0bd-158f-46b3-92d3-3e67fbfaeb46"}}
{"__type":"$$EventMessageConfirm","confirm":"a3543f5e-78ce-4639-9007-d960b8e43dba","ts":"2026-04-05T13:08:48.406-04:00","source":{"id":"0","name":"eventBus"}}
{"__type":"$$EventMessageNode","id":"e83794f6-2e88-4093-8136-c34bce7397f1","ts":"2026-04-05T13:08:48.406-04:00","eventName":"n8n.node.finished","message":"n8n.node.finished","payload":{"workflowId":"YIYJI8ZkPUi59kQQ","workflowName":"My workflow","executionId":"51","nodeType":"n8n-nodes-base.webhook","nodeName":"Webhook","nodeId":"209ba0bd-158f-46b3-92d3-3e67fbfaeb46"}}
{"__type":"$$EventMessageConfirm","confirm":"e83794f6-2e88-4093-8136-c34bce7397f1","ts":"2026-04-05T13:08:48.407-04:00","source":{"id":"0","name":"eventBus"}}
{"__type":"$$EventMessageWorkflow","id":"f0af5bd4-bf3b-461a-8159-71c79bc4f7fb","ts":"2026-04-05T13:08:48.445-04:00","eventName":"n8n.workflow.success","message":"n8n.workflow.success","payload":{"executionId":"51","success":true,"isManual":true,"mode":"manual","workflowId":"YIYJI8ZkPUi59kQQ","workflowName":"My workflow"}}
{"__type":"$$EventMessageConfirm","confirm":"f0af5bd4-bf3b-461a-8159-71c79bc4f7fb","ts":"2026-04-05T13:08:48.446-04:00","source":{"id":"0","name":"eventBus"}}
{"__type":"$$EventMessageWorkflow","id":"1bf70df0-1ae4-4648-b407-dd13ef2f7ab1","ts":"2026-04-05T13:08:52.655-04:00","eventName":"n8n.workflow.started","message":"n8n.workflow.started","payload":{"executionId":"52","workflowId":"YIYJI8ZkPUi59kQQ","isManual":false,"mode":"manual","workflowName":"My workflow"}}
{"__type":"$$EventMessageConfirm","confirm":"1bf70df0-1ae4-4648-b407-dd13ef2f7ab1","ts":"2026-04-05T13:08:52.655-04:00","source":{"id":"0","name":"eventBus"}}
{"__type":"$$EventMessageAudit","id":"a32daea5-0989-49d3-a2ee-05e1e4ecbc06","ts":"2026-04-05T13:08:52.656-04:00","eventName":"n8n.audit.workflow.executed","message":"n8n.audit.workflow.executed","payload":{"userId":"5dbe17fd-2bf6-4d1e-ad71-13ee612d9454","_email":"joao.basa.18@gmail.com","_firstName":"Joao","_lastName":"Basanta","globalRole":"global:owner","workflowId":"YIYJI8ZkPUi59kQQ","workflowName":"My workflow","executionId":"52","source":"user-manual"}}
{"__type":"$$EventMessageConfirm","confirm":"a32daea5-0989-49d3-a2ee-05e1e4ecbc06","ts":"2026-04-05T13:08:52.656-04:00","source":{"id":"0","name":"eventBus"}}
{"__type":"$$EventMessageNode","id":"2cb781e3-aef7-4628-90d4-c31228dfcd04","ts":"2026-04-05T13:08:52.672-04:00","eventName":"n8n.node.started","message":"n8n.node.started","payload":{"workflowId":"YIYJI8ZkPUi59kQQ","workflowName":"My workflow","executionId":"52","nodeType":"@n8n/n8n-nodes-langchain.agent","nodeName":"AI Agent","nodeId":"9a07d0c0-fee7-4cf3-bf7c-e89cbd9d96c9"}}
{"__type":"$$EventMessageConfirm","confirm":"2cb781e3-aef7-4628-90d4-c31228dfcd04","ts":"2026-04-05T13:08:52.672-04:00","source":{"id":"0","name":"eventBus"}}
{"__type":"$$EventMessageNode","id":"a7d3bc67-3679-4d9d-b264-fc1838798529","ts":"2026-04-05T13:08:52.839-04:00","eventName":"n8n.node.started","message":"n8n.node.started","payload":{"workflowId":"YIYJI8ZkPUi59kQQ","workflowName":"My workflow","executionId":"52","nodeType":"@n8n/n8n-nodes-langchain.memoryMongoDbChat","nodeName":"MongoDB Chat Memory","nodeId":"754b91b0-51fa-4134-b475-fabea68a7ceb"}}
{"__type":"$$EventMessageConfirm","confirm":"a7d3bc67-3679-4d9d-b264-fc1838798529","ts":"2026-04-05T13:08:52.839-04:00","source":{"id":"0","name":"eventBus"}}
{"__type":"$$EventMessageNode","id":"82119668-8b80-4f65-802c-642f0ad00624","ts":"2026-04-05T13:08:52.860-04:00","eventName":"n8n.node.finished","message":"n8n.node.finished","payload":{"workflowId":"YIYJI8ZkPUi59kQQ","workflowName":"My workflow","executionId":"52","nodeType":"@n8n/n8n-nodes-langchain.memoryMongoDbChat","nodeName":"MongoDB Chat Memory","nodeId":"754b91b0-51fa-4134-b475-fabea68a7ceb"}}
{"__type":"$$EventMessageConfirm","confirm":"82119668-8b80-4f65-802c-642f0ad00624","ts":"2026-04-05T13:08:52.860-04:00","source":{"id":"0","name":"eventBus"}}
{"__type":"$$EventMessageNode","id":"778b5844-18f3-44c8-b074-ca1886bef3d1","ts":"2026-04-05T13:08:52.894-04:00","eventName":"n8n.node.started","message":"n8n.node.started","payload":{"workflowId":"YIYJI8ZkPUi59kQQ","workflowName":"My workflow","executionId":"52","nodeType":"@n8n/n8n-nodes-langchain.lmChatMistralCloud","nodeName":"Mistral Cloud Chat Model","nodeId":"6706a3b2-63a3-45f7-ae3e-bb739a864c95"}}
{"__type":"$$EventMessageConfirm","confirm":"778b5844-18f3-44c8-b074-ca1886bef3d1","ts":"2026-04-05T13:08:52.895-04:00","source":{"id":"0","name":"eventBus"}}
{"__type":"$$EventMessageNode","id":"e29a95ad-4ad5-4080-a606-7cbe41d3d071","ts":"2026-04-05T13:08:53.660-04:00","eventName":"n8n.node.finished","message":"n8n.node.finished","payload":{"workflowId":"YIYJI8ZkPUi59kQQ","workflowName":"My workflow","executionId":"52","nodeType":"@n8n/n8n-nodes-langchain.lmChatMistralCloud","nodeName":"Mistral Cloud Chat Model","nodeId":"6706a3b2-63a3-45f7-ae3e-bb739a864c95"}}
{"__type":"$$EventMessageConfirm","confirm":"e29a95ad-4ad5-4080-a606-7cbe41d3d071","ts":"2026-04-05T13:08:53.660-04:00","source":{"id":"0","name":"eventBus"}}
{"__type":"$$EventMessageAiNode","id":"fd97e2d6-f9ec-4a1f-a12f-c5194afc2a06","ts":"2026-04-05T13:08:53.661-04:00","eventName":"n8n.ai.llm.generated","message":"n8n.ai.llm.generated","payload":{"executionId":"52","nodeName":"Mistral Cloud Chat Model","workflowName":"My workflow","nodeType":"@n8n/n8n-nodes-langchain.lmChatMistralCloud","workflowId":"YIYJI8ZkPUi59kQQ","msg":"{\"messages\":[\"AI: Se ha creado el ticket INC-0000004 correctamente.\\nHuman: Eres un asistente inteligente de ServiceDesk.\\n\\nTu función es ayudar a los usuarios a resolver problemas de TI.\\n\\nDispones de una herramienta llamada crear_ticket.\\n\\nReglas:\\n\\n- Si el usuario reporta un problema, debes usar la herramienta crear_ticket.\\n- No generes JSON manualmente.\\n- No menciones que estás usando herramientas.\\n\\n- Después de usar la herramienta, debes responder al usuario incluyendo el ID del ticket generado (campo \\\"ID-ITIL\\\").\\n\\n- Ejemplo de respuesta:\\n  \\\"Se ha creado el ticket INC-0000001 correctamente.\\\"\\n\\n- Si el usuario solo conversa, responde normalmente.\\n\\nUsuario dijo:\\nHola\\nAI: Hola, ¿en qué puedo ayudarte?\\nHuman: Eres un asistente inteligente de ServiceDesk.\\n\\nTu función es ayudar a los usuarios a resolver problemas de TI.\\n\\nDispones de una herramienta llamada crear_ticket.\\n\\nReglas:\\n\\n- Si el usuario reporta un problema, debes usar la herramienta crear_ticket.\\n- No generes JSON manualmente.\\n- No menciones que estás usando herramientas.\\n\\n- Después de usar la herramienta, debes responder al usuario incluyendo el ID del ticket generado (campo \\\"ID-ITIL\\\").\\n\\n- Ejemplo de respuesta:\\n  \\\"Se ha creado el ticket INC-0000001 correctamente.\\\"\\n\\n- Si el usuario solo conversa, responde normalmente.\\n\\nUsuario dijo:\\nHola, qué tal? ayudame a crear un ticket, el monitor de una compañera que se sienta a mi lado no funciona, estamos en la sede de San Isidro.\\nAI: Calling crear_ticket with input: {\\\"prioridad\\\":\\\"Media\\\",\\\"descripcion_html\\\":\\\"El monitor de una compañera que se sienta a mi lado no funciona, estamos en la sede de San Isidro.\\\",\\\"articulo\\\":\\\"Monitor\\\",\\\"categoria\\\":\\\"Hardware\\\",\\\"solicitante\\\":\\\"web-user\\\",\\\"subcategoria\\\":\\\"General\\\",\\\"asunto\\\":\\\"Monitor no funciona en San Isidro\\\",\\\"tipo_solicitud\\\":\\\"Incidencia\\\",\\\"id\\\":\\\"Do708ya4e\\\"}[{\\\"id\\\":\\\"Do708ya4e\\\",\\\"name\\\":\\\"crear_ticket\\\",\\\"args\\\":{\\\"prioridad\\\":\\\"Media\\\",\\\"descripcion_html\\\":\\\"El monitor de una compañera que se sienta a mi lado no funciona, estamos en la sede de San Isidro.\\\",\\\"articulo\\\":\\\"Monitor\\\",\\\"categoria\\\":\\\"Hardware\\\",\\\"solicitante\\\":\\\"web-user\\\",\\\"subcategoria\\\":\\\"General\\\",\\\"asunto\\\":\\\"Monitor no funciona en San Isidro\\\",\\\"tipo_solicitud\\\":\\\"Incidencia\\\",\\\"id\\\":\\\"Do708ya4e\\\"},\\\"type\\\":\\\"tool_call\\\"}]\\nTool: crear_ticket, [{\\\"_id\\\":\\\"69d2793d8212b0c3c94c32bd\\\",\\\"solicitante\\\":\\\"web-user\\\",\\\"tipo_solicitud\\\":\\\"Incidencia\\\",\\\"prioridad\\\":\\\"Media\\\",\\\"estado\\\":\\\"Abierto\\\",\\\"modo\\\":\\\"Sin especificar\\\",\\\"sucursal\\\":\\\"Sin especificar\\\",\\\"categoria\\\":\\\"Hardware\\\",\\\"subcategoria\\\":\\\"General\\\",\\\"articulo\\\":\\\"Monitor\\\",\\\"asunto\\\":\\\"Monitor no funciona en San Isidro\\\",\\\"descripcion_html\\\":\\\"El monitor de una compañera que se sienta a mi lado no funciona, estamos en la sede de San Isidro.\\\",\\\"ID-ITIL\\\":\\\"INC-0000006\\\",\\\"resolucion\\\":null,\\\"fecha_creacion\\\":\\\"2026-04-05T15:01:17.122000\\\"}]\\nAI: Se ha creado el ticket INC-0000006 correctamente. ¿Necesitas ayuda con algo más?\\nHuman: Eres un asistente inteligente de ServiceDesk.\\n\\nTu función es ayudar a los usuarios a resolver problemas de TI.\\n\\nDispones de una herramienta llamada crear_ticket.\\n\\nReglas:\\n\\n- Si el usuario reporta un problema, debes usar la herramienta crear_ticket.\\n- Nunca generes JSON manualmente.\\n- No menciones que estás usando herramientas.\\n- Antes de usar crear_ticket, asegúrate de tener toda la información completa:\\n\\n  1. solicitante → se llena automáticamente con \\\"usuario de ia\\\".\\n  2. tipo_solicitud → solo \\\"Requerimiento\\\" o \\\"Incidente\\\". Si no está claro, pregúntalo al usuario.\\n  3. prioridad → \\\"Alta\\\", \\\"Normal\\\" o \\\"Baja\\\". Pregunta si no está claro.\\n  4. estado → por defecto \\\"Abierto\\\". Si el ticket ya tiene responsable, usa \\\"Asignado\\\". Si falta información, usa \\\"En espera\\\".\\n  5. modo → \\\"Chat\\\", \\\"Email\\\", \\\"Mobile App\\\", \\\"Phone Call\\\" o \\\"Web Form\\\". Pregunta si no está claro.\\n  6. sucursal → 9 posibilidades. Para ahora, usa \\\"Sucursal 1\\\" si no se indica.\\n  7. categoria / subcategoria / articulo → usar cualquier valor de relleno por ahora (\\\"Categoria X\\\", \\\"Subcategoria Y\\\", \\\"Articulo Z\\\").\\n  8. asunto → preguntar al usuario si no está claro.\\n  9. descripcion_html → genera un diseño bonito con estilo HTML. Ejemplo:\\n     <div style=\\\"font-family:Arial,sans-serif;color:#333;\\\">\\n       <p><strong>Reporte del usuario:</strong> El usuario reporta que </p>\\n     </div>\\n     donde  es lo que el usuario escribió.\\n\\n- Nunca envíes el ticket si falta algún dato obligatorio; primero pregunta al usuario lo que falta.\\n- Después de usar la herramienta, responde al usuario indicando el ID del ticket generado (campo \\\"ID-ITIL\\\").\\n- Si el usuario solo conversa, responde normalmente.\\n\\nUsuario dijo:\\nHola qué tal? ayudame con un tema de mi monitor\\nAI: ¡Hola! Claro, puedo ayudarte. Para crear un ticket sobre el problema con tu monitor, necesito algunos detalles:\\n\\n1. **Tipo de solicitud**: ¿Es un incidente (algo que no funciona) o un requerimiento (algo que necesitas)?\\n2. **Prioridad**: ¿Consideras que es de prioridad alta, normal o baja?\\n3. **Modo de contacto**: ¿Cómo prefieres que te contactemos? (Chat, Email, Mobile App, Phone Call o Web Form).\\n4. **Asunto**: ¿Podrías resumir en una frase el problema? Por ejemplo: \\\"Monitor no enciende\\\" o \\\"Problema con la pantalla del monitor\\\".\\n\\nCon esta información, podré crear el ticket correctamente.\\nHuman: Eres un asistente inteligente de ServiceDesk.\\n\\nTu función es ayudar a los usuarios a resolver problemas de TI.\\n\\nDispones de una herramienta llamada crear_ticket.\\n\\nReglas:\\n\\n- Si el usuario reporta un problema, debes usar la herramienta crear_ticket.\\n- Nunca generes JSON manualmente.\\n- No menciones que estás usando herramientas.\\n- Antes de usar crear_ticket, asegúrate de tener toda la información completa:\\n\\n  1. solicitante → se llena automáticamente con \\\"usuario de ia\\\".\\n  2. tipo_solicitud → solo \\\"Requerimiento\\\" o \\\"Incidente\\\". Si no está claro, pregúntalo al usuario.\\n  3. prioridad → \\\"Alta\\\", \\\"Normal\\\" o \\\"Baja\\\". Pregunta si no está claro.\\n  4. estado → por defecto \\\"Abierto\\\". Si el ticket ya tiene responsable, usa \\\"Asignado\\\". Si falta información, usa \\\"En espera\\\".\\n  5. modo → \\\"Chat\\\", \\\"Email\\\", \\\"Mobile App\\\", \\\"Phone Call\\\" o \\\"Web Form\\\". Pregunta si no está claro.\\n  6. sucursal → 9 posibilidades. Para ahora, usa \\\"Sucursal 1\\\" si no se indica.\\n  7. categoria / subcategoria / articulo → usar cualquier valor de relleno por ahora (\\\"Categoria X\\\", \\\"Subcategoria Y\\\", \\\"Articulo Z\\\").\\n  8. asunto → preguntar al usuario si no está claro.\\n  9. descripcion_html → genera un diseño bonito con estilo HTML. Ejemplo:\\n     <div style=\\\"font-family:Arial,sans-serif;color:#333;\\\">\\n       <p><strong>Reporte del usuario:</strong> El usuario reporta que </p>\\n     </div>\\n     donde  es lo que el usuario escribió.\\n\\n- Nunca envíes el ticket si falta algún dato obligatorio; primero pregunta al usuario lo que falta.\\n- Después de usar la herramienta, responde al usuario indicando el ID del ticket generado (campo \\\"ID-ITIL\\\").\\n- Si el usuario solo conversa, responde normalmente.\\n\\nUsuario dijo:\\nHola\"],\"options\":{\"mistral_api_key\":{\"lc\":1,\"type\":\"secret\",\"id\":[\"MISTRAL_API_KEY\"]},\"model\":\"devstral-latest\",\"http_client\":{\"options\":{},\"requestHooks\":[],\"requestErrorHooks\":[],\"responseHooks\":[]},\"metadata\":{\"versions\":{\"@langchain/core\":\"1.1.34\"}}},\"response\":{\"response\":{\"generations\":[[{\"text\":\"¡Hola! ¿En qué puedo ayudarte hoy? 😊\",\"generationInfo\":{\"finishReason\":\"stop\"}}]]},\"tokenUsage\":{\"completionTokens\":16,\"promptTokens\":1884,\"totalTokens\":1900}}}"}}
{"__type":"$$EventMessageConfirm","confirm":"fd97e2d6-f9ec-4a1f-a12f-c5194afc2a06","ts":"2026-04-05T13:08:53.661-04:00","source":{"id":"0","name":"eventBus"}}
{"__type":"$$EventMessageNode","id":"12b75a0e-1de4-4484-bb83-71877e273223","ts":"2026-04-05T13:08:53.694-04:00","eventName":"n8n.node.started","message":"n8n.node.started","payload":{"workflowId":"YIYJI8ZkPUi59kQQ","workflowName":"My workflow","executionId":"52","nodeType":"@n8n/n8n-nodes-langchain.memoryMongoDbChat","nodeName":"MongoDB Chat Memory","nodeId":"754b91b0-51fa-4134-b475-fabea68a7ceb"}}
{"__type":"$$EventMessageConfirm","confirm":"12b75a0e-1de4-4484-bb83-71877e273223","ts":"2026-04-05T13:08:53.695-04:00","source":{"id":"0","name":"eventBus"}}
{"__type":"$$EventMessageNode","id":"024f18fe-8a5b-48cb-aca7-59ac5f5fec49","ts":"2026-04-05T13:08:53.847-04:00","eventName":"n8n.node.finished","message":"n8n.node.finished","payload":{"workflowId":"YIYJI8ZkPUi59kQQ","workflowName":"My workflow","executionId":"52","nodeType":"@n8n/n8n-nodes-langchain.memoryMongoDbChat","nodeName":"MongoDB Chat Memory","nodeId":"754b91b0-51fa-4134-b475-fabea68a7ceb"}}
{"__type":"$$EventMessageConfirm","confirm":"024f18fe-8a5b-48cb-aca7-59ac5f5fec49","ts":"2026-04-05T13:08:53.847-04:00","source":{"id":"0","name":"eventBus"}}
{"__type":"$$EventMessageNode","id":"c790753a-a769-4ef5-8dda-3eb433c6f8e7","ts":"2026-04-05T13:08:53.863-04:00","eventName":"n8n.node.finished","message":"n8n.node.finished","payload":{"workflowId":"YIYJI8ZkPUi59kQQ","workflowName":"My workflow","executionId":"52","nodeType":"@n8n/n8n-nodes-langchain.agent","nodeName":"AI Agent","nodeId":"9a07d0c0-fee7-4cf3-bf7c-e89cbd9d96c9"}}
{"__type":"$$EventMessageConfirm","confirm":"c790753a-a769-4ef5-8dda-3eb433c6f8e7","ts":"2026-04-05T13:08:53.863-04:00","source":{"id":"0","name":"eventBus"}}
{"__type":"$$EventMessageWorkflow","id":"6524c918-05a8-43ed-b73c-60ae85e7f341","ts":"2026-04-05T13:08:53.867-04:00","eventName":"n8n.workflow.success","message":"n8n.workflow.success","payload":{"userId":"5dbe17fd-2bf6-4d1e-ad71-13ee612d9454","executionId":"52","success":true,"isManual":true,"mode":"manual","workflowId":"YIYJI8ZkPUi59kQQ","workflowName":"My workflow"}}
{"__type":"$$EventMessageConfirm","confirm":"6524c918-05a8-43ed-b73c-60ae85e7f341","ts":"2026-04-05T13:08:53.867-04:00","source":{"id":"0","name":"eventBus"}}
{"__type":"$$EventMessageAudit","id":"dfc7e922-5d23-4800-b236-e12af48ac5e5","ts":"2026-04-05T13:09:05.541-04:00","eventName":"n8n.audit.workflow.updated","message":"n8n.audit.workflow.updated","payload":{"userId":"5dbe17fd-2bf6-4d1e-ad71-13ee612d9454","_email":"joao.basa.18@gmail.com","_firstName":"Joao","_lastName":"Basanta","globalRole":"global:owner","workflowId":"YIYJI8ZkPUi59kQQ","workflowName":"My workflow"}}
{"__type":"$$EventMessageConfirm","confirm":"dfc7e922-5d23-4800-b236-e12af48ac5e5","ts":"2026-04-05T13:09:05.541-04:00","source":{"id":"0","name":"eventBus"}}
{"__type":"$$EventMessageAudit","id":"f469c9c9-0acf-4467-8565-401e6ab3ca59","ts":"2026-04-05T13:09:08.590-04:00","eventName":"n8n.audit.workflow.updated","message":"n8n.audit.workflow.updated","payload":{"userId":"5dbe17fd-2bf6-4d1e-ad71-13ee612d9454","_email":"joao.basa.18@gmail.com","_firstName":"Joao","_lastName":"Basanta","globalRole":"global:owner","workflowId":"YIYJI8ZkPUi59kQQ","workflowName":"My workflow"}}
{"__type":"$$EventMessageConfirm","confirm":"f469c9c9-0acf-4467-8565-401e6ab3ca59","ts":"2026-04-05T13:09:08.590-04:00","source":{"id":"0","name":"eventBus"}}
{"__type":"$$EventMessageAudit","id":"1ccf1adb-b525-4540-85f1-749a3a34577b","ts":"2026-04-05T13:09:13.001-04:00","eventName":"n8n.audit.workflow.updated","message":"n8n.audit.workflow.updated","payload":{"userId":"5dbe17fd-2bf6-4d1e-ad71-13ee612d9454","_email":"joao.basa.18@gmail.com","_firstName":"Joao","_lastName":"Basanta","globalRole":"global:owner","workflowId":"YIYJI8ZkPUi59kQQ","workflowName":"My workflow"}}
{"__type":"$$EventMessageConfirm","confirm":"1ccf1adb-b525-4540-85f1-749a3a34577b","ts":"2026-04-05T13:09:13.001-04:00","source":{"id":"0","name":"eventBus"}}
{"__type":"$$EventMessageAudit","id":"b1dc64dc-9ee0-42c6-baf2-d3bf162fe604","ts":"2026-04-05T13:09:23.182-04:00","eventName":"n8n.audit.workflow.updated","message":"n8n.audit.workflow.updated","payload":{"userId":"5dbe17fd-2bf6-4d1e-ad71-13ee612d9454","_email":"joao.basa.18@gmail.com","_firstName":"Joao","_lastName":"Basanta","globalRole":"global:owner","workflowId":"YIYJI8ZkPUi59kQQ","workflowName":"My workflow"}}
{"__type":"$$EventMessageConfirm","confirm":"b1dc64dc-9ee0-42c6-baf2-d3bf162fe604","ts":"2026-04-05T13:09:23.182-04:00","source":{"id":"0","name":"eventBus"}}
{"__type":"$$EventMessageWorkflow","id":"851aef05-3224-4652-b0ba-51aad4987c1d","ts":"2026-04-05T13:09:23.752-04:00","eventName":"n8n.workflow.started","message":"n8n.workflow.started","payload":{"executionId":"53","workflowId":"YIYJI8ZkPUi59kQQ","isManual":false,"mode":"manual","workflowName":"My workflow"}}
{"__type":"$$EventMessageConfirm","confirm":"851aef05-3224-4652-b0ba-51aad4987c1d","ts":"2026-04-05T13:09:23.752-04:00","source":{"id":"0","name":"eventBus"}}
{"__type":"$$EventMessageAudit","id":"640b8a21-f699-4917-adad-a1231fe3883a","ts":"2026-04-05T13:09:23.753-04:00","eventName":"n8n.audit.workflow.executed","message":"n8n.audit.workflow.executed","payload":{"userId":"5dbe17fd-2bf6-4d1e-ad71-13ee612d9454","_email":"joao.basa.18@gmail.com","_firstName":"Joao","_lastName":"Basanta","globalRole":"global:owner","workflowId":"YIYJI8ZkPUi59kQQ","workflowName":"My workflow","executionId":"53","source":"user-manual"}}
{"__type":"$$EventMessageConfirm","confirm":"640b8a21-f699-4917-adad-a1231fe3883a","ts":"2026-04-05T13:09:23.753-04:00","source":{"id":"0","name":"eventBus"}}
{"__type":"$$EventMessageNode","id":"bc224938-0bb7-48f5-9945-9824e8de2636","ts":"2026-04-05T13:09:23.772-04:00","eventName":"n8n.node.started","message":"n8n.node.started","payload":{"workflowId":"YIYJI8ZkPUi59kQQ","workflowName":"My workflow","executionId":"53","nodeType":"n8n-nodes-base.respondToWebhook","nodeName":"Respond to Webhook","nodeId":"4299c8c6-af2f-4b17-be27-4cb1faf7742f"}}
{"__type":"$$EventMessageConfirm","confirm":"bc224938-0bb7-48f5-9945-9824e8de2636","ts":"2026-04-05T13:09:23.772-04:00","source":{"id":"0","name":"eventBus"}}
{"__type":"$$EventMessageNode","id":"df284f21-3540-4b0e-8151-c6aadcc27355","ts":"2026-04-05T13:09:23.779-04:00","eventName":"n8n.node.finished","message":"n8n.node.finished","payload":{"workflowId":"YIYJI8ZkPUi59kQQ","workflowName":"My workflow","executionId":"53","nodeType":"n8n-nodes-base.respondToWebhook","nodeName":"Respond to Webhook","nodeId":"4299c8c6-af2f-4b17-be27-4cb1faf7742f"}}
{"__type":"$$EventMessageConfirm","confirm":"df284f21-3540-4b0e-8151-c6aadcc27355","ts":"2026-04-05T13:09:23.780-04:00","source":{"id":"0","name":"eventBus"}}
{"__type":"$$EventMessageWorkflow","id":"2a28df9d-5f63-4705-bdda-53ac0aad9e6b","ts":"2026-04-05T13:09:23.784-04:00","eventName":"n8n.workflow.success","message":"n8n.workflow.success","payload":{"userId":"5dbe17fd-2bf6-4d1e-ad71-13ee612d9454","executionId":"53","success":true,"isManual":true,"mode":"manual","workflowId":"YIYJI8ZkPUi59kQQ","workflowName":"My workflow"}}
{"__type":"$$EventMessageConfirm","confirm":"2a28df9d-5f63-4705-bdda-53ac0aad9e6b","ts":"2026-04-05T13:09:23.784-04:00","source":{"id":"0","name":"eventBus"}}
{"__type":"$$EventMessageAudit","id":"af60b089-73c4-4d09-b580-49b73dca2ac6","ts":"2026-04-05T13:09:56.976-04:00","eventName":"n8n.audit.workflow.updated","message":"n8n.audit.workflow.updated","payload":{"userId":"5dbe17fd-2bf6-4d1e-ad71-13ee612d9454","_email":"joao.basa.18@gmail.com","_firstName":"Joao","_lastName":"Basanta","globalRole":"global:owner","workflowId":"YIYJI8ZkPUi59kQQ","workflowName":"My workflow"}}
{"__type":"$$EventMessageConfirm","confirm":"af60b089-73c4-4d09-b580-49b73dca2ac6","ts":"2026-04-05T13:09:56.977-04:00","source":{"id":"0","name":"eventBus"}}
{"__type":"$$EventMessageWorkflow","id":"06692e28-fd47-45bf-b945-36d523ed2ee8","ts":"2026-04-05T13:09:57.620-04:00","eventName":"n8n.workflow.started","message":"n8n.workflow.started","payload":{"executionId":"54","workflowId":"YIYJI8ZkPUi59kQQ","isManual":false,"mode":"manual","workflowName":"My workflow"}}
{"__type":"$$EventMessageConfirm","confirm":"06692e28-fd47-45bf-b945-36d523ed2ee8","ts":"2026-04-05T13:09:57.620-04:00","source":{"id":"0","name":"eventBus"}}
{"__type":"$$EventMessageAudit","id":"228a8bd4-6495-4722-b686-ede5fb7e3c51","ts":"2026-04-05T13:09:57.621-04:00","eventName":"n8n.audit.workflow.executed","message":"n8n.audit.workflow.executed","payload":{"userId":"5dbe17fd-2bf6-4d1e-ad71-13ee612d9454","_email":"joao.basa.18@gmail.com","_firstName":"Joao","_lastName":"Basanta","globalRole":"global:owner","workflowId":"YIYJI8ZkPUi59kQQ","workflowName":"My workflow","executionId":"54","source":"user-manual"}}
{"__type":"$$EventMessageConfirm","confirm":"228a8bd4-6495-4722-b686-ede5fb7e3c51","ts":"2026-04-05T13:09:57.622-04:00","source":{"id":"0","name":"eventBus"}}
{"__type":"$$EventMessageNode","id":"bade7312-e35f-49e7-86f9-972682f89baa","ts":"2026-04-05T13:09:57.644-04:00","eventName":"n8n.node.started","message":"n8n.node.started","payload":{"workflowId":"YIYJI8ZkPUi59kQQ","workflowName":"My workflow","executionId":"54","nodeType":"n8n-nodes-base.respondToWebhook","nodeName":"Respond to Webhook","nodeId":"4299c8c6-af2f-4b17-be27-4cb1faf7742f"}}
{"__type":"$$EventMessageConfirm","confirm":"bade7312-e35f-49e7-86f9-972682f89baa","ts":"2026-04-05T13:09:57.645-04:00","source":{"id":"0","name":"eventBus"}}
{"__type":"$$EventMessageNode","id":"2be284a6-14a9-4358-9698-848871ecc872","ts":"2026-04-05T13:09:57.652-04:00","eventName":"n8n.node.finished","message":"n8n.node.finished","payload":{"workflowId":"YIYJI8ZkPUi59kQQ","workflowName":"My workflow","executionId":"54","nodeType":"n8n-nodes-base.respondToWebhook","nodeName":"Respond to Webhook","nodeId":"4299c8c6-af2f-4b17-be27-4cb1faf7742f"}}
{"__type":"$$EventMessageConfirm","confirm":"2be284a6-14a9-4358-9698-848871ecc872","ts":"2026-04-05T13:09:57.652-04:00","source":{"id":"0","name":"eventBus"}}
{"__type":"$$EventMessageWorkflow","id":"122391e3-b6b9-4b5e-aeac-030ea14db0ff","ts":"2026-04-05T13:09:57.657-04:00","eventName":"n8n.workflow.failed","message":"n8n.workflow.failed","payload":{"userId":"5dbe17fd-2bf6-4d1e-ad71-13ee612d9454","executionId":"54","success":false,"isManual":true,"mode":"manual","workflowId":"YIYJI8ZkPUi59kQQ","workflowName":"My workflow","lastNodeExecuted":"Respond to Webhook","errorNodeType":"n8n-nodes-base.respondToWebhook","errorMessage":"Invalid JSON in 'Response Body' field"}}
{"__type":"$$EventMessageConfirm","confirm":"122391e3-b6b9-4b5e-aeac-030ea14db0ff","ts":"2026-04-05T13:09:57.657-04:00","source":{"id":"0","name":"eventBus"}}
{"__type":"$$EventMessageAudit","id":"bb3a5f86-206d-429b-8cc7-81781806e7e5","ts":"2026-04-05T13:10:12.227-04:00","eventName":"n8n.audit.workflow.updated","message":"n8n.audit.workflow.updated","payload":{"userId":"5dbe17fd-2bf6-4d1e-ad71-13ee612d9454","_email":"joao.basa.18@gmail.com","_firstName":"Joao","_lastName":"Basanta","globalRole":"global:owner","workflowId":"YIYJI8ZkPUi59kQQ","workflowName":"My workflow"}}
{"__type":"$$EventMessageConfirm","confirm":"bb3a5f86-206d-429b-8cc7-81781806e7e5","ts":"2026-04-05T13:10:12.227-04:00","source":{"id":"0","name":"eventBus"}}
{"__type":"$$EventMessageWorkflow","id":"d1c7bda2-aeca-45e7-8f40-2073ce4d142f","ts":"2026-04-05T13:10:12.335-04:00","eventName":"n8n.workflow.started","message":"n8n.workflow.started","payload":{"executionId":"55","workflowId":"YIYJI8ZkPUi59kQQ","isManual":false,"mode":"manual","workflowName":"My workflow"}}
{"__type":"$$EventMessageConfirm","confirm":"d1c7bda2-aeca-45e7-8f40-2073ce4d142f","ts":"2026-04-05T13:10:12.335-04:00","source":{"id":"0","name":"eventBus"}}
{"__type":"$$EventMessageAudit","id":"35cc1ebc-869f-4775-82b2-9f087dd3e9b1","ts":"2026-04-05T13:10:12.337-04:00","eventName":"n8n.audit.workflow.executed","message":"n8n.audit.workflow.executed","payload":{"userId":"5dbe17fd-2bf6-4d1e-ad71-13ee612d9454","_email":"joao.basa.18@gmail.com","_firstName":"Joao","_lastName":"Basanta","globalRole":"global:owner","workflowId":"YIYJI8ZkPUi59kQQ","workflowName":"My workflow","executionId":"55","source":"user-manual"}}
{"__type":"$$EventMessageConfirm","confirm":"35cc1ebc-869f-4775-82b2-9f087dd3e9b1","ts":"2026-04-05T13:10:12.337-04:00","source":{"id":"0","name":"eventBus"}}
{"__type":"$$EventMessageNode","id":"b0caca96-3613-4f5d-958e-027dbb19e7bc","ts":"2026-04-05T13:10:12.355-04:00","eventName":"n8n.node.started","message":"n8n.node.started","payload":{"workflowId":"YIYJI8ZkPUi59kQQ","workflowName":"My workflow","executionId":"55","nodeType":"n8n-nodes-base.respondToWebhook","nodeName":"Respond to Webhook","nodeId":"4299c8c6-af2f-4b17-be27-4cb1faf7742f"}}
{"__type":"$$EventMessageConfirm","confirm":"b0caca96-3613-4f5d-958e-027dbb19e7bc","ts":"2026-04-05T13:10:12.356-04:00","source":{"id":"0","name":"eventBus"}}
{"__type":"$$EventMessageNode","id":"d6562fd9-0bad-4989-a34f-8f7320cb904e","ts":"2026-04-05T13:10:12.361-04:00","eventName":"n8n.node.finished","message":"n8n.node.finished","payload":{"workflowId":"YIYJI8ZkPUi59kQQ","workflowName":"My workflow","executionId":"55","nodeType":"n8n-nodes-base.respondToWebhook","nodeName":"Respond to Webhook","nodeId":"4299c8c6-af2f-4b17-be27-4cb1faf7742f"}}
{"__type":"$$EventMessageConfirm","confirm":"d6562fd9-0bad-4989-a34f-8f7320cb904e","ts":"2026-04-05T13:10:12.361-04:00","source":{"id":"0","name":"eventBus"}}
{"__type":"$$EventMessageWorkflow","id":"25faec6d-f6b6-4b70-afad-cb3bc4ef0d30","ts":"2026-04-05T13:10:12.365-04:00","eventName":"n8n.workflow.failed","message":"n8n.workflow.failed","payload":{"userId":"5dbe17fd-2bf6-4d1e-ad71-13ee612d9454","executionId":"55","success":false,"isManual":true,"mode":"manual","workflowId":"YIYJI8ZkPUi59kQQ","workflowName":"My workflow","lastNodeExecuted":"Respond to Webhook","errorNodeType":"n8n-nodes-base.respondToWebhook","errorMessage":"Invalid JSON in 'Response Body' field"}}
{"__type":"$$EventMessageConfirm","confirm":"25faec6d-f6b6-4b70-afad-cb3bc4ef0d30","ts":"2026-04-05T13:10:12.365-04:00","source":{"id":"0","name":"eventBus"}}
{"__type":"$$EventMessageAudit","id":"600df424-b96a-47af-bd9d-7e91d61ce946","ts":"2026-04-05T13:10:12.567-04:00","eventName":"n8n.audit.workflow.updated","message":"n8n.audit.workflow.updated","payload":{"userId":"5dbe17fd-2bf6-4d1e-ad71-13ee612d9454","_email":"joao.basa.18@gmail.com","_firstName":"Joao","_lastName":"Basanta","globalRole":"global:owner","workflowId":"YIYJI8ZkPUi59kQQ","workflowName":"My workflow"}}
{"__type":"$$EventMessageConfirm","confirm":"600df424-b96a-47af-bd9d-7e91d61ce946","ts":"2026-04-05T13:10:12.567-04:00","source":{"id":"0","name":"eventBus"}}
{"__type":"$$EventMessageAudit","id":"0fc3dcb4-12a2-4551-b159-abfb724fbbc5","ts":"2026-04-05T13:12:11.117-04:00","eventName":"n8n.audit.workflow.updated","message":"n8n.audit.workflow.updated","payload":{"userId":"5dbe17fd-2bf6-4d1e-ad71-13ee612d9454","_email":"joao.basa.18@gmail.com","_firstName":"Joao","_lastName":"Basanta","globalRole":"global:owner","workflowId":"YIYJI8ZkPUi59kQQ","workflowName":"My workflow"}}
{"__type":"$$EventMessageConfirm","confirm":"0fc3dcb4-12a2-4551-b159-abfb724fbbc5","ts":"2026-04-05T13:12:11.117-04:00","source":{"id":"0","name":"eventBus"}}
{"__type":"$$EventMessageWorkflow","id":"19bf340e-a422-4460-a612-5593370e48a7","ts":"2026-04-05T13:12:11.259-04:00","eventName":"n8n.workflow.started","message":"n8n.workflow.started","payload":{"executionId":"56","workflowId":"YIYJI8ZkPUi59kQQ","isManual":false,"mode":"manual","workflowName":"My workflow"}}
{"__type":"$$EventMessageConfirm","confirm":"19bf340e-a422-4460-a612-5593370e48a7","ts":"2026-04-05T13:12:11.259-04:00","source":{"id":"0","name":"eventBus"}}
{"__type":"$$EventMessageAudit","id":"33c45b04-1cfc-4a17-99d9-333aa842d918","ts":"2026-04-05T13:12:11.261-04:00","eventName":"n8n.audit.workflow.executed","message":"n8n.audit.workflow.executed","payload":{"userId":"5dbe17fd-2bf6-4d1e-ad71-13ee612d9454","_email":"joao.basa.18@gmail.com","_firstName":"Joao","_lastName":"Basanta","globalRole":"global:owner","workflowId":"YIYJI8ZkPUi59kQQ","workflowName":"My workflow","executionId":"56","source":"user-manual"}}
{"__type":"$$EventMessageConfirm","confirm":"33c45b04-1cfc-4a17-99d9-333aa842d918","ts":"2026-04-05T13:12:11.262-04:00","source":{"id":"0","name":"eventBus"}}
{"__type":"$$EventMessageNode","id":"bd34bfe5-b7d3-4a4a-b232-5dfb673a01d0","ts":"2026-04-05T13:12:11.283-04:00","eventName":"n8n.node.started","message":"n8n.node.started","payload":{"workflowId":"YIYJI8ZkPUi59kQQ","workflowName":"My workflow","executionId":"56","nodeType":"n8n-nodes-base.respondToWebhook","nodeName":"Respond to Webhook","nodeId":"4299c8c6-af2f-4b17-be27-4cb1faf7742f"}}
{"__type":"$$EventMessageConfirm","confirm":"bd34bfe5-b7d3-4a4a-b232-5dfb673a01d0","ts":"2026-04-05T13:12:11.283-04:00","source":{"id":"0","name":"eventBus"}}
{"__type":"$$EventMessageNode","id":"0a1a67db-03c9-4b94-8604-97c6a20144b0","ts":"2026-04-05T13:12:11.291-04:00","eventName":"n8n.node.finished","message":"n8n.node.finished","payload":{"workflowId":"YIYJI8ZkPUi59kQQ","workflowName":"My workflow","executionId":"56","nodeType":"n8n-nodes-base.respondToWebhook","nodeName":"Respond to Webhook","nodeId":"4299c8c6-af2f-4b17-be27-4cb1faf7742f"}}
{"__type":"$$EventMessageConfirm","confirm":"0a1a67db-03c9-4b94-8604-97c6a20144b0","ts":"2026-04-05T13:12:11.291-04:00","source":{"id":"0","name":"eventBus"}}
{"__type":"$$EventMessageWorkflow","id":"2995e45e-279c-4d82-95e9-5049c6c2917c","ts":"2026-04-05T13:12:11.295-04:00","eventName":"n8n.workflow.failed","message":"n8n.workflow.failed","payload":{"userId":"5dbe17fd-2bf6-4d1e-ad71-13ee612d9454","executionId":"56","success":false,"isManual":true,"mode":"manual","workflowId":"YIYJI8ZkPUi59kQQ","workflowName":"My workflow","lastNodeExecuted":"Respond to Webhook","errorNodeType":"n8n-nodes-base.respondToWebhook","errorMessage":"Invalid JSON in 'Response Body' field"}}
{"__type":"$$EventMessageConfirm","confirm":"2995e45e-279c-4d82-95e9-5049c6c2917c","ts":"2026-04-05T13:12:11.295-04:00","source":{"id":"0","name":"eventBus"}}
{"__type":"$$EventMessageAudit","id":"0410ea40-4a24-4b87-a38e-88a6e296ce93","ts":"2026-04-05T13:12:11.790-04:00","eventName":"n8n.audit.workflow.updated","message":"n8n.audit.workflow.updated","payload":{"userId":"5dbe17fd-2bf6-4d1e-ad71-13ee612d9454","_email":"joao.basa.18@gmail.com","_firstName":"Joao","_lastName":"Basanta","globalRole":"global:owner","workflowId":"YIYJI8ZkPUi59kQQ","workflowName":"My workflow"}}
{"__type":"$$EventMessageConfirm","confirm":"0410ea40-4a24-4b87-a38e-88a6e296ce93","ts":"2026-04-05T13:12:11.790-04:00","source":{"id":"0","name":"eventBus"}}
{"__type":"$$EventMessageAudit","id":"b501d1ba-7390-4291-bdc8-3e9a8593a728","ts":"2026-04-05T13:13:56.246-04:00","eventName":"n8n.audit.workflow.updated","message":"n8n.audit.workflow.updated","payload":{"userId":"5dbe17fd-2bf6-4d1e-ad71-13ee612d9454","_email":"joao.basa.18@gmail.com","_firstName":"Joao","_lastName":"Basanta","globalRole":"global:owner","workflowId":"YIYJI8ZkPUi59kQQ","workflowName":"My workflow"}}
{"__type":"$$EventMessageConfirm","confirm":"b501d1ba-7390-4291-bdc8-3e9a8593a728","ts":"2026-04-05T13:13:56.246-04:00","source":{"id":"0","name":"eventBus"}}
{"__type":"$$EventMessageAudit","id":"5fef3407-ac9d-44ff-b82f-714443312725","ts":"2026-04-05T13:13:57.961-04:00","eventName":"n8n.audit.workflow.updated","message":"n8n.audit.workflow.updated","payload":{"userId":"5dbe17fd-2bf6-4d1e-ad71-13ee612d9454","_email":"joao.basa.18@gmail.com","_firstName":"Joao","_lastName":"Basanta","globalRole":"global:owner","workflowId":"YIYJI8ZkPUi59kQQ","workflowName":"My workflow"}}
{"__type":"$$EventMessageConfirm","confirm":"5fef3407-ac9d-44ff-b82f-714443312725","ts":"2026-04-05T13:13:57.961-04:00","source":{"id":"0","name":"eventBus"}}
{"__type":"$$EventMessageWorkflow","id":"5f8b0256-e833-4378-9e1c-f147fd500586","ts":"2026-04-05T13:13:58.560-04:00","eventName":"n8n.workflow.started","message":"n8n.workflow.started","payload":{"executionId":"57","workflowId":"YIYJI8ZkPUi59kQQ","isManual":false,"mode":"manual","workflowName":"My workflow"}}
{"__type":"$$EventMessageConfirm","confirm":"5f8b0256-e833-4378-9e1c-f147fd500586","ts":"2026-04-05T13:13:58.560-04:00","source":{"id":"0","name":"eventBus"}}
{"__type":"$$EventMessageAudit","id":"db75f440-c651-44a3-bfb2-5048e472ec1a","ts":"2026-04-05T13:13:58.561-04:00","eventName":"n8n.audit.workflow.executed","message":"n8n.audit.workflow.executed","payload":{"userId":"5dbe17fd-2bf6-4d1e-ad71-13ee612d9454","_email":"joao.basa.18@gmail.com","_firstName":"Joao","_lastName":"Basanta","globalRole":"global:owner","workflowId":"YIYJI8ZkPUi59kQQ","workflowName":"My workflow","executionId":"57","source":"user-manual"}}
{"__type":"$$EventMessageConfirm","confirm":"db75f440-c651-44a3-bfb2-5048e472ec1a","ts":"2026-04-05T13:13:58.562-04:00","source":{"id":"0","name":"eventBus"}}
{"__type":"$$EventMessageNode","id":"cf3b5065-f9c0-48b1-a633-1d6bd212c21c","ts":"2026-04-05T13:13:58.586-04:00","eventName":"n8n.node.started","message":"n8n.node.started","payload":{"workflowId":"YIYJI8ZkPUi59kQQ","workflowName":"My workflow","executionId":"57","nodeType":"n8n-nodes-base.respondToWebhook","nodeName":"Respond to Webhook","nodeId":"4299c8c6-af2f-4b17-be27-4cb1faf7742f"}}
{"__type":"$$EventMessageConfirm","confirm":"cf3b5065-f9c0-48b1-a633-1d6bd212c21c","ts":"2026-04-05T13:13:58.586-04:00","source":{"id":"0","name":"eventBus"}}
{"__type":"$$EventMessageNode","id":"ba408493-073e-4d9c-a5f2-b78691aa33fb","ts":"2026-04-05T13:13:58.591-04:00","eventName":"n8n.node.finished","message":"n8n.node.finished","payload":{"workflowId":"YIYJI8ZkPUi59kQQ","workflowName":"My workflow","executionId":"57","nodeType":"n8n-nodes-base.respondToWebhook","nodeName":"Respond to Webhook","nodeId":"4299c8c6-af2f-4b17-be27-4cb1faf7742f"}}
{"__type":"$$EventMessageConfirm","confirm":"ba408493-073e-4d9c-a5f2-b78691aa33fb","ts":"2026-04-05T13:13:58.591-04:00","source":{"id":"0","name":"eventBus"}}
{"__type":"$$EventMessageWorkflow","id":"67b06ff4-da44-4a4a-88f3-e4502f151a9b","ts":"2026-04-05T13:13:58.595-04:00","eventName":"n8n.workflow.failed","message":"n8n.workflow.failed","payload":{"userId":"5dbe17fd-2bf6-4d1e-ad71-13ee612d9454","executionId":"57","success":false,"isManual":true,"mode":"manual","workflowId":"YIYJI8ZkPUi59kQQ","workflowName":"My workflow","lastNodeExecuted":"Respond to Webhook","errorNodeType":"n8n-nodes-base.respondToWebhook","errorMessage":"Invalid JSON in 'Response Body' field"}}
{"__type":"$$EventMessageConfirm","confirm":"67b06ff4-da44-4a4a-88f3-e4502f151a9b","ts":"2026-04-05T13:13:58.595-04:00","source":{"id":"0","name":"eventBus"}}
{"__type":"$$EventMessageAudit","id":"2e7dd0c1-0c4a-471c-8c27-9615aa91e74b","ts":"2026-04-05T13:15:09.469-04:00","eventName":"n8n.audit.workflow.updated","message":"n8n.audit.workflow.updated","payload":{"userId":"5dbe17fd-2bf6-4d1e-ad71-13ee612d9454","_email":"joao.basa.18@gmail.com","_firstName":"Joao","_lastName":"Basanta","globalRole":"global:owner","workflowId":"YIYJI8ZkPUi59kQQ","workflowName":"My workflow"}}
{"__type":"$$EventMessageConfirm","confirm":"2e7dd0c1-0c4a-471c-8c27-9615aa91e74b","ts":"2026-04-05T13:15:09.470-04:00","source":{"id":"0","name":"eventBus"}}
{"__type":"$$EventMessageWorkflow","id":"80ae7459-3a25-4338-929d-6da4c7afdc30","ts":"2026-04-05T13:15:18.019-04:00","eventName":"n8n.workflow.started","message":"n8n.workflow.started","payload":{"executionId":"58","workflowId":"YIYJI8ZkPUi59kQQ","isManual":false,"mode":"manual","workflowName":"My workflow"}}
{"__type":"$$EventMessageConfirm","confirm":"80ae7459-3a25-4338-929d-6da4c7afdc30","ts":"2026-04-05T13:15:18.020-04:00","source":{"id":"0","name":"eventBus"}}
{"__type":"$$EventMessageAudit","id":"6f8cd245-bbe0-47c3-b52c-6352a995c31f","ts":"2026-04-05T13:15:18.022-04:00","eventName":"n8n.audit.workflow.executed","message":"n8n.audit.workflow.executed","payload":{"userId":"5dbe17fd-2bf6-4d1e-ad71-13ee612d9454","_email":"joao.basa.18@gmail.com","_firstName":"Joao","_lastName":"Basanta","globalRole":"global:owner","workflowId":"YIYJI8ZkPUi59kQQ","workflowName":"My workflow","executionId":"58","source":"user-manual"}}
{"__type":"$$EventMessageConfirm","confirm":"6f8cd245-bbe0-47c3-b52c-6352a995c31f","ts":"2026-04-05T13:15:18.022-04:00","source":{"id":"0","name":"eventBus"}}
{"__type":"$$EventMessageNode","id":"6391de61-0477-4395-8eb2-a14120c1c6f6","ts":"2026-04-05T13:15:18.040-04:00","eventName":"n8n.node.started","message":"n8n.node.started","payload":{"workflowId":"YIYJI8ZkPUi59kQQ","workflowName":"My workflow","executionId":"58","nodeType":"n8n-nodes-base.respondToWebhook","nodeName":"Respond to Webhook","nodeId":"4299c8c6-af2f-4b17-be27-4cb1faf7742f"}}
{"__type":"$$EventMessageConfirm","confirm":"6391de61-0477-4395-8eb2-a14120c1c6f6","ts":"2026-04-05T13:15:18.040-04:00","source":{"id":"0","name":"eventBus"}}
{"__type":"$$EventMessageNode","id":"c38c9d22-0968-4127-99bd-6e8d87028102","ts":"2026-04-05T13:15:18.046-04:00","eventName":"n8n.node.finished","message":"n8n.node.finished","payload":{"workflowId":"YIYJI8ZkPUi59kQQ","workflowName":"My workflow","executionId":"58","nodeType":"n8n-nodes-base.respondToWebhook","nodeName":"Respond to Webhook","nodeId":"4299c8c6-af2f-4b17-be27-4cb1faf7742f"}}
{"__type":"$$EventMessageConfirm","confirm":"c38c9d22-0968-4127-99bd-6e8d87028102","ts":"2026-04-05T13:15:18.046-04:00","source":{"id":"0","name":"eventBus"}}
{"__type":"$$EventMessageWorkflow","id":"08740116-2e8d-4867-9cdb-98b1ddf5cae7","ts":"2026-04-05T13:15:18.051-04:00","eventName":"n8n.workflow.failed","message":"n8n.workflow.failed","payload":{"userId":"5dbe17fd-2bf6-4d1e-ad71-13ee612d9454","executionId":"58","success":false,"isManual":true,"mode":"manual","workflowId":"YIYJI8ZkPUi59kQQ","workflowName":"My workflow","lastNodeExecuted":"Respond to Webhook","errorNodeType":"n8n-nodes-base.respondToWebhook","errorMessage":"Invalid JSON in 'Response Body' field"}}
{"__type":"$$EventMessageConfirm","confirm":"08740116-2e8d-4867-9cdb-98b1ddf5cae7","ts":"2026-04-05T13:15:18.051-04:00","source":{"id":"0","name":"eventBus"}}
{"__type":"$$EventMessageAudit","id":"7127eb70-e2bd-4496-b8e9-de7ccf384c45","ts":"2026-04-05T13:16:25.205-04:00","eventName":"n8n.audit.workflow.updated","message":"n8n.audit.workflow.updated","payload":{"userId":"5dbe17fd-2bf6-4d1e-ad71-13ee612d9454","_email":"joao.basa.18@gmail.com","_firstName":"Joao","_lastName":"Basanta","globalRole":"global:owner","workflowId":"YIYJI8ZkPUi59kQQ","workflowName":"My workflow"}}
{"__type":"$$EventMessageConfirm","confirm":"7127eb70-e2bd-4496-b8e9-de7ccf384c45","ts":"2026-04-05T13:16:25.206-04:00","source":{"id":"0","name":"eventBus"}}
{"__type":"$$EventMessageAudit","id":"f221ea34-3822-42a9-a519-aed1290e8057","ts":"2026-04-05T13:16:32.087-04:00","eventName":"n8n.audit.workflow.updated","message":"n8n.audit.workflow.updated","payload":{"userId":"5dbe17fd-2bf6-4d1e-ad71-13ee612d9454","_email":"joao.basa.18@gmail.com","_firstName":"Joao","_lastName":"Basanta","globalRole":"global:owner","workflowId":"YIYJI8ZkPUi59kQQ","workflowName":"My workflow"}}
{"__type":"$$EventMessageConfirm","confirm":"f221ea34-3822-42a9-a519-aed1290e8057","ts":"2026-04-05T13:16:32.088-04:00","source":{"id":"0","name":"eventBus"}}
{"__type":"$$EventMessageAudit","id":"bd7c159b-5ff5-4d34-9583-3db9b9a05cd2","ts":"2026-04-05T13:16:39.260-04:00","eventName":"n8n.audit.workflow.updated","message":"n8n.audit.workflow.updated","payload":{"userId":"5dbe17fd-2bf6-4d1e-ad71-13ee612d9454","_email":"joao.basa.18@gmail.com","_firstName":"Joao","_lastName":"Basanta","globalRole":"global:owner","workflowId":"YIYJI8ZkPUi59kQQ","workflowName":"My workflow"}}
{"__type":"$$EventMessageConfirm","confirm":"bd7c159b-5ff5-4d34-9583-3db9b9a05cd2","ts":"2026-04-05T13:16:39.261-04:00","source":{"id":"0","name":"eventBus"}}
{"__type":"$$EventMessageWorkflow","id":"aaa9d7f4-fceb-43ca-8d73-436b32f52d98","ts":"2026-04-05T13:16:45.102-04:00","eventName":"n8n.workflow.started","message":"n8n.workflow.started","payload":{"executionId":"59","workflowId":"YIYJI8ZkPUi59kQQ","isManual":false,"mode":"manual","workflowName":"My workflow"}}
{"__type":"$$EventMessageConfirm","confirm":"aaa9d7f4-fceb-43ca-8d73-436b32f52d98","ts":"2026-04-05T13:16:45.103-04:00","source":{"id":"0","name":"eventBus"}}
{"__type":"$$EventMessageAudit","id":"c606f0f8-b9a2-415a-9ad7-cba28ba3f462","ts":"2026-04-05T13:16:45.104-04:00","eventName":"n8n.audit.workflow.executed","message":"n8n.audit.workflow.executed","payload":{"userId":"5dbe17fd-2bf6-4d1e-ad71-13ee612d9454","_email":"joao.basa.18@gmail.com","_firstName":"Joao","_lastName":"Basanta","globalRole":"global:owner","workflowId":"YIYJI8ZkPUi59kQQ","workflowName":"My workflow","executionId":"59","source":"user-manual"}}
{"__type":"$$EventMessageConfirm","confirm":"c606f0f8-b9a2-415a-9ad7-cba28ba3f462","ts":"2026-04-05T13:16:45.104-04:00","source":{"id":"0","name":"eventBus"}}
{"__type":"$$EventMessageNode","id":"025832ca-c16a-40cd-b23c-d53d33ffeea4","ts":"2026-04-05T13:16:45.124-04:00","eventName":"n8n.node.started","message":"n8n.node.started","payload":{"workflowId":"YIYJI8ZkPUi59kQQ","workflowName":"My workflow","executionId":"59","nodeType":"n8n-nodes-base.respondToWebhook","nodeName":"Respond to Webhook","nodeId":"4299c8c6-af2f-4b17-be27-4cb1faf7742f"}}
{"__type":"$$EventMessageConfirm","confirm":"025832ca-c16a-40cd-b23c-d53d33ffeea4","ts":"2026-04-05T13:16:45.125-04:00","source":{"id":"0","name":"eventBus"}}
{"__type":"$$EventMessageNode","id":"38c88818-af15-435b-bfd3-70bb4459b21b","ts":"2026-04-05T13:16:45.144-04:00","eventName":"n8n.node.finished","message":"n8n.node.finished","payload":{"workflowId":"YIYJI8ZkPUi59kQQ","workflowName":"My workflow","executionId":"59","nodeType":"n8n-nodes-base.respondToWebhook","nodeName":"Respond to Webhook","nodeId":"4299c8c6-af2f-4b17-be27-4cb1faf7742f"}}
{"__type":"$$EventMessageConfirm","confirm":"38c88818-af15-435b-bfd3-70bb4459b21b","ts":"2026-04-05T13:16:45.144-04:00","source":{"id":"0","name":"eventBus"}}
{"__type":"$$EventMessageWorkflow","id":"db5c9c78-218d-459b-890d-e7c8997b083b","ts":"2026-04-05T13:16:45.147-04:00","eventName":"n8n.workflow.failed","message":"n8n.workflow.failed","payload":{"userId":"5dbe17fd-2bf6-4d1e-ad71-13ee612d9454","executionId":"59","success":false,"isManual":true,"mode":"manual","workflowId":"YIYJI8ZkPUi59kQQ","workflowName":"My workflow","lastNodeExecuted":"Respond to Webhook","errorNodeType":"n8n-nodes-base.respondToWebhook","errorMessage":"Invalid JSON in 'Response Body' field"}}
{"__type":"$$EventMessageConfirm","confirm":"db5c9c78-218d-459b-890d-e7c8997b083b","ts":"2026-04-05T13:16:45.147-04:00","source":{"id":"0","name":"eventBus"}}
{"__type":"$$EventMessageAudit","id":"232f1ded-b7b0-4158-b9f1-68550a713bbc","ts":"2026-04-05T13:16:59.662-04:00","eventName":"n8n.audit.workflow.updated","message":"n8n.audit.workflow.updated","payload":{"userId":"5dbe17fd-2bf6-4d1e-ad71-13ee612d9454","_email":"joao.basa.18@gmail.com","_firstName":"Joao","_lastName":"Basanta","globalRole":"global:owner","workflowId":"YIYJI8ZkPUi59kQQ","workflowName":"My workflow"}}
{"__type":"$$EventMessageConfirm","confirm":"232f1ded-b7b0-4158-b9f1-68550a713bbc","ts":"2026-04-05T13:16:59.663-04:00","source":{"id":"0","name":"eventBus"}}
{"__type":"$$EventMessageAudit","id":"3c3fe566-1ed6-4138-8a47-ed4403ed9b61","ts":"2026-04-05T13:17:01.443-04:00","eventName":"n8n.audit.workflow.updated","message":"n8n.audit.workflow.updated","payload":{"userId":"5dbe17fd-2bf6-4d1e-ad71-13ee612d9454","_email":"joao.basa.18@gmail.com","_firstName":"Joao","_lastName":"Basanta","globalRole":"global:owner","workflowId":"YIYJI8ZkPUi59kQQ","workflowName":"My workflow"}}
{"__type":"$$EventMessageConfirm","confirm":"3c3fe566-1ed6-4138-8a47-ed4403ed9b61","ts":"2026-04-05T13:17:01.444-04:00","source":{"id":"0","name":"eventBus"}}
{"__type":"$$EventMessageAudit","id":"77552086-1120-464e-99f7-3d6135f9c7f5","ts":"2026-04-05T13:17:02.587-04:00","eventName":"n8n.audit.workflow.updated","message":"n8n.audit.workflow.updated","payload":{"userId":"5dbe17fd-2bf6-4d1e-ad71-13ee612d9454","_email":"joao.basa.18@gmail.com","_firstName":"Joao","_lastName":"Basanta","globalRole":"global:owner","workflowId":"YIYJI8ZkPUi59kQQ","workflowName":"My workflow"}}
{"__type":"$$EventMessageConfirm","confirm":"77552086-1120-464e-99f7-3d6135f9c7f5","ts":"2026-04-05T13:17:02.587-04:00","source":{"id":"0","name":"eventBus"}}
{"__type":"$$EventMessageWorkflow","id":"fd0b07d7-dd44-436f-b9cf-790768af65a7","ts":"2026-04-05T13:17:02.691-04:00","eventName":"n8n.workflow.started","message":"n8n.workflow.started","payload":{"executionId":"60","workflowId":"YIYJI8ZkPUi59kQQ","isManual":false,"mode":"manual","workflowName":"My workflow"}}
{"__type":"$$EventMessageConfirm","confirm":"fd0b07d7-dd44-436f-b9cf-790768af65a7","ts":"2026-04-05T13:17:02.692-04:00","source":{"id":"0","name":"eventBus"}}
{"__type":"$$EventMessageAudit","id":"d6ebcfb3-397f-47b2-8782-6aaa1ea4b03d","ts":"2026-04-05T13:17:02.693-04:00","eventName":"n8n.audit.workflow.executed","message":"n8n.audit.workflow.executed","payload":{"userId":"5dbe17fd-2bf6-4d1e-ad71-13ee612d9454","_email":"joao.basa.18@gmail.com","_firstName":"Joao","_lastName":"Basanta","globalRole":"global:owner","workflowId":"YIYJI8ZkPUi59kQQ","workflowName":"My workflow","executionId":"60","source":"user-manual"}}
{"__type":"$$EventMessageConfirm","confirm":"d6ebcfb3-397f-47b2-8782-6aaa1ea4b03d","ts":"2026-04-05T13:17:02.694-04:00","source":{"id":"0","name":"eventBus"}}
{"__type":"$$EventMessageNode","id":"8b0f53c3-2d3d-4e9a-a7b5-ac784396e5ad","ts":"2026-04-05T13:17:02.714-04:00","eventName":"n8n.node.started","message":"n8n.node.started","payload":{"workflowId":"YIYJI8ZkPUi59kQQ","workflowName":"My workflow","executionId":"60","nodeType":"n8n-nodes-base.respondToWebhook","nodeName":"Respond to Webhook","nodeId":"4299c8c6-af2f-4b17-be27-4cb1faf7742f"}}
{"__type":"$$EventMessageConfirm","confirm":"8b0f53c3-2d3d-4e9a-a7b5-ac784396e5ad","ts":"2026-04-05T13:17:02.714-04:00","source":{"id":"0","name":"eventBus"}}
{"__type":"$$EventMessageNode","id":"ca19ce78-887f-470b-9828-44c65c0aa76a","ts":"2026-04-05T13:17:02.726-04:00","eventName":"n8n.node.finished","message":"n8n.node.finished","payload":{"workflowId":"YIYJI8ZkPUi59kQQ","workflowName":"My workflow","executionId":"60","nodeType":"n8n-nodes-base.respondToWebhook","nodeName":"Respond to Webhook","nodeId":"4299c8c6-af2f-4b17-be27-4cb1faf7742f"}}
{"__type":"$$EventMessageConfirm","confirm":"ca19ce78-887f-470b-9828-44c65c0aa76a","ts":"2026-04-05T13:17:02.726-04:00","source":{"id":"0","name":"eventBus"}}
{"__type":"$$EventMessageWorkflow","id":"45dd691d-18f2-4179-9b91-6d1d44d8a688","ts":"2026-04-05T13:17:02.731-04:00","eventName":"n8n.workflow.success","message":"n8n.workflow.success","payload":{"userId":"5dbe17fd-2bf6-4d1e-ad71-13ee612d9454","executionId":"60","success":true,"isManual":true,"mode":"manual","workflowId":"YIYJI8ZkPUi59kQQ","workflowName":"My workflow"}}
{"__type":"$$EventMessageConfirm","confirm":"45dd691d-18f2-4179-9b91-6d1d44d8a688","ts":"2026-04-05T13:17:02.731-04:00","source":{"id":"0","name":"eventBus"}}
{"__type":"$$EventMessageAudit","id":"ce1f8d59-db92-433e-b959-246cb49c1320","ts":"2026-04-05T13:17:03.127-04:00","eventName":"n8n.audit.workflow.updated","message":"n8n.audit.workflow.updated","payload":{"userId":"5dbe17fd-2bf6-4d1e-ad71-13ee612d9454","_email":"joao.basa.18@gmail.com","_firstName":"Joao","_lastName":"Basanta","globalRole":"global:owner","workflowId":"YIYJI8ZkPUi59kQQ","workflowName":"My workflow"}}
{"__type":"$$EventMessageConfirm","confirm":"ce1f8d59-db92-433e-b959-246cb49c1320","ts":"2026-04-05T13:17:03.127-04:00","source":{"id":"0","name":"eventBus"}}
{"__type":"$$EventMessageAudit","id":"01c9ec8a-7978-457c-af31-2f93c83441e6","ts":"2026-04-05T13:18:12.712-04:00","eventName":"n8n.audit.workflow.deactivated","message":"n8n.audit.workflow.deactivated","payload":{"userId":"5dbe17fd-2bf6-4d1e-ad71-13ee612d9454","_email":"joao.basa.18@gmail.com","_firstName":"Joao","_lastName":"Basanta","globalRole":"global:owner","workflowId":"YIYJI8ZkPUi59kQQ","workflowName":"My workflow","deactivatedVersionId":"187f17b0-4546-43ba-99e7-c58f8dfec098"}}
{"__type":"$$EventMessageConfirm","confirm":"01c9ec8a-7978-457c-af31-2f93c83441e6","ts":"2026-04-05T13:18:12.713-04:00","source":{"id":"0","name":"eventBus"}}
{"__type":"$$EventMessageAudit","id":"a7a23e39-5ceb-4e66-9009-34c6703fc0c4","ts":"2026-04-05T13:18:12.782-04:00","eventName":"n8n.audit.workflow.activated","message":"n8n.audit.workflow.activated","payload":{"userId":"5dbe17fd-2bf6-4d1e-ad71-13ee612d9454","_email":"joao.basa.18@gmail.com","_firstName":"Joao","_lastName":"Basanta","globalRole":"global:owner","workflowId":"YIYJI8ZkPUi59kQQ","workflowName":"My workflow","activeVersionId":"c7ac8869-a239-403d-a408-607bb4d22c12"}}
{"__type":"$$EventMessageConfirm","confirm":"a7a23e39-5ceb-4e66-9009-34c6703fc0c4","ts":"2026-04-05T13:18:12.782-04:00","source":{"id":"0","name":"eventBus"}}
{"__type":"$$EventMessageWorkflow","id":"f16d8a59-abed-48fc-9cd7-5221ea3bbe40","ts":"2026-04-05T13:18:27.154-04:00","eventName":"n8n.workflow.started","message":"n8n.workflow.started","payload":{"executionId":"61","workflowId":"YIYJI8ZkPUi59kQQ","isManual":false,"mode":"webhook","workflowName":"My workflow"}}
{"__type":"$$EventMessageConfirm","confirm":"f16d8a59-abed-48fc-9cd7-5221ea3bbe40","ts":"2026-04-05T13:18:27.155-04:00","source":{"id":"0","name":"eventBus"}}
{"__type":"$$EventMessageAudit","id":"3b707aa1-c7c4-46e5-84cd-62463828e6a0","ts":"2026-04-05T13:18:27.155-04:00","eventName":"n8n.audit.workflow.executed","message":"n8n.audit.workflow.executed","payload":{"workflowId":"YIYJI8ZkPUi59kQQ","workflowName":"My workflow","executionId":"61","source":"webhook"}}
{"__type":"$$EventMessageConfirm","confirm":"3b707aa1-c7c4-46e5-84cd-62463828e6a0","ts":"2026-04-05T13:18:27.155-04:00","source":{"id":"0","name":"eventBus"}}
{"__type":"$$EventMessageNode","id":"b2f31676-24e5-42a5-92b2-b6582c9ee5d1","ts":"2026-04-05T13:18:27.155-04:00","eventName":"n8n.node.started","message":"n8n.node.started","payload":{"workflowId":"YIYJI8ZkPUi59kQQ","workflowName":"My workflow","executionId":"61","nodeType":"n8n-nodes-base.webhook","nodeName":"Webhook","nodeId":"209ba0bd-158f-46b3-92d3-3e67fbfaeb46"}}
{"__type":"$$EventMessageConfirm","confirm":"b2f31676-24e5-42a5-92b2-b6582c9ee5d1","ts":"2026-04-05T13:18:27.155-04:00","source":{"id":"0","name":"eventBus"}}
{"__type":"$$EventMessageNode","id":"3bcc0019-893c-4630-baab-1e00b7d2f63b","ts":"2026-04-05T13:18:27.155-04:00","eventName":"n8n.node.finished","message":"n8n.node.finished","payload":{"workflowId":"YIYJI8ZkPUi59kQQ","workflowName":"My workflow","executionId":"61","nodeType":"n8n-nodes-base.webhook","nodeName":"Webhook","nodeId":"209ba0bd-158f-46b3-92d3-3e67fbfaeb46"}}
{"__type":"$$EventMessageConfirm","confirm":"3bcc0019-893c-4630-baab-1e00b7d2f63b","ts":"2026-04-05T13:18:27.155-04:00","source":{"id":"0","name":"eventBus"}}
{"__type":"$$EventMessageNode","id":"a05c46f6-efa3-4809-b92a-9a054073f008","ts":"2026-04-05T13:18:27.156-04:00","eventName":"n8n.node.started","message":"n8n.node.started","payload":{"workflowId":"YIYJI8ZkPUi59kQQ","workflowName":"My workflow","executionId":"61","nodeType":"@n8n/n8n-nodes-langchain.agent","nodeName":"AI Agent","nodeId":"9a07d0c0-fee7-4cf3-bf7c-e89cbd9d96c9"}}
{"__type":"$$EventMessageConfirm","confirm":"a05c46f6-efa3-4809-b92a-9a054073f008","ts":"2026-04-05T13:18:27.156-04:00","source":{"id":"0","name":"eventBus"}}
{"__type":"$$EventMessageNode","id":"a9d5a370-387b-4b4c-9568-3d227c3b548c","ts":"2026-04-05T13:18:27.244-04:00","eventName":"n8n.node.started","message":"n8n.node.started","payload":{"workflowId":"YIYJI8ZkPUi59kQQ","workflowName":"My workflow","executionId":"61","nodeType":"@n8n/n8n-nodes-langchain.memoryMongoDbChat","nodeName":"MongoDB Chat Memory","nodeId":"754b91b0-51fa-4134-b475-fabea68a7ceb"}}
{"__type":"$$EventMessageConfirm","confirm":"a9d5a370-387b-4b4c-9568-3d227c3b548c","ts":"2026-04-05T13:18:27.244-04:00","source":{"id":"0","name":"eventBus"}}
{"__type":"$$EventMessageNode","id":"186f12c8-40c5-4d5a-b417-d5cfc6739eca","ts":"2026-04-05T13:18:27.253-04:00","eventName":"n8n.node.finished","message":"n8n.node.finished","payload":{"workflowId":"YIYJI8ZkPUi59kQQ","workflowName":"My workflow","executionId":"61","nodeType":"@n8n/n8n-nodes-langchain.memoryMongoDbChat","nodeName":"MongoDB Chat Memory","nodeId":"754b91b0-51fa-4134-b475-fabea68a7ceb"}}
{"__type":"$$EventMessageConfirm","confirm":"186f12c8-40c5-4d5a-b417-d5cfc6739eca","ts":"2026-04-05T13:18:27.253-04:00","source":{"id":"0","name":"eventBus"}}
{"__type":"$$EventMessageNode","id":"c11b92d4-6e6f-4ddd-85e2-7e142b262652","ts":"2026-04-05T13:18:27.270-04:00","eventName":"n8n.node.started","message":"n8n.node.started","payload":{"workflowId":"YIYJI8ZkPUi59kQQ","workflowName":"My workflow","executionId":"61","nodeType":"@n8n/n8n-nodes-langchain.lmChatMistralCloud","nodeName":"Mistral Cloud Chat Model","nodeId":"6706a3b2-63a3-45f7-ae3e-bb739a864c95"}}
{"__type":"$$EventMessageConfirm","confirm":"c11b92d4-6e6f-4ddd-85e2-7e142b262652","ts":"2026-04-05T13:18:27.270-04:00","source":{"id":"0","name":"eventBus"}}
{"__type":"$$EventMessageNode","id":"3c32a612-9a3a-47ee-a9a5-8cebc8a8bff5","ts":"2026-04-05T13:18:27.938-04:00","eventName":"n8n.node.finished","message":"n8n.node.finished","payload":{"workflowId":"YIYJI8ZkPUi59kQQ","workflowName":"My workflow","executionId":"61","nodeType":"@n8n/n8n-nodes-langchain.lmChatMistralCloud","nodeName":"Mistral Cloud Chat Model","nodeId":"6706a3b2-63a3-45f7-ae3e-bb739a864c95"}}
{"__type":"$$EventMessageConfirm","confirm":"3c32a612-9a3a-47ee-a9a5-8cebc8a8bff5","ts":"2026-04-05T13:18:27.938-04:00","source":{"id":"0","name":"eventBus"}}
{"__type":"$$EventMessageAiNode","id":"7147a78f-d7ff-46ad-9e34-1cd5e701e725","ts":"2026-04-05T13:18:27.938-04:00","eventName":"n8n.ai.llm.generated","message":"n8n.ai.llm.generated","payload":{"executionId":"61","nodeName":"Mistral Cloud Chat Model","workflowName":"My workflow","nodeType":"@n8n/n8n-nodes-langchain.lmChatMistralCloud","workflowId":"YIYJI8ZkPUi59kQQ","msg":"{\"messages\":[\"Human: Eres un asistente inteligente de ServiceDesk.\\n\\nTu función es ayudar a los usuarios a resolver problemas de TI.\\n\\nDispones de una herramienta llamada crear_ticket.\\n\\nReglas:\\n\\n- Si el usuario reporta un problema, debes usar la herramienta crear_ticket.\\n- No generes JSON manualmente.\\n- No menciones que estás usando herramientas.\\n\\n- Después de usar la herramienta, debes responder al usuario incluyendo el ID del ticket generado (campo \\\"ID-ITIL\\\").\\n\\n- Ejemplo de respuesta:\\n  \\\"Se ha creado el ticket INC-0000001 correctamente.\\\"\\n\\n- Si el usuario solo conversa, responde normalmente.\\n\\nUsuario dijo:\\nHola\\nAI: Hola, ¿en qué puedo ayudarte?\\nHuman: Eres un asistente inteligente de ServiceDesk.\\n\\nTu función es ayudar a los usuarios a resolver problemas de TI.\\n\\nDispones de una herramienta llamada crear_ticket.\\n\\nReglas:\\n\\n- Si el usuario reporta un problema, debes usar la herramienta crear_ticket.\\n- No generes JSON manualmente.\\n- No menciones que estás usando herramientas.\\n\\n- Después de usar la herramienta, debes responder al usuario incluyendo el ID del ticket generado (campo \\\"ID-ITIL\\\").\\n\\n- Ejemplo de respuesta:\\n  \\\"Se ha creado el ticket INC-0000001 correctamente.\\\"\\n\\n- Si el usuario solo conversa, responde normalmente.\\n\\nUsuario dijo:\\nHola, qué tal? ayudame a crear un ticket, el monitor de una compañera que se sienta a mi lado no funciona, estamos en la sede de San Isidro.\\nAI: Calling crear_ticket with input: {\\\"prioridad\\\":\\\"Media\\\",\\\"descripcion_html\\\":\\\"El monitor de una compañera que se sienta a mi lado no funciona, estamos en la sede de San Isidro.\\\",\\\"articulo\\\":\\\"Monitor\\\",\\\"categoria\\\":\\\"Hardware\\\",\\\"solicitante\\\":\\\"web-user\\\",\\\"subcategoria\\\":\\\"General\\\",\\\"asunto\\\":\\\"Monitor no funciona en San Isidro\\\",\\\"tipo_solicitud\\\":\\\"Incidencia\\\",\\\"id\\\":\\\"Do708ya4e\\\"}[{\\\"id\\\":\\\"Do708ya4e\\\",\\\"name\\\":\\\"crear_ticket\\\",\\\"args\\\":{\\\"prioridad\\\":\\\"Media\\\",\\\"descripcion_html\\\":\\\"El monitor de una compañera que se sienta a mi lado no funciona, estamos en la sede de San Isidro.\\\",\\\"articulo\\\":\\\"Monitor\\\",\\\"categoria\\\":\\\"Hardware\\\",\\\"solicitante\\\":\\\"web-user\\\",\\\"subcategoria\\\":\\\"General\\\",\\\"asunto\\\":\\\"Monitor no funciona en San Isidro\\\",\\\"tipo_solicitud\\\":\\\"Incidencia\\\",\\\"id\\\":\\\"Do708ya4e\\\"},\\\"type\\\":\\\"tool_call\\\"}]\\nTool: crear_ticket, [{\\\"_id\\\":\\\"69d2793d8212b0c3c94c32bd\\\",\\\"solicitante\\\":\\\"web-user\\\",\\\"tipo_solicitud\\\":\\\"Incidencia\\\",\\\"prioridad\\\":\\\"Media\\\",\\\"estado\\\":\\\"Abierto\\\",\\\"modo\\\":\\\"Sin especificar\\\",\\\"sucursal\\\":\\\"Sin especificar\\\",\\\"categoria\\\":\\\"Hardware\\\",\\\"subcategoria\\\":\\\"General\\\",\\\"articulo\\\":\\\"Monitor\\\",\\\"asunto\\\":\\\"Monitor no funciona en San Isidro\\\",\\\"descripcion_html\\\":\\\"El monitor de una compañera que se sienta a mi lado no funciona, estamos en la sede de San Isidro.\\\",\\\"ID-ITIL\\\":\\\"INC-0000006\\\",\\\"resolucion\\\":null,\\\"fecha_creacion\\\":\\\"2026-04-05T15:01:17.122000\\\"}]\\nAI: Se ha creado el ticket INC-0000006 correctamente. ¿Necesitas ayuda con algo más?\\nHuman: Eres un asistente inteligente de ServiceDesk.\\n\\nTu función es ayudar a los usuarios a resolver problemas de TI.\\n\\nDispones de una herramienta llamada crear_ticket.\\n\\nReglas:\\n\\n- Si el usuario reporta un problema, debes usar la herramienta crear_ticket.\\n- Nunca generes JSON manualmente.\\n- No menciones que estás usando herramientas.\\n- Antes de usar crear_ticket, asegúrate de tener toda la información completa:\\n\\n  1. solicitante → se llena automáticamente con \\\"usuario de ia\\\".\\n  2. tipo_solicitud → solo \\\"Requerimiento\\\" o \\\"Incidente\\\". Si no está claro, pregúntalo al usuario.\\n  3. prioridad → \\\"Alta\\\", \\\"Normal\\\" o \\\"Baja\\\". Pregunta si no está claro.\\n  4. estado → por defecto \\\"Abierto\\\". Si el ticket ya tiene responsable, usa \\\"Asignado\\\". Si falta información, usa \\\"En espera\\\".\\n  5. modo → \\\"Chat\\\", \\\"Email\\\", \\\"Mobile App\\\", \\\"Phone Call\\\" o \\\"Web Form\\\". Pregunta si no está claro.\\n  6. sucursal → 9 posibilidades. Para ahora, usa \\\"Sucursal 1\\\" si no se indica.\\n  7. categoria / subcategoria / articulo → usar cualquier valor de relleno por ahora (\\\"Categoria X\\\", \\\"Subcategoria Y\\\", \\\"Articulo Z\\\").\\n  8. asunto → preguntar al usuario si no está claro.\\n  9. descripcion_html → genera un diseño bonito con estilo HTML. Ejemplo:\\n     <div style=\\\"font-family:Arial,sans-serif;color:#333;\\\">\\n       <p><strong>Reporte del usuario:</strong> El usuario reporta que </p>\\n     </div>\\n     donde  es lo que el usuario escribió.\\n\\n- Nunca envíes el ticket si falta algún dato obligatorio; primero pregunta al usuario lo que falta.\\n- Después de usar la herramienta, responde al usuario indicando el ID del ticket generado (campo \\\"ID-ITIL\\\").\\n- Si el usuario solo conversa, responde normalmente.\\n\\nUsuario dijo:\\nHola qué tal? ayudame con un tema de mi monitor\\nAI: ¡Hola! Claro, puedo ayudarte. Para crear un ticket sobre el problema con tu monitor, necesito algunos detalles:\\n\\n1. **Tipo de solicitud**: ¿Es un incidente (algo que no funciona) o un requerimiento (algo que necesitas)?\\n2. **Prioridad**: ¿Consideras que es de prioridad alta, normal o baja?\\n3. **Modo de contacto**: ¿Cómo prefieres que te contactemos? (Chat, Email, Mobile App, Phone Call o Web Form).\\n4. **Asunto**: ¿Podrías resumir en una frase el problema? Por ejemplo: \\\"Monitor no enciende\\\" o \\\"Problema con la pantalla del monitor\\\".\\n\\nCon esta información, podré crear el ticket correctamente.\\nHuman: Eres un asistente inteligente de ServiceDesk.\\n\\nTu función es ayudar a los usuarios a resolver problemas de TI.\\n\\nDispones de una herramienta llamada crear_ticket.\\n\\nReglas:\\n\\n- Si el usuario reporta un problema, debes usar la herramienta crear_ticket.\\n- Nunca generes JSON manualmente.\\n- No menciones que estás usando herramientas.\\n- Antes de usar crear_ticket, asegúrate de tener toda la información completa:\\n\\n  1. solicitante → se llena automáticamente con \\\"usuario de ia\\\".\\n  2. tipo_solicitud → solo \\\"Requerimiento\\\" o \\\"Incidente\\\". Si no está claro, pregúntalo al usuario.\\n  3. prioridad → \\\"Alta\\\", \\\"Normal\\\" o \\\"Baja\\\". Pregunta si no está claro.\\n  4. estado → por defecto \\\"Abierto\\\". Si el ticket ya tiene responsable, usa \\\"Asignado\\\". Si falta información, usa \\\"En espera\\\".\\n  5. modo → \\\"Chat\\\", \\\"Email\\\", \\\"Mobile App\\\", \\\"Phone Call\\\" o \\\"Web Form\\\". Pregunta si no está claro.\\n  6. sucursal → 9 posibilidades. Para ahora, usa \\\"Sucursal 1\\\" si no se indica.\\n  7. categoria / subcategoria / articulo → usar cualquier valor de relleno por ahora (\\\"Categoria X\\\", \\\"Subcategoria Y\\\", \\\"Articulo Z\\\").\\n  8. asunto → preguntar al usuario si no está claro.\\n  9. descripcion_html → genera un diseño bonito con estilo HTML. Ejemplo:\\n     <div style=\\\"font-family:Arial,sans-serif;color:#333;\\\">\\n       <p><strong>Reporte del usuario:</strong> El usuario reporta que </p>\\n     </div>\\n     donde  es lo que el usuario escribió.\\n\\n- Nunca envíes el ticket si falta algún dato obligatorio; primero pregunta al usuario lo que falta.\\n- Después de usar la herramienta, responde al usuario indicando el ID del ticket generado (campo \\\"ID-ITIL\\\").\\n- Si el usuario solo conversa, responde normalmente.\\n\\nUsuario dijo:\\nHola\\nAI: ¡Hola! ¿En qué puedo ayudarte hoy? 😊\\nHuman: Eres un asistente inteligente de ServiceDesk.\\n\\nTu función es ayudar a los usuarios a resolver problemas de TI.\\n\\nDispones de una herramienta llamada crear_ticket.\\n\\nReglas:\\n\\n- Si el usuario reporta un problema, debes usar la herramienta crear_ticket.\\n- Nunca generes JSON manualmente.\\n- No menciones que estás usando herramientas.\\n- Antes de usar crear_ticket, asegúrate de tener toda la información completa:\\n\\n  1. solicitante → se llena automáticamente con \\\"usuario de ia\\\".\\n  2. tipo_solicitud → solo \\\"Requerimiento\\\" o \\\"Incidente\\\". Si no está claro, pregúntalo al usuario.\\n  3. prioridad → \\\"Alta\\\", \\\"Normal\\\" o \\\"Baja\\\". Pregunta si no está claro.\\n  4. estado → por defecto \\\"Abierto\\\". Si el ticket ya tiene responsable, usa \\\"Asignado\\\". Si falta información, usa \\\"En espera\\\".\\n  5. modo → \\\"Chat\\\", \\\"Email\\\", \\\"Mobile App\\\", \\\"Phone Call\\\" o \\\"Web Form\\\". Pregunta si no está claro.\\n  6. sucursal → 9 posibilidades. Para ahora, usa \\\"Sucursal 1\\\" si no se indica.\\n  7. categoria / subcategoria / articulo → usar cualquier valor de relleno por ahora (\\\"Categoria X\\\", \\\"Subcategoria Y\\\", \\\"Articulo Z\\\").\\n  8. asunto → preguntar al usuario si no está claro.\\n  9. descripcion_html → genera un diseño bonito con estilo HTML. Ejemplo:\\n     <div style=\\\"font-family:Arial,sans-serif;color:#333;\\\">\\n       <p><strong>Reporte del usuario:</strong> El usuario reporta que </p>\\n     </div>\\n     donde  es lo que el usuario escribió.\\n\\n- Nunca envíes el ticket si falta algún dato obligatorio; primero pregunta al usuario lo que falta.\\n- Después de usar la herramienta, responde al usuario indicando el ID del ticket generado (campo \\\"ID-ITIL\\\").\\n- Si el usuario solo conversa, responde normalmente.\\n\\nUsuario dijo:\\nHola\"],\"options\":{\"mistral_api_key\":{\"lc\":1,\"type\":\"secret\",\"id\":[\"MISTRAL_API_KEY\"]},\"model\":\"devstral-latest\",\"http_client\":{\"options\":{},\"requestHooks\":[],\"requestErrorHooks\":[],\"responseHooks\":[]},\"metadata\":{\"versions\":{\"@langchain/core\":\"1.1.34\"}}},\"response\":{\"response\":{\"generations\":[[{\"text\":\"¡Hola! ¿En qué puedo ayudarte hoy? 😊\",\"generationInfo\":{\"finishReason\":\"stop\"}}]]},\"tokenUsage\":{\"completionTokens\":16,\"promptTokens\":2339,\"totalTokens\":2355}}}"}}
{"__type":"$$EventMessageConfirm","confirm":"7147a78f-d7ff-46ad-9e34-1cd5e701e725","ts":"2026-04-05T13:18:27.938-04:00","source":{"id":"0","name":"eventBus"}}
{"__type":"$$EventMessageNode","id":"5befb4f6-ea76-4af1-bccb-db3713c29f6a","ts":"2026-04-05T13:18:27.939-04:00","eventName":"n8n.node.started","message":"n8n.node.started","payload":{"workflowId":"YIYJI8ZkPUi59kQQ","workflowName":"My workflow","executionId":"61","nodeType":"@n8n/n8n-nodes-langchain.memoryMongoDbChat","nodeName":"MongoDB Chat Memory","nodeId":"754b91b0-51fa-4134-b475-fabea68a7ceb"}}
{"__type":"$$EventMessageConfirm","confirm":"5befb4f6-ea76-4af1-bccb-db3713c29f6a","ts":"2026-04-05T13:18:27.939-04:00","source":{"id":"0","name":"eventBus"}}
{"__type":"$$EventMessageNode","id":"9636ee80-1e7e-4922-9f15-36bdef259509","ts":"2026-04-05T13:18:28.184-04:00","eventName":"n8n.node.finished","message":"n8n.node.finished","payload":{"workflowId":"YIYJI8ZkPUi59kQQ","workflowName":"My workflow","executionId":"61","nodeType":"@n8n/n8n-nodes-langchain.memoryMongoDbChat","nodeName":"MongoDB Chat Memory","nodeId":"754b91b0-51fa-4134-b475-fabea68a7ceb"}}
{"__type":"$$EventMessageConfirm","confirm":"9636ee80-1e7e-4922-9f15-36bdef259509","ts":"2026-04-05T13:18:28.184-04:00","source":{"id":"0","name":"eventBus"}}
{"__type":"$$EventMessageNode","id":"f779a278-6f20-4b15-922e-bfd5d40e3eef","ts":"2026-04-05T13:18:28.190-04:00","eventName":"n8n.node.finished","message":"n8n.node.finished","payload":{"workflowId":"YIYJI8ZkPUi59kQQ","workflowName":"My workflow","executionId":"61","nodeType":"@n8n/n8n-nodes-langchain.agent","nodeName":"AI Agent","nodeId":"9a07d0c0-fee7-4cf3-bf7c-e89cbd9d96c9"}}
{"__type":"$$EventMessageConfirm","confirm":"f779a278-6f20-4b15-922e-bfd5d40e3eef","ts":"2026-04-05T13:18:28.190-04:00","source":{"id":"0","name":"eventBus"}}
{"__type":"$$EventMessageNode","id":"602f462c-211e-422a-beac-fa55149fc79a","ts":"2026-04-05T13:18:28.191-04:00","eventName":"n8n.node.started","message":"n8n.node.started","payload":{"workflowId":"YIYJI8ZkPUi59kQQ","workflowName":"My workflow","executionId":"61","nodeType":"n8n-nodes-base.respondToWebhook","nodeName":"Respond to Webhook","nodeId":"4299c8c6-af2f-4b17-be27-4cb1faf7742f"}}
{"__type":"$$EventMessageConfirm","confirm":"602f462c-211e-422a-beac-fa55149fc79a","ts":"2026-04-05T13:18:28.191-04:00","source":{"id":"0","name":"eventBus"}}
{"__type":"$$EventMessageNode","id":"53974d80-98c9-4079-a16d-add9d58de74b","ts":"2026-04-05T13:18:28.202-04:00","eventName":"n8n.node.finished","message":"n8n.node.finished","payload":{"workflowId":"YIYJI8ZkPUi59kQQ","workflowName":"My workflow","executionId":"61","nodeType":"n8n-nodes-base.respondToWebhook","nodeName":"Respond to Webhook","nodeId":"4299c8c6-af2f-4b17-be27-4cb1faf7742f"}}
{"__type":"$$EventMessageConfirm","confirm":"53974d80-98c9-4079-a16d-add9d58de74b","ts":"2026-04-05T13:18:28.202-04:00","source":{"id":"0","name":"eventBus"}}
{"__type":"$$EventMessageWorkflow","id":"776bf856-0e62-46a4-84e5-3a5d29291989","ts":"2026-04-05T13:18:28.203-04:00","eventName":"n8n.workflow.success","message":"n8n.workflow.success","payload":{"executionId":"61","success":true,"isManual":false,"mode":"webhook","workflowId":"YIYJI8ZkPUi59kQQ","workflowName":"My workflow"}}
{"__type":"$$EventMessageConfirm","confirm":"776bf856-0e62-46a4-84e5-3a5d29291989","ts":"2026-04-05T13:18:28.203-04:00","source":{"id":"0","name":"eventBus"}}
{"__type":"$$EventMessageWorkflow","id":"e8d9bc0a-65b7-43d2-97a2-8a797dec8f31","ts":"2026-04-05T13:18:37.588-04:00","eventName":"n8n.workflow.started","message":"n8n.workflow.started","payload":{"executionId":"62","workflowId":"YIYJI8ZkPUi59kQQ","isManual":false,"mode":"webhook","workflowName":"My workflow"}}
{"__type":"$$EventMessageConfirm","confirm":"e8d9bc0a-65b7-43d2-97a2-8a797dec8f31","ts":"2026-04-05T13:18:37.588-04:00","source":{"id":"0","name":"eventBus"}}
{"__type":"$$EventMessageAudit","id":"449cfd0d-7728-43ac-8883-e270b4271ee2","ts":"2026-04-05T13:18:37.589-04:00","eventName":"n8n.audit.workflow.executed","message":"n8n.audit.workflow.executed","payload":{"workflowId":"YIYJI8ZkPUi59kQQ","workflowName":"My workflow","executionId":"62","source":"webhook"}}
{"__type":"$$EventMessageConfirm","confirm":"449cfd0d-7728-43ac-8883-e270b4271ee2","ts":"2026-04-05T13:18:37.589-04:00","source":{"id":"0","name":"eventBus"}}
{"__type":"$$EventMessageNode","id":"7f72f455-14db-4288-8a83-99b8b027e65c","ts":"2026-04-05T13:18:37.589-04:00","eventName":"n8n.node.started","message":"n8n.node.started","payload":{"workflowId":"YIYJI8ZkPUi59kQQ","workflowName":"My workflow","executionId":"62","nodeType":"n8n-nodes-base.webhook","nodeName":"Webhook","nodeId":"209ba0bd-158f-46b3-92d3-3e67fbfaeb46"}}
{"__type":"$$EventMessageConfirm","confirm":"7f72f455-14db-4288-8a83-99b8b027e65c","ts":"2026-04-05T13:18:37.589-04:00","source":{"id":"0","name":"eventBus"}}
{"__type":"$$EventMessageNode","id":"ffde4ff0-b33f-4311-bfd0-b538dea81419","ts":"2026-04-05T13:18:37.589-04:00","eventName":"n8n.node.finished","message":"n8n.node.finished","payload":{"workflowId":"YIYJI8ZkPUi59kQQ","workflowName":"My workflow","executionId":"62","nodeType":"n8n-nodes-base.webhook","nodeName":"Webhook","nodeId":"209ba0bd-158f-46b3-92d3-3e67fbfaeb46"}}
{"__type":"$$EventMessageConfirm","confirm":"ffde4ff0-b33f-4311-bfd0-b538dea81419","ts":"2026-04-05T13:18:37.589-04:00","source":{"id":"0","name":"eventBus"}}
{"__type":"$$EventMessageNode","id":"e247e016-b3bf-4298-981a-ac2b7a6ed53e","ts":"2026-04-05T13:18:37.589-04:00","eventName":"n8n.node.started","message":"n8n.node.started","payload":{"workflowId":"YIYJI8ZkPUi59kQQ","workflowName":"My workflow","executionId":"62","nodeType":"@n8n/n8n-nodes-langchain.agent","nodeName":"AI Agent","nodeId":"9a07d0c0-fee7-4cf3-bf7c-e89cbd9d96c9"}}
{"__type":"$$EventMessageConfirm","confirm":"e247e016-b3bf-4298-981a-ac2b7a6ed53e","ts":"2026-04-05T13:18:37.589-04:00","source":{"id":"0","name":"eventBus"}}
{"__type":"$$EventMessageNode","id":"da93b389-9610-40de-a348-e55140685166","ts":"2026-04-05T13:18:37.617-04:00","eventName":"n8n.node.started","message":"n8n.node.started","payload":{"workflowId":"YIYJI8ZkPUi59kQQ","workflowName":"My workflow","executionId":"62","nodeType":"@n8n/n8n-nodes-langchain.memoryMongoDbChat","nodeName":"MongoDB Chat Memory","nodeId":"754b91b0-51fa-4134-b475-fabea68a7ceb"}}
{"__type":"$$EventMessageConfirm","confirm":"da93b389-9610-40de-a348-e55140685166","ts":"2026-04-05T13:18:37.617-04:00","source":{"id":"0","name":"eventBus"}}
{"__type":"$$EventMessageNode","id":"3b99c395-daba-45ed-81ea-701a6391e98f","ts":"2026-04-05T13:18:37.622-04:00","eventName":"n8n.node.finished","message":"n8n.node.finished","payload":{"workflowId":"YIYJI8ZkPUi59kQQ","workflowName":"My workflow","executionId":"62","nodeType":"@n8n/n8n-nodes-langchain.memoryMongoDbChat","nodeName":"MongoDB Chat Memory","nodeId":"754b91b0-51fa-4134-b475-fabea68a7ceb"}}
{"__type":"$$EventMessageConfirm","confirm":"3b99c395-daba-45ed-81ea-701a6391e98f","ts":"2026-04-05T13:18:37.622-04:00","source":{"id":"0","name":"eventBus"}}
{"__type":"$$EventMessageNode","id":"ca08848e-40b4-4190-b4bd-59bc4bb5af71","ts":"2026-04-05T13:18:37.642-04:00","eventName":"n8n.node.started","message":"n8n.node.started","payload":{"workflowId":"YIYJI8ZkPUi59kQQ","workflowName":"My workflow","executionId":"62","nodeType":"@n8n/n8n-nodes-langchain.lmChatMistralCloud","nodeName":"Mistral Cloud Chat Model","nodeId":"6706a3b2-63a3-45f7-ae3e-bb739a864c95"}}
{"__type":"$$EventMessageConfirm","confirm":"ca08848e-40b4-4190-b4bd-59bc4bb5af71","ts":"2026-04-05T13:18:37.642-04:00","source":{"id":"0","name":"eventBus"}}
{"__type":"$$EventMessageNode","id":"9b3c9a0c-78aa-452e-a7a1-0ff63103ecd4","ts":"2026-04-05T13:18:39.370-04:00","eventName":"n8n.node.finished","message":"n8n.node.finished","payload":{"workflowId":"YIYJI8ZkPUi59kQQ","workflowName":"My workflow","executionId":"62","nodeType":"@n8n/n8n-nodes-langchain.lmChatMistralCloud","nodeName":"Mistral Cloud Chat Model","nodeId":"6706a3b2-63a3-45f7-ae3e-bb739a864c95"}}
{"__type":"$$EventMessageConfirm","confirm":"9b3c9a0c-78aa-452e-a7a1-0ff63103ecd4","ts":"2026-04-05T13:18:39.371-04:00","source":{"id":"0","name":"eventBus"}}
{"__type":"$$EventMessageAiNode","id":"fdeeade1-3e64-41c7-9009-9244e9e7e593","ts":"2026-04-05T13:18:39.371-04:00","eventName":"n8n.ai.llm.generated","message":"n8n.ai.llm.generated","payload":{"executionId":"62","nodeName":"Mistral Cloud Chat Model","workflowName":"My workflow","nodeType":"@n8n/n8n-nodes-langchain.lmChatMistralCloud","workflowId":"YIYJI8ZkPUi59kQQ","msg":"{\"messages\":[\"Human: Eres un asistente inteligente de ServiceDesk.\\n\\nTu función es ayudar a los usuarios a resolver problemas de TI.\\n\\nDispones de una herramienta llamada crear_ticket.\\n\\nReglas:\\n\\n- Si el usuario reporta un problema, debes usar la herramienta crear_ticket.\\n- No generes JSON manualmente.\\n- No menciones que estás usando herramientas.\\n\\n- Después de usar la herramienta, debes responder al usuario incluyendo el ID del ticket generado (campo \\\"ID-ITIL\\\").\\n\\n- Ejemplo de respuesta:\\n  \\\"Se ha creado el ticket INC-0000001 correctamente.\\\"\\n\\n- Si el usuario solo conversa, responde normalmente.\\n\\nUsuario dijo:\\nHola, qué tal? ayudame a crear un ticket, el monitor de una compañera que se sienta a mi lado no funciona, estamos en la sede de San Isidro.\\nAI: Calling crear_ticket with input: {\\\"prioridad\\\":\\\"Media\\\",\\\"descripcion_html\\\":\\\"El monitor de una compañera que se sienta a mi lado no funciona, estamos en la sede de San Isidro.\\\",\\\"articulo\\\":\\\"Monitor\\\",\\\"categoria\\\":\\\"Hardware\\\",\\\"solicitante\\\":\\\"web-user\\\",\\\"subcategoria\\\":\\\"General\\\",\\\"asunto\\\":\\\"Monitor no funciona en San Isidro\\\",\\\"tipo_solicitud\\\":\\\"Incidencia\\\",\\\"id\\\":\\\"Do708ya4e\\\"}[{\\\"id\\\":\\\"Do708ya4e\\\",\\\"name\\\":\\\"crear_ticket\\\",\\\"args\\\":{\\\"prioridad\\\":\\\"Media\\\",\\\"descripcion_html\\\":\\\"El monitor de una compañera que se sienta a mi lado no funciona, estamos en la sede de San Isidro.\\\",\\\"articulo\\\":\\\"Monitor\\\",\\\"categoria\\\":\\\"Hardware\\\",\\\"solicitante\\\":\\\"web-user\\\",\\\"subcategoria\\\":\\\"General\\\",\\\"asunto\\\":\\\"Monitor no funciona en San Isidro\\\",\\\"tipo_solicitud\\\":\\\"Incidencia\\\",\\\"id\\\":\\\"Do708ya4e\\\"},\\\"type\\\":\\\"tool_call\\\"}]\\nTool: crear_ticket, [{\\\"_id\\\":\\\"69d2793d8212b0c3c94c32bd\\\",\\\"solicitante\\\":\\\"web-user\\\",\\\"tipo_solicitud\\\":\\\"Incidencia\\\",\\\"prioridad\\\":\\\"Media\\\",\\\"estado\\\":\\\"Abierto\\\",\\\"modo\\\":\\\"Sin especificar\\\",\\\"sucursal\\\":\\\"Sin especificar\\\",\\\"categoria\\\":\\\"Hardware\\\",\\\"subcategoria\\\":\\\"General\\\",\\\"articulo\\\":\\\"Monitor\\\",\\\"asunto\\\":\\\"Monitor no funciona en San Isidro\\\",\\\"descripcion_html\\\":\\\"El monitor de una compañera que se sienta a mi lado no funciona, estamos en la sede de San Isidro.\\\",\\\"ID-ITIL\\\":\\\"INC-0000006\\\",\\\"resolucion\\\":null,\\\"fecha_creacion\\\":\\\"2026-04-05T15:01:17.122000\\\"}]\\nAI: Se ha creado el ticket INC-0000006 correctamente. ¿Necesitas ayuda con algo más?\\nHuman: Eres un asistente inteligente de ServiceDesk.\\n\\nTu función es ayudar a los usuarios a resolver problemas de TI.\\n\\nDispones de una herramienta llamada crear_ticket.\\n\\nReglas:\\n\\n- Si el usuario reporta un problema, debes usar la herramienta crear_ticket.\\n- Nunca generes JSON manualmente.\\n- No menciones que estás usando herramientas.\\n- Antes de usar crear_ticket, asegúrate de tener toda la información completa:\\n\\n  1. solicitante → se llena automáticamente con \\\"usuario de ia\\\".\\n  2. tipo_solicitud → solo \\\"Requerimiento\\\" o \\\"Incidente\\\". Si no está claro, pregúntalo al usuario.\\n  3. prioridad → \\\"Alta\\\", \\\"Normal\\\" o \\\"Baja\\\". Pregunta si no está claro.\\n  4. estado → por defecto \\\"Abierto\\\". Si el ticket ya tiene responsable, usa \\\"Asignado\\\". Si falta información, usa \\\"En espera\\\".\\n  5. modo → \\\"Chat\\\", \\\"Email\\\", \\\"Mobile App\\\", \\\"Phone Call\\\" o \\\"Web Form\\\". Pregunta si no está claro.\\n  6. sucursal → 9 posibilidades. Para ahora, usa \\\"Sucursal 1\\\" si no se indica.\\n  7. categoria / subcategoria / articulo → usar cualquier valor de relleno por ahora (\\\"Categoria X\\\", \\\"Subcategoria Y\\\", \\\"Articulo Z\\\").\\n  8. asunto → preguntar al usuario si no está claro.\\n  9. descripcion_html → genera un diseño bonito con estilo HTML. Ejemplo:\\n     <div style=\\\"font-family:Arial,sans-serif;color:#333;\\\">\\n       <p><strong>Reporte del usuario:</strong> El usuario reporta que </p>\\n     </div>\\n     donde  es lo que el usuario escribió.\\n\\n- Nunca envíes el ticket si falta algún dato obligatorio; primero pregunta al usuario lo que falta.\\n- Después de usar la herramienta, responde al usuario indicando el ID del ticket generado (campo \\\"ID-ITIL\\\").\\n- Si el usuario solo conversa, responde normalmente.\\n\\nUsuario dijo:\\nHola qué tal? ayudame con un tema de mi monitor\\nAI: ¡Hola! Claro, puedo ayudarte. Para crear un ticket sobre el problema con tu monitor, necesito algunos detalles:\\n\\n1. **Tipo de solicitud**: ¿Es un incidente (algo que no funciona) o un requerimiento (algo que necesitas)?\\n2. **Prioridad**: ¿Consideras que es de prioridad alta, normal o baja?\\n3. **Modo de contacto**: ¿Cómo prefieres que te contactemos? (Chat, Email, Mobile App, Phone Call o Web Form).\\n4. **Asunto**: ¿Podrías resumir en una frase el problema? Por ejemplo: \\\"Monitor no enciende\\\" o \\\"Problema con la pantalla del monitor\\\".\\n\\nCon esta información, podré crear el ticket correctamente.\\nHuman: Eres un asistente inteligente de ServiceDesk.\\n\\nTu función es ayudar a los usuarios a resolver problemas de TI.\\n\\nDispones de una herramienta llamada crear_ticket.\\n\\nReglas:\\n\\n- Si el usuario reporta un problema, debes usar la herramienta crear_ticket.\\n- Nunca generes JSON manualmente.\\n- No menciones que estás usando herramientas.\\n- Antes de usar crear_ticket, asegúrate de tener toda la información completa:\\n\\n  1. solicitante → se llena automáticamente con \\\"usuario de ia\\\".\\n  2. tipo_solicitud → solo \\\"Requerimiento\\\" o \\\"Incidente\\\". Si no está claro, pregúntalo al usuario.\\n  3. prioridad → \\\"Alta\\\", \\\"Normal\\\" o \\\"Baja\\\". Pregunta si no está claro.\\n  4. estado → por defecto \\\"Abierto\\\". Si el ticket ya tiene responsable, usa \\\"Asignado\\\". Si falta información, usa \\\"En espera\\\".\\n  5. modo → \\\"Chat\\\", \\\"Email\\\", \\\"Mobile App\\\", \\\"Phone Call\\\" o \\\"Web Form\\\". Pregunta si no está claro.\\n  6. sucursal → 9 posibilidades. Para ahora, usa \\\"Sucursal 1\\\" si no se indica.\\n  7. categoria / subcategoria / articulo → usar cualquier valor de relleno por ahora (\\\"Categoria X\\\", \\\"Subcategoria Y\\\", \\\"Articulo Z\\\").\\n  8. asunto → preguntar al usuario si no está claro.\\n  9. descripcion_html → genera un diseño bonito con estilo HTML. Ejemplo:\\n     <div style=\\\"font-family:Arial,sans-serif;color:#333;\\\">\\n       <p><strong>Reporte del usuario:</strong> El usuario reporta que </p>\\n     </div>\\n     donde  es lo que el usuario escribió.\\n\\n- Nunca envíes el ticket si falta algún dato obligatorio; primero pregunta al usuario lo que falta.\\n- Después de usar la herramienta, responde al usuario indicando el ID del ticket generado (campo \\\"ID-ITIL\\\").\\n- Si el usuario solo conversa, responde normalmente.\\n\\nUsuario dijo:\\nHola\\nAI: ¡Hola! ¿En qué puedo ayudarte hoy? 😊\\nHuman: Eres un asistente inteligente de ServiceDesk.\\n\\nTu función es ayudar a los usuarios a resolver problemas de TI.\\n\\nDispones de una herramienta llamada crear_ticket.\\n\\nReglas:\\n\\n- Si el usuario reporta un problema, debes usar la herramienta crear_ticket.\\n- Nunca generes JSON manualmente.\\n- No menciones que estás usando herramientas.\\n- Antes de usar crear_ticket, asegúrate de tener toda la información completa:\\n\\n  1. solicitante → se llena automáticamente con \\\"usuario de ia\\\".\\n  2. tipo_solicitud → solo \\\"Requerimiento\\\" o \\\"Incidente\\\". Si no está claro, pregúntalo al usuario.\\n  3. prioridad → \\\"Alta\\\", \\\"Normal\\\" o \\\"Baja\\\". Pregunta si no está claro.\\n  4. estado → por defecto \\\"Abierto\\\". Si el ticket ya tiene responsable, usa \\\"Asignado\\\". Si falta información, usa \\\"En espera\\\".\\n  5. modo → \\\"Chat\\\", \\\"Email\\\", \\\"Mobile App\\\", \\\"Phone Call\\\" o \\\"Web Form\\\". Pregunta si no está claro.\\n  6. sucursal → 9 posibilidades. Para ahora, usa \\\"Sucursal 1\\\" si no se indica.\\n  7. categoria / subcategoria / articulo → usar cualquier valor de relleno por ahora (\\\"Categoria X\\\", \\\"Subcategoria Y\\\", \\\"Articulo Z\\\").\\n  8. asunto → preguntar al usuario si no está claro.\\n  9. descripcion_html → genera un diseño bonito con estilo HTML. Ejemplo:\\n     <div style=\\\"font-family:Arial,sans-serif;color:#333;\\\">\\n       <p><strong>Reporte del usuario:</strong> El usuario reporta que </p>\\n     </div>\\n     donde  es lo que el usuario escribió.\\n\\n- Nunca envíes el ticket si falta algún dato obligatorio; primero pregunta al usuario lo que falta.\\n- Después de usar la herramienta, responde al usuario indicando el ID del ticket generado (campo \\\"ID-ITIL\\\").\\n- Si el usuario solo conversa, responde normalmente.\\n\\nUsuario dijo:\\nHola\\nAI: ¡Hola! ¿En qué puedo ayudarte hoy? 😊\\nHuman: Eres un asistente inteligente de ServiceDesk.\\n\\nTu función es ayudar a los usuarios a resolver problemas de TI.\\n\\nDispones de una herramienta llamada crear_ticket.\\n\\nReglas:\\n\\n- Si el usuario reporta un problema, debes usar la herramienta crear_ticket.\\n- Nunca generes JSON manualmente.\\n- No menciones que estás usando herramientas.\\n- Antes de usar crear_ticket, asegúrate de tener toda la información completa:\\n\\n  1. solicitante → se llena automáticamente con \\\"usuario de ia\\\".\\n  2. tipo_solicitud → solo \\\"Requerimiento\\\" o \\\"Incidente\\\". Si no está claro, pregúntalo al usuario.\\n  3. prioridad → \\\"Alta\\\", \\\"Normal\\\" o \\\"Baja\\\". Pregunta si no está claro.\\n  4. estado → por defecto \\\"Abierto\\\". Si el ticket ya tiene responsable, usa \\\"Asignado\\\". Si falta información, usa \\\"En espera\\\".\\n  5. modo → \\\"Chat\\\", \\\"Email\\\", \\\"Mobile App\\\", \\\"Phone Call\\\" o \\\"Web Form\\\". Pregunta si no está claro.\\n  6. sucursal → 9 posibilidades. Para ahora, usa \\\"Sucursal 1\\\" si no se indica.\\n  7. categoria / subcategoria / articulo → usar cualquier valor de relleno por ahora (\\\"Categoria X\\\", \\\"Subcategoria Y\\\", \\\"Articulo Z\\\").\\n  8. asunto → preguntar al usuario si no está claro.\\n  9. descripcion_html → genera un diseño bonito con estilo HTML. Ejemplo:\\n     <div style=\\\"font-family:Arial,sans-serif;color:#333;\\\">\\n       <p><strong>Reporte del usuario:</strong> El usuario reporta que </p>\\n     </div>\\n     donde  es lo que el usuario escribió.\\n\\n- Nunca envíes el ticket si falta algún dato obligatorio; primero pregunta al usuario lo que falta.\\n- Después de usar la herramienta, responde al usuario indicando el ID del ticket generado (campo \\\"ID-ITIL\\\").\\n- Si el usuario solo conversa, responde normalmente.\\n\\nUsuario dijo:\\nTengo un problema con mi micrófono\"],\"options\":{\"mistral_api_key\":{\"lc\":1,\"type\":\"secret\",\"id\":[\"MISTRAL_API_KEY\"]},\"model\":\"devstral-latest\",\"http_client\":{\"options\":{},\"requestHooks\":[],\"requestErrorHooks\":[],\"responseHooks\":[]},\"metadata\":{\"versions\":{\"@langchain/core\":\"1.1.34\"}}},\"response\":{\"response\":{\"generations\":[[{\"text\":\"Entiendo que tienes un problema con tu micrófono. Para crear un ticket y ayudarte, necesito algunos detalles:\\n\\n1. **Tipo de solicitud**: ¿Es un incidente (algo que no funciona) o un requerimiento (algo que necesitas)?\\n2. **Prioridad**: ¿Consideras que es de prioridad alta, normal o baja?\\n3. **Modo de contacto**: ¿Cómo prefieres que te contactemos? (Chat, Email, Mobile App, Phone Call o Web Form).\\n4. **Asunto**: ¿Podrías resumir en una frase el problema? Por ejemplo: \\\"Micrófono no funciona\\\" o \\\"Problema con la conexión del micrófono\\\".\\n\\nCon esta información, podré crear el ticket correctamente.\",\"generationInfo\":{\"finishReason\":\"stop\"}}]]},\"tokenUsage\":{\"completionTokens\":160,\"promptTokens\":2661,\"totalTokens\":2821}}}"}}
{"__type":"$$EventMessageConfirm","confirm":"fdeeade1-3e64-41c7-9009-9244e9e7e593","ts":"2026-04-05T13:18:39.371-04:00","source":{"id":"0","name":"eventBus"}}
{"__type":"$$EventMessageNode","id":"83cbfac0-54af-4757-92c6-dd026df07b11","ts":"2026-04-05T13:18:39.372-04:00","eventName":"n8n.node.started","message":"n8n.node.started","payload":{"workflowId":"YIYJI8ZkPUi59kQQ","workflowName":"My workflow","executionId":"62","nodeType":"@n8n/n8n-nodes-langchain.memoryMongoDbChat","nodeName":"MongoDB Chat Memory","nodeId":"754b91b0-51fa-4134-b475-fabea68a7ceb"}}
{"__type":"$$EventMessageConfirm","confirm":"83cbfac0-54af-4757-92c6-dd026df07b11","ts":"2026-04-05T13:18:39.372-04:00","source":{"id":"0","name":"eventBus"}}
{"__type":"$$EventMessageNode","id":"d01282b0-a48f-4ba9-a6f6-20e09997703b","ts":"2026-04-05T13:18:39.394-04:00","eventName":"n8n.node.finished","message":"n8n.node.finished","payload":{"workflowId":"YIYJI8ZkPUi59kQQ","workflowName":"My workflow","executionId":"62","nodeType":"@n8n/n8n-nodes-langchain.memoryMongoDbChat","nodeName":"MongoDB Chat Memory","nodeId":"754b91b0-51fa-4134-b475-fabea68a7ceb"}}
{"__type":"$$EventMessageConfirm","confirm":"d01282b0-a48f-4ba9-a6f6-20e09997703b","ts":"2026-04-05T13:18:39.394-04:00","source":{"id":"0","name":"eventBus"}}
{"__type":"$$EventMessageNode","id":"216a7944-7fe5-496a-8731-829dfd3d1068","ts":"2026-04-05T13:18:39.399-04:00","eventName":"n8n.node.finished","message":"n8n.node.finished","payload":{"workflowId":"YIYJI8ZkPUi59kQQ","workflowName":"My workflow","executionId":"62","nodeType":"@n8n/n8n-nodes-langchain.agent","nodeName":"AI Agent","nodeId":"9a07d0c0-fee7-4cf3-bf7c-e89cbd9d96c9"}}
{"__type":"$$EventMessageConfirm","confirm":"216a7944-7fe5-496a-8731-829dfd3d1068","ts":"2026-04-05T13:18:39.399-04:00","source":{"id":"0","name":"eventBus"}}
{"__type":"$$EventMessageNode","id":"b8727499-6564-468d-966f-e21a1e1159f1","ts":"2026-04-05T13:18:39.399-04:00","eventName":"n8n.node.started","message":"n8n.node.started","payload":{"workflowId":"YIYJI8ZkPUi59kQQ","workflowName":"My workflow","executionId":"62","nodeType":"n8n-nodes-base.respondToWebhook","nodeName":"Respond to Webhook","nodeId":"4299c8c6-af2f-4b17-be27-4cb1faf7742f"}}
{"__type":"$$EventMessageConfirm","confirm":"b8727499-6564-468d-966f-e21a1e1159f1","ts":"2026-04-05T13:18:39.399-04:00","source":{"id":"0","name":"eventBus"}}
{"__type":"$$EventMessageNode","id":"03f84ca2-4fa8-490a-88fd-7606de9ec8e8","ts":"2026-04-05T13:18:39.401-04:00","eventName":"n8n.node.finished","message":"n8n.node.finished","payload":{"workflowId":"YIYJI8ZkPUi59kQQ","workflowName":"My workflow","executionId":"62","nodeType":"n8n-nodes-base.respondToWebhook","nodeName":"Respond to Webhook","nodeId":"4299c8c6-af2f-4b17-be27-4cb1faf7742f"}}
{"__type":"$$EventMessageConfirm","confirm":"03f84ca2-4fa8-490a-88fd-7606de9ec8e8","ts":"2026-04-05T13:18:39.401-04:00","source":{"id":"0","name":"eventBus"}}
{"__type":"$$EventMessageWorkflow","id":"b879013f-bb3e-461d-aa14-f0bbfc05fd14","ts":"2026-04-05T13:18:39.402-04:00","eventName":"n8n.workflow.failed","message":"n8n.workflow.failed","payload":{"executionId":"62","success":false,"isManual":false,"mode":"webhook","workflowId":"YIYJI8ZkPUi59kQQ","workflowName":"My workflow","lastNodeExecuted":"Respond to Webhook","errorNodeType":"n8n-nodes-base.respondToWebhook","errorMessage":"Invalid JSON in 'Response Body' field"}}
{"__type":"$$EventMessageConfirm","confirm":"b879013f-bb3e-461d-aa14-f0bbfc05fd14","ts":"2026-04-05T13:18:39.402-04:00","source":{"id":"0","name":"eventBus"}}
{"__type":"$$EventMessageAudit","id":"7677fbfa-3aee-4a2d-a6a8-63bbc6bd08af","ts":"2026-04-05T13:24:29.075-04:00","eventName":"n8n.audit.workflow.updated","message":"n8n.audit.workflow.updated","payload":{"userId":"5dbe17fd-2bf6-4d1e-ad71-13ee612d9454","_email":"joao.basa.18@gmail.com","_firstName":"Joao","_lastName":"Basanta","globalRole":"global:owner","workflowId":"YIYJI8ZkPUi59kQQ","workflowName":"My workflow"}}
{"__type":"$$EventMessageConfirm","confirm":"7677fbfa-3aee-4a2d-a6a8-63bbc6bd08af","ts":"2026-04-05T13:24:29.075-04:00","source":{"id":"0","name":"eventBus"}}
{"__type":"$$EventMessageAudit","id":"e9c12bd3-47f8-4e38-83b6-79001f41e471","ts":"2026-04-05T13:25:43.289-04:00","eventName":"n8n.audit.workflow.updated","message":"n8n.audit.workflow.updated","payload":{"userId":"5dbe17fd-2bf6-4d1e-ad71-13ee612d9454","_email":"joao.basa.18@gmail.com","_firstName":"Joao","_lastName":"Basanta","globalRole":"global:owner","workflowId":"YIYJI8ZkPUi59kQQ","workflowName":"My workflow"}}
{"__type":"$$EventMessageConfirm","confirm":"e9c12bd3-47f8-4e38-83b6-79001f41e471","ts":"2026-04-05T13:25:43.289-04:00","source":{"id":"0","name":"eventBus"}}
{"__type":"$$EventMessageWorkflow","id":"de825c2e-8808-4116-ba2b-431f91024652","ts":"2026-04-05T13:25:44.012-04:00","eventName":"n8n.workflow.started","message":"n8n.workflow.started","payload":{"executionId":"63","workflowId":"YIYJI8ZkPUi59kQQ","isManual":false,"mode":"manual","workflowName":"My workflow"}}
{"__type":"$$EventMessageConfirm","confirm":"de825c2e-8808-4116-ba2b-431f91024652","ts":"2026-04-05T13:25:44.012-04:00","source":{"id":"0","name":"eventBus"}}
{"__type":"$$EventMessageAudit","id":"193a5793-fc0b-412c-8309-de4fbed20c7b","ts":"2026-04-05T13:25:44.014-04:00","eventName":"n8n.audit.workflow.executed","message":"n8n.audit.workflow.executed","payload":{"userId":"5dbe17fd-2bf6-4d1e-ad71-13ee612d9454","_email":"joao.basa.18@gmail.com","_firstName":"Joao","_lastName":"Basanta","globalRole":"global:owner","workflowId":"YIYJI8ZkPUi59kQQ","workflowName":"My workflow","executionId":"63","source":"user-manual"}}
{"__type":"$$EventMessageConfirm","confirm":"193a5793-fc0b-412c-8309-de4fbed20c7b","ts":"2026-04-05T13:25:44.014-04:00","source":{"id":"0","name":"eventBus"}}
{"__type":"$$EventMessageNode","id":"eddab530-fddc-400e-8bae-8daae08a64b2","ts":"2026-04-05T13:25:44.033-04:00","eventName":"n8n.node.started","message":"n8n.node.started","payload":{"workflowId":"YIYJI8ZkPUi59kQQ","workflowName":"My workflow","executionId":"63","nodeType":"n8n-nodes-base.respondToWebhook","nodeName":"Respond to Webhook","nodeId":"4299c8c6-af2f-4b17-be27-4cb1faf7742f"}}
{"__type":"$$EventMessageConfirm","confirm":"eddab530-fddc-400e-8bae-8daae08a64b2","ts":"2026-04-05T13:25:44.034-04:00","source":{"id":"0","name":"eventBus"}}
{"__type":"$$EventMessageNode","id":"fc2ef09a-7b54-48f8-8206-3a46001a2311","ts":"2026-04-05T13:25:44.062-04:00","eventName":"n8n.node.finished","message":"n8n.node.finished","payload":{"workflowId":"YIYJI8ZkPUi59kQQ","workflowName":"My workflow","executionId":"63","nodeType":"n8n-nodes-base.respondToWebhook","nodeName":"Respond to Webhook","nodeId":"4299c8c6-af2f-4b17-be27-4cb1faf7742f"}}
{"__type":"$$EventMessageConfirm","confirm":"fc2ef09a-7b54-48f8-8206-3a46001a2311","ts":"2026-04-05T13:25:44.062-04:00","source":{"id":"0","name":"eventBus"}}
{"__type":"$$EventMessageWorkflow","id":"69ba04ad-94fa-4c6d-a6da-354af0f253b0","ts":"2026-04-05T13:25:44.065-04:00","eventName":"n8n.workflow.success","message":"n8n.workflow.success","payload":{"userId":"5dbe17fd-2bf6-4d1e-ad71-13ee612d9454","executionId":"63","success":true,"isManual":true,"mode":"manual","workflowId":"YIYJI8ZkPUi59kQQ","workflowName":"My workflow"}}
{"__type":"$$EventMessageConfirm","confirm":"69ba04ad-94fa-4c6d-a6da-354af0f253b0","ts":"2026-04-05T13:25:44.066-04:00","source":{"id":"0","name":"eventBus"}}
{"__type":"$$EventMessageAudit","id":"51c1a90b-ad44-4ba9-81d9-8efa2c5014d7","ts":"2026-04-05T13:25:52.229-04:00","eventName":"n8n.audit.workflow.deactivated","message":"n8n.audit.workflow.deactivated","payload":{"userId":"5dbe17fd-2bf6-4d1e-ad71-13ee612d9454","_email":"joao.basa.18@gmail.com","_firstName":"Joao","_lastName":"Basanta","globalRole":"global:owner","workflowId":"YIYJI8ZkPUi59kQQ","workflowName":"My workflow","deactivatedVersionId":"c7ac8869-a239-403d-a408-607bb4d22c12"}}
{"__type":"$$EventMessageConfirm","confirm":"51c1a90b-ad44-4ba9-81d9-8efa2c5014d7","ts":"2026-04-05T13:25:52.229-04:00","source":{"id":"0","name":"eventBus"}}
{"__type":"$$EventMessageAudit","id":"e45c44e3-6c64-43b2-8db4-89eb18656ebe","ts":"2026-04-05T13:25:52.294-04:00","eventName":"n8n.audit.workflow.activated","message":"n8n.audit.workflow.activated","payload":{"userId":"5dbe17fd-2bf6-4d1e-ad71-13ee612d9454","_email":"joao.basa.18@gmail.com","_firstName":"Joao","_lastName":"Basanta","globalRole":"global:owner","workflowId":"YIYJI8ZkPUi59kQQ","workflowName":"My workflow","activeVersionId":"c73341b4-adcf-4fcd-9d78-01f8902c2e54"}}
{"__type":"$$EventMessageConfirm","confirm":"e45c44e3-6c64-43b2-8db4-89eb18656ebe","ts":"2026-04-05T13:25:52.294-04:00","source":{"id":"0","name":"eventBus"}}
{"__type":"$$EventMessageAudit","id":"bc57584b-0064-429e-8123-6ff0a91894cf","ts":"2026-04-05T13:25:56.681-04:00","eventName":"n8n.audit.workflow.updated","message":"n8n.audit.workflow.updated","payload":{"userId":"5dbe17fd-2bf6-4d1e-ad71-13ee612d9454","_email":"joao.basa.18@gmail.com","_firstName":"Joao","_lastName":"Basanta","globalRole":"global:owner","workflowId":"YIYJI8ZkPUi59kQQ","workflowName":"My workflow"}}
{"__type":"$$EventMessageConfirm","confirm":"bc57584b-0064-429e-8123-6ff0a91894cf","ts":"2026-04-05T13:25:56.681-04:00","source":{"id":"0","name":"eventBus"}}
{"__type":"$$EventMessageAudit","id":"0046429a-bc5d-4ee6-9c8d-cbf6a8ee1260","ts":"2026-04-05T13:26:01.510-04:00","eventName":"n8n.audit.workflow.updated","message":"n8n.audit.workflow.updated","payload":{"userId":"5dbe17fd-2bf6-4d1e-ad71-13ee612d9454","_email":"joao.basa.18@gmail.com","_firstName":"Joao","_lastName":"Basanta","globalRole":"global:owner","workflowId":"YIYJI8ZkPUi59kQQ","workflowName":"My workflow"}}
{"__type":"$$EventMessageConfirm","confirm":"0046429a-bc5d-4ee6-9c8d-cbf6a8ee1260","ts":"2026-04-05T13:26:01.510-04:00","source":{"id":"0","name":"eventBus"}}
{"__type":"$$EventMessageAudit","id":"9b6d09c2-bfc4-4bcc-9892-71b8c9153ad3","ts":"2026-04-05T13:26:04.444-04:00","eventName":"n8n.audit.workflow.updated","message":"n8n.audit.workflow.updated","payload":{"userId":"5dbe17fd-2bf6-4d1e-ad71-13ee612d9454","_email":"joao.basa.18@gmail.com","_firstName":"Joao","_lastName":"Basanta","globalRole":"global:owner","workflowId":"YIYJI8ZkPUi59kQQ","workflowName":"My workflow"}}
{"__type":"$$EventMessageConfirm","confirm":"9b6d09c2-bfc4-4bcc-9892-71b8c9153ad3","ts":"2026-04-05T13:26:04.444-04:00","source":{"id":"0","name":"eventBus"}}
{"__type":"$$EventMessageAudit","id":"a1ae72cb-5761-4dad-a33a-6fac9380ab57","ts":"2026-04-05T13:26:07.288-04:00","eventName":"n8n.audit.workflow.deactivated","message":"n8n.audit.workflow.deactivated","payload":{"userId":"5dbe17fd-2bf6-4d1e-ad71-13ee612d9454","_email":"joao.basa.18@gmail.com","_firstName":"Joao","_lastName":"Basanta","globalRole":"global:owner","workflowId":"YIYJI8ZkPUi59kQQ","workflowName":"My workflow","deactivatedVersionId":"c73341b4-adcf-4fcd-9d78-01f8902c2e54"}}
{"__type":"$$EventMessageConfirm","confirm":"a1ae72cb-5761-4dad-a33a-6fac9380ab57","ts":"2026-04-05T13:26:07.289-04:00","source":{"id":"0","name":"eventBus"}}
{"__type":"$$EventMessageAudit","id":"12806978-56f4-42b6-bd28-19b844bab3d9","ts":"2026-04-05T13:26:07.353-04:00","eventName":"n8n.audit.workflow.activated","message":"n8n.audit.workflow.activated","payload":{"userId":"5dbe17fd-2bf6-4d1e-ad71-13ee612d9454","_email":"joao.basa.18@gmail.com","_firstName":"Joao","_lastName":"Basanta","globalRole":"global:owner","workflowId":"YIYJI8ZkPUi59kQQ","workflowName":"My workflow","activeVersionId":"afdf2526-7860-491f-a91f-7c7271fce5c0"}}
{"__type":"$$EventMessageConfirm","confirm":"12806978-56f4-42b6-bd28-19b844bab3d9","ts":"2026-04-05T13:26:07.354-04:00","source":{"id":"0","name":"eventBus"}}
{"__type":"$$EventMessageWorkflow","id":"cb9cc118-de51-45c6-8f7a-1fccaca7f003","ts":"2026-04-05T13:26:27.383-04:00","eventName":"n8n.workflow.started","message":"n8n.workflow.started","payload":{"executionId":"64","workflowId":"YIYJI8ZkPUi59kQQ","isManual":false,"mode":"webhook","workflowName":"My workflow"}}
{"__type":"$$EventMessageConfirm","confirm":"cb9cc118-de51-45c6-8f7a-1fccaca7f003","ts":"2026-04-05T13:26:27.383-04:00","source":{"id":"0","name":"eventBus"}}
{"__type":"$$EventMessageAudit","id":"245b49eb-83ec-43db-a775-9c65883f4fcc","ts":"2026-04-05T13:26:27.383-04:00","eventName":"n8n.audit.workflow.executed","message":"n8n.audit.workflow.executed","payload":{"workflowId":"YIYJI8ZkPUi59kQQ","workflowName":"My workflow","executionId":"64","source":"webhook"}}
{"__type":"$$EventMessageConfirm","confirm":"245b49eb-83ec-43db-a775-9c65883f4fcc","ts":"2026-04-05T13:26:27.383-04:00","source":{"id":"0","name":"eventBus"}}
{"__type":"$$EventMessageNode","id":"34bd984d-54a9-4810-9c5a-58e060d0176f","ts":"2026-04-05T13:26:27.383-04:00","eventName":"n8n.node.started","message":"n8n.node.started","payload":{"workflowId":"YIYJI8ZkPUi59kQQ","workflowName":"My workflow","executionId":"64","nodeType":"n8n-nodes-base.webhook","nodeName":"Webhook","nodeId":"209ba0bd-158f-46b3-92d3-3e67fbfaeb46"}}
{"__type":"$$EventMessageConfirm","confirm":"34bd984d-54a9-4810-9c5a-58e060d0176f","ts":"2026-04-05T13:26:27.383-04:00","source":{"id":"0","name":"eventBus"}}
{"__type":"$$EventMessageNode","id":"820e4903-f8f6-4b8a-a9c3-761b49e9db69","ts":"2026-04-05T13:26:27.383-04:00","eventName":"n8n.node.finished","message":"n8n.node.finished","payload":{"workflowId":"YIYJI8ZkPUi59kQQ","workflowName":"My workflow","executionId":"64","nodeType":"n8n-nodes-base.webhook","nodeName":"Webhook","nodeId":"209ba0bd-158f-46b3-92d3-3e67fbfaeb46"}}
{"__type":"$$EventMessageConfirm","confirm":"820e4903-f8f6-4b8a-a9c3-761b49e9db69","ts":"2026-04-05T13:26:27.383-04:00","source":{"id":"0","name":"eventBus"}}
{"__type":"$$EventMessageNode","id":"d62a4139-16ea-48cc-9211-39c517a0f889","ts":"2026-04-05T13:26:27.383-04:00","eventName":"n8n.node.started","message":"n8n.node.started","payload":{"workflowId":"YIYJI8ZkPUi59kQQ","workflowName":"My workflow","executionId":"64","nodeType":"@n8n/n8n-nodes-langchain.agent","nodeName":"AI Agent","nodeId":"9a07d0c0-fee7-4cf3-bf7c-e89cbd9d96c9"}}
{"__type":"$$EventMessageConfirm","confirm":"d62a4139-16ea-48cc-9211-39c517a0f889","ts":"2026-04-05T13:26:27.384-04:00","source":{"id":"0","name":"eventBus"}}
{"__type":"$$EventMessageNode","id":"feeb2061-d349-4e98-b195-147fa591d865","ts":"2026-04-05T13:26:27.414-04:00","eventName":"n8n.node.started","message":"n8n.node.started","payload":{"workflowId":"YIYJI8ZkPUi59kQQ","workflowName":"My workflow","executionId":"64","nodeType":"@n8n/n8n-nodes-langchain.memoryMongoDbChat","nodeName":"MongoDB Chat Memory","nodeId":"754b91b0-51fa-4134-b475-fabea68a7ceb"}}
{"__type":"$$EventMessageConfirm","confirm":"feeb2061-d349-4e98-b195-147fa591d865","ts":"2026-04-05T13:26:27.415-04:00","source":{"id":"0","name":"eventBus"}}
{"__type":"$$EventMessageNode","id":"a9e44011-d83c-4c92-bb10-fc4178508760","ts":"2026-04-05T13:26:27.423-04:00","eventName":"n8n.node.finished","message":"n8n.node.finished","payload":{"workflowId":"YIYJI8ZkPUi59kQQ","workflowName":"My workflow","executionId":"64","nodeType":"@n8n/n8n-nodes-langchain.memoryMongoDbChat","nodeName":"MongoDB Chat Memory","nodeId":"754b91b0-51fa-4134-b475-fabea68a7ceb"}}
{"__type":"$$EventMessageConfirm","confirm":"a9e44011-d83c-4c92-bb10-fc4178508760","ts":"2026-04-05T13:26:27.423-04:00","source":{"id":"0","name":"eventBus"}}
{"__type":"$$EventMessageNode","id":"a6c2220d-cd80-4538-9d64-db3a3c1195cb","ts":"2026-04-05T13:26:27.444-04:00","eventName":"n8n.node.started","message":"n8n.node.started","payload":{"workflowId":"YIYJI8ZkPUi59kQQ","workflowName":"My workflow","executionId":"64","nodeType":"@n8n/n8n-nodes-langchain.lmChatMistralCloud","nodeName":"Mistral Cloud Chat Model","nodeId":"6706a3b2-63a3-45f7-ae3e-bb739a864c95"}}
{"__type":"$$EventMessageConfirm","confirm":"a6c2220d-cd80-4538-9d64-db3a3c1195cb","ts":"2026-04-05T13:26:27.444-04:00","source":{"id":"0","name":"eventBus"}}
{"__type":"$$EventMessageNode","id":"6e03c305-ef2b-47b6-99f0-b8b090958b93","ts":"2026-04-05T13:26:28.059-04:00","eventName":"n8n.node.finished","message":"n8n.node.finished","payload":{"workflowId":"YIYJI8ZkPUi59kQQ","workflowName":"My workflow","executionId":"64","nodeType":"@n8n/n8n-nodes-langchain.lmChatMistralCloud","nodeName":"Mistral Cloud Chat Model","nodeId":"6706a3b2-63a3-45f7-ae3e-bb739a864c95"}}
{"__type":"$$EventMessageConfirm","confirm":"6e03c305-ef2b-47b6-99f0-b8b090958b93","ts":"2026-04-05T13:26:28.059-04:00","source":{"id":"0","name":"eventBus"}}
{"__type":"$$EventMessageAiNode","id":"308a7f9e-f81d-4e11-bf9f-9702464923a4","ts":"2026-04-05T13:26:28.059-04:00","eventName":"n8n.ai.llm.generated","message":"n8n.ai.llm.generated","payload":{"executionId":"64","nodeName":"Mistral Cloud Chat Model","workflowName":"My workflow","nodeType":"@n8n/n8n-nodes-langchain.lmChatMistralCloud","workflowId":"YIYJI8ZkPUi59kQQ","msg":"{\"messages\":[\"AI: Se ha creado el ticket INC-0000006 correctamente. ¿Necesitas ayuda con algo más?\\nHuman: Eres un asistente inteligente de ServiceDesk.\\n\\nTu función es ayudar a los usuarios a resolver problemas de TI.\\n\\nDispones de una herramienta llamada crear_ticket.\\n\\nReglas:\\n\\n- Si el usuario reporta un problema, debes usar la herramienta crear_ticket.\\n- Nunca generes JSON manualmente.\\n- No menciones que estás usando herramientas.\\n- Antes de usar crear_ticket, asegúrate de tener toda la información completa:\\n\\n  1. solicitante → se llena automáticamente con \\\"usuario de ia\\\".\\n  2. tipo_solicitud → solo \\\"Requerimiento\\\" o \\\"Incidente\\\". Si no está claro, pregúntalo al usuario.\\n  3. prioridad → \\\"Alta\\\", \\\"Normal\\\" o \\\"Baja\\\". Pregunta si no está claro.\\n  4. estado → por defecto \\\"Abierto\\\". Si el ticket ya tiene responsable, usa \\\"Asignado\\\". Si falta información, usa \\\"En espera\\\".\\n  5. modo → \\\"Chat\\\", \\\"Email\\\", \\\"Mobile App\\\", \\\"Phone Call\\\" o \\\"Web Form\\\". Pregunta si no está claro.\\n  6. sucursal → 9 posibilidades. Para ahora, usa \\\"Sucursal 1\\\" si no se indica.\\n  7. categoria / subcategoria / articulo → usar cualquier valor de relleno por ahora (\\\"Categoria X\\\", \\\"Subcategoria Y\\\", \\\"Articulo Z\\\").\\n  8. asunto → preguntar al usuario si no está claro.\\n  9. descripcion_html → genera un diseño bonito con estilo HTML. Ejemplo:\\n     <div style=\\\"font-family:Arial,sans-serif;color:#333;\\\">\\n       <p><strong>Reporte del usuario:</strong> El usuario reporta que </p>\\n     </div>\\n     donde  es lo que el usuario escribió.\\n\\n- Nunca envíes el ticket si falta algún dato obligatorio; primero pregunta al usuario lo que falta.\\n- Después de usar la herramienta, responde al usuario indicando el ID del ticket generado (campo \\\"ID-ITIL\\\").\\n- Si el usuario solo conversa, responde normalmente.\\n\\nUsuario dijo:\\nHola qué tal? ayudame con un tema de mi monitor\\nAI: ¡Hola! Claro, puedo ayudarte. Para crear un ticket sobre el problema con tu monitor, necesito algunos detalles:\\n\\n1. **Tipo de solicitud**: ¿Es un incidente (algo que no funciona) o un requerimiento (algo que necesitas)?\\n2. **Prioridad**: ¿Consideras que es de prioridad alta, normal o baja?\\n3. **Modo de contacto**: ¿Cómo prefieres que te contactemos? (Chat, Email, Mobile App, Phone Call o Web Form).\\n4. **Asunto**: ¿Podrías resumir en una frase el problema? Por ejemplo: \\\"Monitor no enciende\\\" o \\\"Problema con la pantalla del monitor\\\".\\n\\nCon esta información, podré crear el ticket correctamente.\\nHuman: Eres un asistente inteligente de ServiceDesk.\\n\\nTu función es ayudar a los usuarios a resolver problemas de TI.\\n\\nDispones de una herramienta llamada crear_ticket.\\n\\nReglas:\\n\\n- Si el usuario reporta un problema, debes usar la herramienta crear_ticket.\\n- Nunca generes JSON manualmente.\\n- No menciones que estás usando herramientas.\\n- Antes de usar crear_ticket, asegúrate de tener toda la información completa:\\n\\n  1. solicitante → se llena automáticamente con \\\"usuario de ia\\\".\\n  2. tipo_solicitud → solo \\\"Requerimiento\\\" o \\\"Incidente\\\". Si no está claro, pregúntalo al usuario.\\n  3. prioridad → \\\"Alta\\\", \\\"Normal\\\" o \\\"Baja\\\". Pregunta si no está claro.\\n  4. estado → por defecto \\\"Abierto\\\". Si el ticket ya tiene responsable, usa \\\"Asignado\\\". Si falta información, usa \\\"En espera\\\".\\n  5. modo → \\\"Chat\\\", \\\"Email\\\", \\\"Mobile App\\\", \\\"Phone Call\\\" o \\\"Web Form\\\". Pregunta si no está claro.\\n  6. sucursal → 9 posibilidades. Para ahora, usa \\\"Sucursal 1\\\" si no se indica.\\n  7. categoria / subcategoria / articulo → usar cualquier valor de relleno por ahora (\\\"Categoria X\\\", \\\"Subcategoria Y\\\", \\\"Articulo Z\\\").\\n  8. asunto → preguntar al usuario si no está claro.\\n  9. descripcion_html → genera un diseño bonito con estilo HTML. Ejemplo:\\n     <div style=\\\"font-family:Arial,sans-serif;color:#333;\\\">\\n       <p><strong>Reporte del usuario:</strong> El usuario reporta que </p>\\n     </div>\\n     donde  es lo que el usuario escribió.\\n\\n- Nunca envíes el ticket si falta algún dato obligatorio; primero pregunta al usuario lo que falta.\\n- Después de usar la herramienta, responde al usuario indicando el ID del ticket generado (campo \\\"ID-ITIL\\\").\\n- Si el usuario solo conversa, responde normalmente.\\n\\nUsuario dijo:\\nHola\\nAI: ¡Hola! ¿En qué puedo ayudarte hoy? 😊\\nHuman: Eres un asistente inteligente de ServiceDesk.\\n\\nTu función es ayudar a los usuarios a resolver problemas de TI.\\n\\nDispones de una herramienta llamada crear_ticket.\\n\\nReglas:\\n\\n- Si el usuario reporta un problema, debes usar la herramienta crear_ticket.\\n- Nunca generes JSON manualmente.\\n- No menciones que estás usando herramientas.\\n- Antes de usar crear_ticket, asegúrate de tener toda la información completa:\\n\\n  1. solicitante → se llena automáticamente con \\\"usuario de ia\\\".\\n  2. tipo_solicitud → solo \\\"Requerimiento\\\" o \\\"Incidente\\\". Si no está claro, pregúntalo al usuario.\\n  3. prioridad → \\\"Alta\\\", \\\"Normal\\\" o \\\"Baja\\\". Pregunta si no está claro.\\n  4. estado → por defecto \\\"Abierto\\\". Si el ticket ya tiene responsable, usa \\\"Asignado\\\". Si falta información, usa \\\"En espera\\\".\\n  5. modo → \\\"Chat\\\", \\\"Email\\\", \\\"Mobile App\\\", \\\"Phone Call\\\" o \\\"Web Form\\\". Pregunta si no está claro.\\n  6. sucursal → 9 posibilidades. Para ahora, usa \\\"Sucursal 1\\\" si no se indica.\\n  7. categoria / subcategoria / articulo → usar cualquier valor de relleno por ahora (\\\"Categoria X\\\", \\\"Subcategoria Y\\\", \\\"Articulo Z\\\").\\n  8. asunto → preguntar al usuario si no está claro.\\n  9. descripcion_html → genera un diseño bonito con estilo HTML. Ejemplo:\\n     <div style=\\\"font-family:Arial,sans-serif;color:#333;\\\">\\n       <p><strong>Reporte del usuario:</strong> El usuario reporta que </p>\\n     </div>\\n     donde  es lo que el usuario escribió.\\n\\n- Nunca envíes el ticket si falta algún dato obligatorio; primero pregunta al usuario lo que falta.\\n- Después de usar la herramienta, responde al usuario indicando el ID del ticket generado (campo \\\"ID-ITIL\\\").\\n- Si el usuario solo conversa, responde normalmente.\\n\\nUsuario dijo:\\nHola\\nAI: ¡Hola! ¿En qué puedo ayudarte hoy? 😊\\nHuman: Eres un asistente inteligente de ServiceDesk.\\n\\nTu función es ayudar a los usuarios a resolver problemas de TI.\\n\\nDispones de una herramienta llamada crear_ticket.\\n\\nReglas:\\n\\n- Si el usuario reporta un problema, debes usar la herramienta crear_ticket.\\n- Nunca generes JSON manualmente.\\n- No menciones que estás usando herramientas.\\n- Antes de usar crear_ticket, asegúrate de tener toda la información completa:\\n\\n  1. solicitante → se llena automáticamente con \\\"usuario de ia\\\".\\n  2. tipo_solicitud → solo \\\"Requerimiento\\\" o \\\"Incidente\\\". Si no está claro, pregúntalo al usuario.\\n  3. prioridad → \\\"Alta\\\", \\\"Normal\\\" o \\\"Baja\\\". Pregunta si no está claro.\\n  4. estado → por defecto \\\"Abierto\\\". Si el ticket ya tiene responsable, usa \\\"Asignado\\\". Si falta información, usa \\\"En espera\\\".\\n  5. modo → \\\"Chat\\\", \\\"Email\\\", \\\"Mobile App\\\", \\\"Phone Call\\\" o \\\"Web Form\\\". Pregunta si no está claro.\\n  6. sucursal → 9 posibilidades. Para ahora, usa \\\"Sucursal 1\\\" si no se indica.\\n  7. categoria / subcategoria / articulo → usar cualquier valor de relleno por ahora (\\\"Categoria X\\\", \\\"Subcategoria Y\\\", \\\"Articulo Z\\\").\\n  8. asunto → preguntar al usuario si no está claro.\\n  9. descripcion_html → genera un diseño bonito con estilo HTML. Ejemplo:\\n     <div style=\\\"font-family:Arial,sans-serif;color:#333;\\\">\\n       <p><strong>Reporte del usuario:</strong> El usuario reporta que </p>\\n     </div>\\n     donde  es lo que el usuario escribió.\\n\\n- Nunca envíes el ticket si falta algún dato obligatorio; primero pregunta al usuario lo que falta.\\n- Después de usar la herramienta, responde al usuario indicando el ID del ticket generado (campo \\\"ID-ITIL\\\").\\n- Si el usuario solo conversa, responde normalmente.\\n\\nUsuario dijo:\\nTengo un problema con mi micrófono\\nAI: Entiendo que tienes un problema con tu micrófono. Para crear un ticket y ayudarte, necesito algunos detalles:\\n\\n1. **Tipo de solicitud**: ¿Es un incidente (algo que no funciona) o un requerimiento (algo que necesitas)?\\n2. **Prioridad**: ¿Consideras que es de prioridad alta, normal o baja?\\n3. **Modo de contacto**: ¿Cómo prefieres que te contactemos? (Chat, Email, Mobile App, Phone Call o Web Form).\\n4. **Asunto**: ¿Podrías resumir en una frase el problema? Por ejemplo: \\\"Micrófono no funciona\\\" o \\\"Problema con la conexión del micrófono\\\".\\n\\nCon esta información, podré crear el ticket correctamente.\\nHuman: Eres un asistente inteligente de ServiceDesk.\\n\\nTu función es ayudar a los usuarios a resolver problemas de TI.\\n\\nDispones de una herramienta llamada crear_ticket.\\n\\nReglas:\\n\\n- Si el usuario reporta un problema, debes usar la herramienta crear_ticket.\\n- Nunca generes JSON manualmente.\\n- No menciones que estás usando herramientas.\\n- Antes de usar crear_ticket, asegúrate de tener toda la información completa:\\n\\n  1. solicitante → se llena automáticamente con \\\"usuario de ia\\\".\\n  2. tipo_solicitud → solo \\\"Requerimiento\\\" o \\\"Incidente\\\". Si no está claro, pregúntalo al usuario.\\n  3. prioridad → \\\"Alta\\\", \\\"Normal\\\" o \\\"Baja\\\". Pregunta si no está claro.\\n  4. estado → por defecto \\\"Abierto\\\". Si el ticket ya tiene responsable, usa \\\"Asignado\\\". Si falta información, usa \\\"En espera\\\".\\n  5. modo → \\\"Chat\\\", \\\"Email\\\", \\\"Mobile App\\\", \\\"Phone Call\\\" o \\\"Web Form\\\". Pregunta si no está claro.\\n  6. sucursal → 9 posibilidades. Para ahora, usa \\\"Sucursal 1\\\" si no se indica.\\n  7. categoria / subcategoria / articulo → usar cualquier valor de relleno por ahora (\\\"Categoria X\\\", \\\"Subcategoria Y\\\", \\\"Articulo Z\\\").\\n  8. asunto → preguntar al usuario si no está claro.\\n  9. descripcion_html → genera un diseño bonito con estilo HTML. Ejemplo:\\n     <div style=\\\"font-family:Arial,sans-serif;color:#333;\\\">\\n       <p><strong>Reporte del usuario:</strong> El usuario reporta que </p>\\n     </div>\\n     donde  es lo que el usuario escribió.\\n\\n- Nunca envíes el ticket si falta algún dato obligatorio; primero pregunta al usuario lo que falta.\\n- Después de usar la herramienta, responde al usuario indicando el ID del ticket generado (campo \\\"ID-ITIL\\\").\\n- Si el usuario solo conversa, responde normalmente.\\n\\nUsuario dijo:\\nHola\"],\"options\":{\"mistral_api_key\":{\"lc\":1,\"type\":\"secret\",\"id\":[\"MISTRAL_API_KEY\"]},\"model\":\"devstral-latest\",\"http_client\":{\"options\":{},\"requestHooks\":[],\"requestErrorHooks\":[],\"responseHooks\":[]},\"metadata\":{\"versions\":{\"@langchain/core\":\"1.1.34\"}}},\"response\":{\"response\":{\"generations\":[[{\"text\":\"¡Hola! ¿En qué puedo ayudarte hoy? 😊\",\"generationInfo\":{\"finishReason\":\"stop\"}}]]},\"tokenUsage\":{\"completionTokens\":16,\"promptTokens\":2799,\"totalTokens\":2815}}}"}}
{"__type":"$$EventMessageConfirm","confirm":"308a7f9e-f81d-4e11-bf9f-9702464923a4","ts":"2026-04-05T13:26:28.060-04:00","source":{"id":"0","name":"eventBus"}}
{"__type":"$$EventMessageNode","id":"08d3508e-a402-4f0c-a1a3-d7b1d08f7781","ts":"2026-04-05T13:26:28.060-04:00","eventName":"n8n.node.started","message":"n8n.node.started","payload":{"workflowId":"YIYJI8ZkPUi59kQQ","workflowName":"My workflow","executionId":"64","nodeType":"@n8n/n8n-nodes-langchain.memoryMongoDbChat","nodeName":"MongoDB Chat Memory","nodeId":"754b91b0-51fa-4134-b475-fabea68a7ceb"}}
{"__type":"$$EventMessageConfirm","confirm":"08d3508e-a402-4f0c-a1a3-d7b1d08f7781","ts":"2026-04-05T13:26:28.060-04:00","source":{"id":"0","name":"eventBus"}}
{"__type":"$$EventMessageNode","id":"8266e6bb-98e3-4781-834b-ba2b193ad42f","ts":"2026-04-05T13:26:28.073-04:00","eventName":"n8n.node.finished","message":"n8n.node.finished","payload":{"workflowId":"YIYJI8ZkPUi59kQQ","workflowName":"My workflow","executionId":"64","nodeType":"@n8n/n8n-nodes-langchain.memoryMongoDbChat","nodeName":"MongoDB Chat Memory","nodeId":"754b91b0-51fa-4134-b475-fabea68a7ceb"}}
{"__type":"$$EventMessageConfirm","confirm":"8266e6bb-98e3-4781-834b-ba2b193ad42f","ts":"2026-04-05T13:26:28.073-04:00","source":{"id":"0","name":"eventBus"}}
{"__type":"$$EventMessageNode","id":"4b003308-df11-4698-9ce2-50d0df081082","ts":"2026-04-05T13:26:28.076-04:00","eventName":"n8n.node.finished","message":"n8n.node.finished","payload":{"workflowId":"YIYJI8ZkPUi59kQQ","workflowName":"My workflow","executionId":"64","nodeType":"@n8n/n8n-nodes-langchain.agent","nodeName":"AI Agent","nodeId":"9a07d0c0-fee7-4cf3-bf7c-e89cbd9d96c9"}}
{"__type":"$$EventMessageConfirm","confirm":"4b003308-df11-4698-9ce2-50d0df081082","ts":"2026-04-05T13:26:28.076-04:00","source":{"id":"0","name":"eventBus"}}
{"__type":"$$EventMessageNode","id":"5405d00b-fa76-4015-b47a-ccaa42f1ace6","ts":"2026-04-05T13:26:28.076-04:00","eventName":"n8n.node.started","message":"n8n.node.started","payload":{"workflowId":"YIYJI8ZkPUi59kQQ","workflowName":"My workflow","executionId":"64","nodeType":"n8n-nodes-base.respondToWebhook","nodeName":"Respond to Webhook","nodeId":"4299c8c6-af2f-4b17-be27-4cb1faf7742f"}}
{"__type":"$$EventMessageConfirm","confirm":"5405d00b-fa76-4015-b47a-ccaa42f1ace6","ts":"2026-04-05T13:26:28.076-04:00","source":{"id":"0","name":"eventBus"}}
{"__type":"$$EventMessageNode","id":"6540f479-8029-42bb-904f-9f16fc5a4157","ts":"2026-04-05T13:26:28.078-04:00","eventName":"n8n.node.finished","message":"n8n.node.finished","payload":{"workflowId":"YIYJI8ZkPUi59kQQ","workflowName":"My workflow","executionId":"64","nodeType":"n8n-nodes-base.respondToWebhook","nodeName":"Respond to Webhook","nodeId":"4299c8c6-af2f-4b17-be27-4cb1faf7742f"}}
{"__type":"$$EventMessageConfirm","confirm":"6540f479-8029-42bb-904f-9f16fc5a4157","ts":"2026-04-05T13:26:28.079-04:00","source":{"id":"0","name":"eventBus"}}
{"__type":"$$EventMessageWorkflow","id":"38f6cb4b-52ce-4e25-a0c0-7789b76b719b","ts":"2026-04-05T13:26:28.079-04:00","eventName":"n8n.workflow.success","message":"n8n.workflow.success","payload":{"executionId":"64","success":true,"isManual":false,"mode":"webhook","workflowId":"YIYJI8ZkPUi59kQQ","workflowName":"My workflow"}}
{"__type":"$$EventMessageConfirm","confirm":"38f6cb4b-52ce-4e25-a0c0-7789b76b719b","ts":"2026-04-05T13:26:28.079-04:00","source":{"id":"0","name":"eventBus"}}
{"__type":"$$EventMessageWorkflow","id":"63cfdfed-b3d3-44f0-a01e-058a95393819","ts":"2026-04-05T13:26:32.922-04:00","eventName":"n8n.workflow.started","message":"n8n.workflow.started","payload":{"executionId":"65","workflowId":"YIYJI8ZkPUi59kQQ","isManual":false,"mode":"webhook","workflowName":"My workflow"}}
{"__type":"$$EventMessageConfirm","confirm":"63cfdfed-b3d3-44f0-a01e-058a95393819","ts":"2026-04-05T13:26:32.922-04:00","source":{"id":"0","name":"eventBus"}}
{"__type":"$$EventMessageAudit","id":"f436aef3-2090-4002-9709-8078e193948a","ts":"2026-04-05T13:26:32.922-04:00","eventName":"n8n.audit.workflow.executed","message":"n8n.audit.workflow.executed","payload":{"workflowId":"YIYJI8ZkPUi59kQQ","workflowName":"My workflow","executionId":"65","source":"webhook"}}
{"__type":"$$EventMessageConfirm","confirm":"f436aef3-2090-4002-9709-8078e193948a","ts":"2026-04-05T13:26:32.922-04:00","source":{"id":"0","name":"eventBus"}}
{"__type":"$$EventMessageNode","id":"663feb88-9f02-46bc-9819-0c18058518c7","ts":"2026-04-05T13:26:32.922-04:00","eventName":"n8n.node.started","message":"n8n.node.started","payload":{"workflowId":"YIYJI8ZkPUi59kQQ","workflowName":"My workflow","executionId":"65","nodeType":"n8n-nodes-base.webhook","nodeName":"Webhook","nodeId":"209ba0bd-158f-46b3-92d3-3e67fbfaeb46"}}
{"__type":"$$EventMessageConfirm","confirm":"663feb88-9f02-46bc-9819-0c18058518c7","ts":"2026-04-05T13:26:32.922-04:00","source":{"id":"0","name":"eventBus"}}
{"__type":"$$EventMessageNode","id":"d7fd3613-1243-45f4-80bd-60b41266d6cf","ts":"2026-04-05T13:26:32.923-04:00","eventName":"n8n.node.finished","message":"n8n.node.finished","payload":{"workflowId":"YIYJI8ZkPUi59kQQ","workflowName":"My workflow","executionId":"65","nodeType":"n8n-nodes-base.webhook","nodeName":"Webhook","nodeId":"209ba0bd-158f-46b3-92d3-3e67fbfaeb46"}}
{"__type":"$$EventMessageConfirm","confirm":"d7fd3613-1243-45f4-80bd-60b41266d6cf","ts":"2026-04-05T13:26:32.923-04:00","source":{"id":"0","name":"eventBus"}}
{"__type":"$$EventMessageNode","id":"b51305d2-d287-4a5a-8435-8a81a0bb226f","ts":"2026-04-05T13:26:32.923-04:00","eventName":"n8n.node.started","message":"n8n.node.started","payload":{"workflowId":"YIYJI8ZkPUi59kQQ","workflowName":"My workflow","executionId":"65","nodeType":"@n8n/n8n-nodes-langchain.agent","nodeName":"AI Agent","nodeId":"9a07d0c0-fee7-4cf3-bf7c-e89cbd9d96c9"}}
{"__type":"$$EventMessageConfirm","confirm":"b51305d2-d287-4a5a-8435-8a81a0bb226f","ts":"2026-04-05T13:26:32.923-04:00","source":{"id":"0","name":"eventBus"}}
{"__type":"$$EventMessageNode","id":"e4be5f1f-7514-4fbb-b513-9cfe9cb308b7","ts":"2026-04-05T13:26:32.956-04:00","eventName":"n8n.node.started","message":"n8n.node.started","payload":{"workflowId":"YIYJI8ZkPUi59kQQ","workflowName":"My workflow","executionId":"65","nodeType":"@n8n/n8n-nodes-langchain.memoryMongoDbChat","nodeName":"MongoDB Chat Memory","nodeId":"754b91b0-51fa-4134-b475-fabea68a7ceb"}}
{"__type":"$$EventMessageConfirm","confirm":"e4be5f1f-7514-4fbb-b513-9cfe9cb308b7","ts":"2026-04-05T13:26:32.957-04:00","source":{"id":"0","name":"eventBus"}}
{"__type":"$$EventMessageNode","id":"931bb0b6-7838-4da2-9683-7a891db4495f","ts":"2026-04-05T13:26:32.963-04:00","eventName":"n8n.node.finished","message":"n8n.node.finished","payload":{"workflowId":"YIYJI8ZkPUi59kQQ","workflowName":"My workflow","executionId":"65","nodeType":"@n8n/n8n-nodes-langchain.memoryMongoDbChat","nodeName":"MongoDB Chat Memory","nodeId":"754b91b0-51fa-4134-b475-fabea68a7ceb"}}
{"__type":"$$EventMessageConfirm","confirm":"931bb0b6-7838-4da2-9683-7a891db4495f","ts":"2026-04-05T13:26:32.963-04:00","source":{"id":"0","name":"eventBus"}}
{"__type":"$$EventMessageNode","id":"4add488b-8192-4652-aba0-4204afab579d","ts":"2026-04-05T13:26:32.992-04:00","eventName":"n8n.node.started","message":"n8n.node.started","payload":{"workflowId":"YIYJI8ZkPUi59kQQ","workflowName":"My workflow","executionId":"65","nodeType":"@n8n/n8n-nodes-langchain.lmChatMistralCloud","nodeName":"Mistral Cloud Chat Model","nodeId":"6706a3b2-63a3-45f7-ae3e-bb739a864c95"}}
{"__type":"$$EventMessageConfirm","confirm":"4add488b-8192-4652-aba0-4204afab579d","ts":"2026-04-05T13:26:32.993-04:00","source":{"id":"0","name":"eventBus"}}
{"__type":"$$EventMessageNode","id":"d5d9fff3-fd9d-4e2b-883b-f2c05e4b94ea","ts":"2026-04-05T13:26:33.969-04:00","eventName":"n8n.node.finished","message":"n8n.node.finished","payload":{"workflowId":"YIYJI8ZkPUi59kQQ","workflowName":"My workflow","executionId":"65","nodeType":"@n8n/n8n-nodes-langchain.lmChatMistralCloud","nodeName":"Mistral Cloud Chat Model","nodeId":"6706a3b2-63a3-45f7-ae3e-bb739a864c95"}}
{"__type":"$$EventMessageConfirm","confirm":"d5d9fff3-fd9d-4e2b-883b-f2c05e4b94ea","ts":"2026-04-05T13:26:33.969-04:00","source":{"id":"0","name":"eventBus"}}
{"__type":"$$EventMessageAiNode","id":"c053b723-334a-4ea8-b15e-2ee232c33b9c","ts":"2026-04-05T13:26:33.969-04:00","eventName":"n8n.ai.llm.generated","message":"n8n.ai.llm.generated","payload":{"executionId":"65","nodeName":"Mistral Cloud Chat Model","workflowName":"My workflow","nodeType":"@n8n/n8n-nodes-langchain.lmChatMistralCloud","workflowId":"YIYJI8ZkPUi59kQQ","msg":"{\"messages\":[\"Human: Eres un asistente inteligente de ServiceDesk.\\n\\nTu función es ayudar a los usuarios a resolver problemas de TI.\\n\\nDispones de una herramienta llamada crear_ticket.\\n\\nReglas:\\n\\n- Si el usuario reporta un problema, debes usar la herramienta crear_ticket.\\n- Nunca generes JSON manualmente.\\n- No menciones que estás usando herramientas.\\n- Antes de usar crear_ticket, asegúrate de tener toda la información completa:\\n\\n  1. solicitante → se llena automáticamente con \\\"usuario de ia\\\".\\n  2. tipo_solicitud → solo \\\"Requerimiento\\\" o \\\"Incidente\\\". Si no está claro, pregúntalo al usuario.\\n  3. prioridad → \\\"Alta\\\", \\\"Normal\\\" o \\\"Baja\\\". Pregunta si no está claro.\\n  4. estado → por defecto \\\"Abierto\\\". Si el ticket ya tiene responsable, usa \\\"Asignado\\\". Si falta información, usa \\\"En espera\\\".\\n  5. modo → \\\"Chat\\\", \\\"Email\\\", \\\"Mobile App\\\", \\\"Phone Call\\\" o \\\"Web Form\\\". Pregunta si no está claro.\\n  6. sucursal → 9 posibilidades. Para ahora, usa \\\"Sucursal 1\\\" si no se indica.\\n  7. categoria / subcategoria / articulo → usar cualquier valor de relleno por ahora (\\\"Categoria X\\\", \\\"Subcategoria Y\\\", \\\"Articulo Z\\\").\\n  8. asunto → preguntar al usuario si no está claro.\\n  9. descripcion_html → genera un diseño bonito con estilo HTML. Ejemplo:\\n     <div style=\\\"font-family:Arial,sans-serif;color:#333;\\\">\\n       <p><strong>Reporte del usuario:</strong> El usuario reporta que </p>\\n     </div>\\n     donde  es lo que el usuario escribió.\\n\\n- Nunca envíes el ticket si falta algún dato obligatorio; primero pregunta al usuario lo que falta.\\n- Después de usar la herramienta, responde al usuario indicando el ID del ticket generado (campo \\\"ID-ITIL\\\").\\n- Si el usuario solo conversa, responde normalmente.\\n\\nUsuario dijo:\\nHola qué tal? ayudame con un tema de mi monitor\\nAI: ¡Hola! Claro, puedo ayudarte. Para crear un ticket sobre el problema con tu monitor, necesito algunos detalles:\\n\\n1. **Tipo de solicitud**: ¿Es un incidente (algo que no funciona) o un requerimiento (algo que necesitas)?\\n2. **Prioridad**: ¿Consideras que es de prioridad alta, normal o baja?\\n3. **Modo de contacto**: ¿Cómo prefieres que te contactemos? (Chat, Email, Mobile App, Phone Call o Web Form).\\n4. **Asunto**: ¿Podrías resumir en una frase el problema? Por ejemplo: \\\"Monitor no enciende\\\" o \\\"Problema con la pantalla del monitor\\\".\\n\\nCon esta información, podré crear el ticket correctamente.\\nHuman: Eres un asistente inteligente de ServiceDesk.\\n\\nTu función es ayudar a los usuarios a resolver problemas de TI.\\n\\nDispones de una herramienta llamada crear_ticket.\\n\\nReglas:\\n\\n- Si el usuario reporta un problema, debes usar la herramienta crear_ticket.\\n- Nunca generes JSON manualmente.\\n- No menciones que estás usando herramientas.\\n- Antes de usar crear_ticket, asegúrate de tener toda la información completa:\\n\\n  1. solicitante → se llena automáticamente con \\\"usuario de ia\\\".\\n  2. tipo_solicitud → solo \\\"Requerimiento\\\" o \\\"Incidente\\\". Si no está claro, pregúntalo al usuario.\\n  3. prioridad → \\\"Alta\\\", \\\"Normal\\\" o \\\"Baja\\\". Pregunta si no está claro.\\n  4. estado → por defecto \\\"Abierto\\\". Si el ticket ya tiene responsable, usa \\\"Asignado\\\". Si falta información, usa \\\"En espera\\\".\\n  5. modo → \\\"Chat\\\", \\\"Email\\\", \\\"Mobile App\\\", \\\"Phone Call\\\" o \\\"Web Form\\\". Pregunta si no está claro.\\n  6. sucursal → 9 posibilidades. Para ahora, usa \\\"Sucursal 1\\\" si no se indica.\\n  7. categoria / subcategoria / articulo → usar cualquier valor de relleno por ahora (\\\"Categoria X\\\", \\\"Subcategoria Y\\\", \\\"Articulo Z\\\").\\n  8. asunto → preguntar al usuario si no está claro.\\n  9. descripcion_html → genera un diseño bonito con estilo HTML. Ejemplo:\\n     <div style=\\\"font-family:Arial,sans-serif;color:#333;\\\">\\n       <p><strong>Reporte del usuario:</strong> El usuario reporta que </p>\\n     </div>\\n     donde  es lo que el usuario escribió.\\n\\n- Nunca envíes el ticket si falta algún dato obligatorio; primero pregunta al usuario lo que falta.\\n- Después de usar la herramienta, responde al usuario indicando el ID del ticket generado (campo \\\"ID-ITIL\\\").\\n- Si el usuario solo conversa, responde normalmente.\\n\\nUsuario dijo:\\nHola\\nAI: ¡Hola! ¿En qué puedo ayudarte hoy? 😊\\nHuman: Eres un asistente inteligente de ServiceDesk.\\n\\nTu función es ayudar a los usuarios a resolver problemas de TI.\\n\\nDispones de una herramienta llamada crear_ticket.\\n\\nReglas:\\n\\n- Si el usuario reporta un problema, debes usar la herramienta crear_ticket.\\n- Nunca generes JSON manualmente.\\n- No menciones que estás usando herramientas.\\n- Antes de usar crear_ticket, asegúrate de tener toda la información completa:\\n\\n  1. solicitante → se llena automáticamente con \\\"usuario de ia\\\".\\n  2. tipo_solicitud → solo \\\"Requerimiento\\\" o \\\"Incidente\\\". Si no está claro, pregúntalo al usuario.\\n  3. prioridad → \\\"Alta\\\", \\\"Normal\\\" o \\\"Baja\\\". Pregunta si no está claro.\\n  4. estado → por defecto \\\"Abierto\\\". Si el ticket ya tiene responsable, usa \\\"Asignado\\\". Si falta información, usa \\\"En espera\\\".\\n  5. modo → \\\"Chat\\\", \\\"Email\\\", \\\"Mobile App\\\", \\\"Phone Call\\\" o \\\"Web Form\\\". Pregunta si no está claro.\\n  6. sucursal → 9 posibilidades. Para ahora, usa \\\"Sucursal 1\\\" si no se indica.\\n  7. categoria / subcategoria / articulo → usar cualquier valor de relleno por ahora (\\\"Categoria X\\\", \\\"Subcategoria Y\\\", \\\"Articulo Z\\\").\\n  8. asunto → preguntar al usuario si no está claro.\\n  9. descripcion_html → genera un diseño bonito con estilo HTML. Ejemplo:\\n     <div style=\\\"font-family:Arial,sans-serif;color:#333;\\\">\\n       <p><strong>Reporte del usuario:</strong> El usuario reporta que </p>\\n     </div>\\n     donde  es lo que el usuario escribió.\\n\\n- Nunca envíes el ticket si falta algún dato obligatorio; primero pregunta al usuario lo que falta.\\n- Después de usar la herramienta, responde al usuario indicando el ID del ticket generado (campo \\\"ID-ITIL\\\").\\n- Si el usuario solo conversa, responde normalmente.\\n\\nUsuario dijo:\\nHola\\nAI: ¡Hola! ¿En qué puedo ayudarte hoy? 😊\\nHuman: Eres un asistente inteligente de ServiceDesk.\\n\\nTu función es ayudar a los usuarios a resolver problemas de TI.\\n\\nDispones de una herramienta llamada crear_ticket.\\n\\nReglas:\\n\\n- Si el usuario reporta un problema, debes usar la herramienta crear_ticket.\\n- Nunca generes JSON manualmente.\\n- No menciones que estás usando herramientas.\\n- Antes de usar crear_ticket, asegúrate de tener toda la información completa:\\n\\n  1. solicitante → se llena automáticamente con \\\"usuario de ia\\\".\\n  2. tipo_solicitud → solo \\\"Requerimiento\\\" o \\\"Incidente\\\". Si no está claro, pregúntalo al usuario.\\n  3. prioridad → \\\"Alta\\\", \\\"Normal\\\" o \\\"Baja\\\". Pregunta si no está claro.\\n  4. estado → por defecto \\\"Abierto\\\". Si el ticket ya tiene responsable, usa \\\"Asignado\\\". Si falta información, usa \\\"En espera\\\".\\n  5. modo → \\\"Chat\\\", \\\"Email\\\", \\\"Mobile App\\\", \\\"Phone Call\\\" o \\\"Web Form\\\". Pregunta si no está claro.\\n  6. sucursal → 9 posibilidades. Para ahora, usa \\\"Sucursal 1\\\" si no se indica.\\n  7. categoria / subcategoria / articulo → usar cualquier valor de relleno por ahora (\\\"Categoria X\\\", \\\"Subcategoria Y\\\", \\\"Articulo Z\\\").\\n  8. asunto → preguntar al usuario si no está claro.\\n  9. descripcion_html → genera un diseño bonito con estilo HTML. Ejemplo:\\n     <div style=\\\"font-family:Arial,sans-serif;color:#333;\\\">\\n       <p><strong>Reporte del usuario:</strong> El usuario reporta que </p>\\n     </div>\\n     donde  es lo que el usuario escribió.\\n\\n- Nunca envíes el ticket si falta algún dato obligatorio; primero pregunta al usuario lo que falta.\\n- Después de usar la herramienta, responde al usuario indicando el ID del ticket generado (campo \\\"ID-ITIL\\\").\\n- Si el usuario solo conversa, responde normalmente.\\n\\nUsuario dijo:\\nTengo un problema con mi micrófono\\nAI: Entiendo que tienes un problema con tu micrófono. Para crear un ticket y ayudarte, necesito algunos detalles:\\n\\n1. **Tipo de solicitud**: ¿Es un incidente (algo que no funciona) o un requerimiento (algo que necesitas)?\\n2. **Prioridad**: ¿Consideras que es de prioridad alta, normal o baja?\\n3. **Modo de contacto**: ¿Cómo prefieres que te contactemos? (Chat, Email, Mobile App, Phone Call o Web Form).\\n4. **Asunto**: ¿Podrías resumir en una frase el problema? Por ejemplo: \\\"Micrófono no funciona\\\" o \\\"Problema con la conexión del micrófono\\\".\\n\\nCon esta información, podré crear el ticket correctamente.\\nHuman: Eres un asistente inteligente de ServiceDesk.\\n\\nTu función es ayudar a los usuarios a resolver problemas de TI.\\n\\nDispones de una herramienta llamada crear_ticket.\\n\\nReglas:\\n\\n- Si el usuario reporta un problema, debes usar la herramienta crear_ticket.\\n- Nunca generes JSON manualmente.\\n- No menciones que estás usando herramientas.\\n- Antes de usar crear_ticket, asegúrate de tener toda la información completa:\\n\\n  1. solicitante → se llena automáticamente con \\\"usuario de ia\\\".\\n  2. tipo_solicitud → solo \\\"Requerimiento\\\" o \\\"Incidente\\\". Si no está claro, pregúntalo al usuario.\\n  3. prioridad → \\\"Alta\\\", \\\"Normal\\\" o \\\"Baja\\\". Pregunta si no está claro.\\n  4. estado → por defecto \\\"Abierto\\\". Si el ticket ya tiene responsable, usa \\\"Asignado\\\". Si falta información, usa \\\"En espera\\\".\\n  5. modo → \\\"Chat\\\", \\\"Email\\\", \\\"Mobile App\\\", \\\"Phone Call\\\" o \\\"Web Form\\\". Pregunta si no está claro.\\n  6. sucursal → 9 posibilidades. Para ahora, usa \\\"Sucursal 1\\\" si no se indica.\\n  7. categoria / subcategoria / articulo → usar cualquier valor de relleno por ahora (\\\"Categoria X\\\", \\\"Subcategoria Y\\\", \\\"Articulo Z\\\").\\n  8. asunto → preguntar al usuario si no está claro.\\n  9. descripcion_html → genera un diseño bonito con estilo HTML. Ejemplo:\\n     <div style=\\\"font-family:Arial,sans-serif;color:#333;\\\">\\n       <p><strong>Reporte del usuario:</strong> El usuario reporta que </p>\\n     </div>\\n     donde  es lo que el usuario escribió.\\n\\n- Nunca envíes el ticket si falta algún dato obligatorio; primero pregunta al usuario lo que falta.\\n- Después de usar la herramienta, responde al usuario indicando el ID del ticket generado (campo \\\"ID-ITIL\\\").\\n- Si el usuario solo conversa, responde normalmente.\\n\\nUsuario dijo:\\nHola\\nAI: ¡Hola! ¿En qué puedo ayudarte hoy? 😊\\nHuman: Eres un asistente inteligente de ServiceDesk.\\n\\nTu función es ayudar a los usuarios a resolver problemas de TI.\\n\\nDispones de una herramienta llamada crear_ticket.\\n\\nReglas:\\n\\n- Si el usuario reporta un problema, debes usar la herramienta crear_ticket.\\n- Nunca generes JSON manualmente.\\n- No menciones que estás usando herramientas.\\n- Antes de usar crear_ticket, asegúrate de tener toda la información completa:\\n\\n  1. solicitante → se llena automáticamente con \\\"usuario de ia\\\".\\n  2. tipo_solicitud → solo \\\"Requerimiento\\\" o \\\"Incidente\\\". Si no está claro, pregúntalo al usuario.\\n  3. prioridad → \\\"Alta\\\", \\\"Normal\\\" o \\\"Baja\\\". Pregunta si no está claro.\\n  4. estado → por defecto \\\"Abierto\\\". Si el ticket ya tiene responsable, usa \\\"Asignado\\\". Si falta información, usa \\\"En espera\\\".\\n  5. modo → \\\"Chat\\\", \\\"Email\\\", \\\"Mobile App\\\", \\\"Phone Call\\\" o \\\"Web Form\\\". Pregunta si no está claro.\\n  6. sucursal → 9 posibilidades. Para ahora, usa \\\"Sucursal 1\\\" si no se indica.\\n  7. categoria / subcategoria / articulo → usar cualquier valor de relleno por ahora (\\\"Categoria X\\\", \\\"Subcategoria Y\\\", \\\"Articulo Z\\\").\\n  8. asunto → preguntar al usuario si no está claro.\\n  9. descripcion_html → genera un diseño bonito con estilo HTML. Ejemplo:\\n     <div style=\\\"font-family:Arial,sans-serif;color:#333;\\\">\\n       <p><strong>Reporte del usuario:</strong> El usuario reporta que </p>\\n     </div>\\n     donde  es lo que el usuario escribió.\\n\\n- Nunca envíes el ticket si falta algún dato obligatorio; primero pregunta al usuario lo que falta.\\n- Después de usar la herramienta, responde al usuario indicando el ID del ticket generado (campo \\\"ID-ITIL\\\").\\n- Si el usuario solo conversa, responde normalmente.\\n\\nUsuario dijo:\\nTengo un problema con mi micrófono\"],\"options\":{\"mistral_api_key\":{\"lc\":1,\"type\":\"secret\",\"id\":[\"MISTRAL_API_KEY\"]},\"model\":\"devstral-latest\",\"http_client\":{\"options\":{},\"requestHooks\":[],\"requestErrorHooks\":[],\"responseHooks\":[]},\"metadata\":{\"versions\":{\"@langchain/core\":\"1.1.34\"}}},\"response\":{\"response\":{\"generations\":[[{\"text\":\"Entiendo que tienes un problema con tu micrófono. Para ayudarte, necesito algunos detalles adicionales:\\n\\n1. **Tipo de solicitud**: ¿Es un incidente (algo que no funciona) o un requerimiento (algo que necesitas)?\\n2. **Prioridad**: ¿Consideras que es de prioridad alta, normal o baja?\\n3. **Modo de contacto**: ¿Cómo prefieres que te contactemos? (Chat, Email, Mobile App, Phone Call o Web Form).\\n4. **Asunto**: ¿Podrías resumir en una frase el problema? Por ejemplo: \\\"Micrófono no funciona\\\" o \\\"Problema con la conexión del micrófono\\\".\\n\\nCon esta información, podré crear el ticket correctamente.\",\"generationInfo\":{\"finishReason\":\"stop\"}}]]},\"tokenUsage\":{\"completionTokens\":157,\"promptTokens\":3251,\"totalTokens\":3408}}}"}}
{"__type":"$$EventMessageConfirm","confirm":"c053b723-334a-4ea8-b15e-2ee232c33b9c","ts":"2026-04-05T13:26:33.970-04:00","source":{"id":"0","name":"eventBus"}}
{"__type":"$$EventMessageNode","id":"859c8659-5177-4684-aae4-76ebcb86d481","ts":"2026-04-05T13:26:33.970-04:00","eventName":"n8n.node.started","message":"n8n.node.started","payload":{"workflowId":"YIYJI8ZkPUi59kQQ","workflowName":"My workflow","executionId":"65","nodeType":"@n8n/n8n-nodes-langchain.memoryMongoDbChat","nodeName":"MongoDB Chat Memory","nodeId":"754b91b0-51fa-4134-b475-fabea68a7ceb"}}
{"__type":"$$EventMessageConfirm","confirm":"859c8659-5177-4684-aae4-76ebcb86d481","ts":"2026-04-05T13:26:33.971-04:00","source":{"id":"0","name":"eventBus"}}
{"__type":"$$EventMessageNode","id":"90b2d6c3-012f-4c04-8dcb-8dc702266e29","ts":"2026-04-05T13:26:33.984-04:00","eventName":"n8n.node.finished","message":"n8n.node.finished","payload":{"workflowId":"YIYJI8ZkPUi59kQQ","workflowName":"My workflow","executionId":"65","nodeType":"@n8n/n8n-nodes-langchain.memoryMongoDbChat","nodeName":"MongoDB Chat Memory","nodeId":"754b91b0-51fa-4134-b475-fabea68a7ceb"}}
{"__type":"$$EventMessageConfirm","confirm":"90b2d6c3-012f-4c04-8dcb-8dc702266e29","ts":"2026-04-05T13:26:33.984-04:00","source":{"id":"0","name":"eventBus"}}
{"__type":"$$EventMessageNode","id":"eef89e40-3e47-4745-9bc9-ee2f846727cc","ts":"2026-04-05T13:26:33.987-04:00","eventName":"n8n.node.finished","message":"n8n.node.finished","payload":{"workflowId":"YIYJI8ZkPUi59kQQ","workflowName":"My workflow","executionId":"65","nodeType":"@n8n/n8n-nodes-langchain.agent","nodeName":"AI Agent","nodeId":"9a07d0c0-fee7-4cf3-bf7c-e89cbd9d96c9"}}
{"__type":"$$EventMessageConfirm","confirm":"eef89e40-3e47-4745-9bc9-ee2f846727cc","ts":"2026-04-05T13:26:33.987-04:00","source":{"id":"0","name":"eventBus"}}
{"__type":"$$EventMessageNode","id":"55110d4b-3ce1-430b-822a-585da871ecc3","ts":"2026-04-05T13:26:33.987-04:00","eventName":"n8n.node.started","message":"n8n.node.started","payload":{"workflowId":"YIYJI8ZkPUi59kQQ","workflowName":"My workflow","executionId":"65","nodeType":"n8n-nodes-base.respondToWebhook","nodeName":"Respond to Webhook","nodeId":"4299c8c6-af2f-4b17-be27-4cb1faf7742f"}}
{"__type":"$$EventMessageConfirm","confirm":"55110d4b-3ce1-430b-822a-585da871ecc3","ts":"2026-04-05T13:26:33.987-04:00","source":{"id":"0","name":"eventBus"}}
{"__type":"$$EventMessageNode","id":"163c19d1-cc3b-41b9-8091-0e7b681c9a38","ts":"2026-04-05T13:26:33.989-04:00","eventName":"n8n.node.finished","message":"n8n.node.finished","payload":{"workflowId":"YIYJI8ZkPUi59kQQ","workflowName":"My workflow","executionId":"65","nodeType":"n8n-nodes-base.respondToWebhook","nodeName":"Respond to Webhook","nodeId":"4299c8c6-af2f-4b17-be27-4cb1faf7742f"}}
{"__type":"$$EventMessageConfirm","confirm":"163c19d1-cc3b-41b9-8091-0e7b681c9a38","ts":"2026-04-05T13:26:33.989-04:00","source":{"id":"0","name":"eventBus"}}
{"__type":"$$EventMessageWorkflow","id":"13380779-3818-4595-aceb-f6d4531d6ae5","ts":"2026-04-05T13:26:33.990-04:00","eventName":"n8n.workflow.success","message":"n8n.workflow.success","payload":{"executionId":"65","success":true,"isManual":false,"mode":"webhook","workflowId":"YIYJI8ZkPUi59kQQ","workflowName":"My workflow"}}
{"__type":"$$EventMessageConfirm","confirm":"13380779-3818-4595-aceb-f6d4531d6ae5","ts":"2026-04-05T13:26:33.990-04:00","source":{"id":"0","name":"eventBus"}}
{"__type":"$$EventMessageWorkflow","id":"de4846c0-75c9-49c5-8619-e10361801813","ts":"2026-04-05T13:26:57.266-04:00","eventName":"n8n.workflow.started","message":"n8n.workflow.started","payload":{"executionId":"66","workflowId":"YIYJI8ZkPUi59kQQ","isManual":false,"mode":"webhook","workflowName":"My workflow"}}
{"__type":"$$EventMessageConfirm","confirm":"de4846c0-75c9-49c5-8619-e10361801813","ts":"2026-04-05T13:26:57.267-04:00","source":{"id":"0","name":"eventBus"}}
{"__type":"$$EventMessageAudit","id":"dd2eb49b-1073-46c6-b858-3a12fd704665","ts":"2026-04-05T13:26:57.267-04:00","eventName":"n8n.audit.workflow.executed","message":"n8n.audit.workflow.executed","payload":{"workflowId":"YIYJI8ZkPUi59kQQ","workflowName":"My workflow","executionId":"66","source":"webhook"}}
{"__type":"$$EventMessageConfirm","confirm":"dd2eb49b-1073-46c6-b858-3a12fd704665","ts":"2026-04-05T13:26:57.267-04:00","source":{"id":"0","name":"eventBus"}}
{"__type":"$$EventMessageNode","id":"b30eb0dd-96d6-412f-8c96-b3f538aa7b44","ts":"2026-04-05T13:26:57.267-04:00","eventName":"n8n.node.started","message":"n8n.node.started","payload":{"workflowId":"YIYJI8ZkPUi59kQQ","workflowName":"My workflow","executionId":"66","nodeType":"n8n-nodes-base.webhook","nodeName":"Webhook","nodeId":"209ba0bd-158f-46b3-92d3-3e67fbfaeb46"}}
{"__type":"$$EventMessageConfirm","confirm":"b30eb0dd-96d6-412f-8c96-b3f538aa7b44","ts":"2026-04-05T13:26:57.267-04:00","source":{"id":"0","name":"eventBus"}}
{"__type":"$$EventMessageNode","id":"79cc99c4-1de4-4e6c-895d-feaf41c1a613","ts":"2026-04-05T13:26:57.267-04:00","eventName":"n8n.node.finished","message":"n8n.node.finished","payload":{"workflowId":"YIYJI8ZkPUi59kQQ","workflowName":"My workflow","executionId":"66","nodeType":"n8n-nodes-base.webhook","nodeName":"Webhook","nodeId":"209ba0bd-158f-46b3-92d3-3e67fbfaeb46"}}
{"__type":"$$EventMessageConfirm","confirm":"79cc99c4-1de4-4e6c-895d-feaf41c1a613","ts":"2026-04-05T13:26:57.267-04:00","source":{"id":"0","name":"eventBus"}}
{"__type":"$$EventMessageNode","id":"436ca952-0583-404d-832d-d8b90985477e","ts":"2026-04-05T13:26:57.268-04:00","eventName":"n8n.node.started","message":"n8n.node.started","payload":{"workflowId":"YIYJI8ZkPUi59kQQ","workflowName":"My workflow","executionId":"66","nodeType":"@n8n/n8n-nodes-langchain.agent","nodeName":"AI Agent","nodeId":"9a07d0c0-fee7-4cf3-bf7c-e89cbd9d96c9"}}
{"__type":"$$EventMessageConfirm","confirm":"436ca952-0583-404d-832d-d8b90985477e","ts":"2026-04-05T13:26:57.268-04:00","source":{"id":"0","name":"eventBus"}}
{"__type":"$$EventMessageNode","id":"7881ad90-7d42-405d-a64c-4e8345ed2260","ts":"2026-04-05T13:26:57.296-04:00","eventName":"n8n.node.started","message":"n8n.node.started","payload":{"workflowId":"YIYJI8ZkPUi59kQQ","workflowName":"My workflow","executionId":"66","nodeType":"@n8n/n8n-nodes-langchain.memoryMongoDbChat","nodeName":"MongoDB Chat Memory","nodeId":"754b91b0-51fa-4134-b475-fabea68a7ceb"}}
{"__type":"$$EventMessageConfirm","confirm":"7881ad90-7d42-405d-a64c-4e8345ed2260","ts":"2026-04-05T13:26:57.296-04:00","source":{"id":"0","name":"eventBus"}}
{"__type":"$$EventMessageNode","id":"5bd15a3c-1217-4bca-8b36-d2a9fc66d16b","ts":"2026-04-05T13:26:57.303-04:00","eventName":"n8n.node.finished","message":"n8n.node.finished","payload":{"workflowId":"YIYJI8ZkPUi59kQQ","workflowName":"My workflow","executionId":"66","nodeType":"@n8n/n8n-nodes-langchain.memoryMongoDbChat","nodeName":"MongoDB Chat Memory","nodeId":"754b91b0-51fa-4134-b475-fabea68a7ceb"}}
{"__type":"$$EventMessageConfirm","confirm":"5bd15a3c-1217-4bca-8b36-d2a9fc66d16b","ts":"2026-04-05T13:26:57.303-04:00","source":{"id":"0","name":"eventBus"}}
{"__type":"$$EventMessageNode","id":"91c2c15d-9450-4418-80a9-46f8a7692dd2","ts":"2026-04-05T13:26:57.327-04:00","eventName":"n8n.node.started","message":"n8n.node.started","payload":{"workflowId":"YIYJI8ZkPUi59kQQ","workflowName":"My workflow","executionId":"66","nodeType":"@n8n/n8n-nodes-langchain.lmChatMistralCloud","nodeName":"Mistral Cloud Chat Model","nodeId":"6706a3b2-63a3-45f7-ae3e-bb739a864c95"}}
{"__type":"$$EventMessageConfirm","confirm":"91c2c15d-9450-4418-80a9-46f8a7692dd2","ts":"2026-04-05T13:26:57.327-04:00","source":{"id":"0","name":"eventBus"}}
{"__type":"$$EventMessageNode","id":"23d8790e-e1f6-4670-94cc-34ab1aa6413b","ts":"2026-04-05T13:26:58.678-04:00","eventName":"n8n.node.finished","message":"n8n.node.finished","payload":{"workflowId":"YIYJI8ZkPUi59kQQ","workflowName":"My workflow","executionId":"66","nodeType":"@n8n/n8n-nodes-langchain.lmChatMistralCloud","nodeName":"Mistral Cloud Chat Model","nodeId":"6706a3b2-63a3-45f7-ae3e-bb739a864c95"}}
{"__type":"$$EventMessageConfirm","confirm":"23d8790e-e1f6-4670-94cc-34ab1aa6413b","ts":"2026-04-05T13:26:58.678-04:00","source":{"id":"0","name":"eventBus"}}
{"__type":"$$EventMessageAiNode","id":"ea6fcb5e-681d-4682-809b-a2b57411bafe","ts":"2026-04-05T13:26:58.678-04:00","eventName":"n8n.ai.llm.generated","message":"n8n.ai.llm.generated","payload":{"executionId":"66","nodeName":"Mistral Cloud Chat Model","workflowName":"My workflow","nodeType":"@n8n/n8n-nodes-langchain.lmChatMistralCloud","workflowId":"YIYJI8ZkPUi59kQQ","msg":"{\"messages\":[\"Human: Eres un asistente inteligente de ServiceDesk.\\n\\nTu función es ayudar a los usuarios a resolver problemas de TI.\\n\\nDispones de una herramienta llamada crear_ticket.\\n\\nReglas:\\n\\n- Si el usuario reporta un problema, debes usar la herramienta crear_ticket.\\n- Nunca generes JSON manualmente.\\n- No menciones que estás usando herramientas.\\n- Antes de usar crear_ticket, asegúrate de tener toda la información completa:\\n\\n  1. solicitante → se llena automáticamente con \\\"usuario de ia\\\".\\n  2. tipo_solicitud → solo \\\"Requerimiento\\\" o \\\"Incidente\\\". Si no está claro, pregúntalo al usuario.\\n  3. prioridad → \\\"Alta\\\", \\\"Normal\\\" o \\\"Baja\\\". Pregunta si no está claro.\\n  4. estado → por defecto \\\"Abierto\\\". Si el ticket ya tiene responsable, usa \\\"Asignado\\\". Si falta información, usa \\\"En espera\\\".\\n  5. modo → \\\"Chat\\\", \\\"Email\\\", \\\"Mobile App\\\", \\\"Phone Call\\\" o \\\"Web Form\\\". Pregunta si no está claro.\\n  6. sucursal → 9 posibilidades. Para ahora, usa \\\"Sucursal 1\\\" si no se indica.\\n  7. categoria / subcategoria / articulo → usar cualquier valor de relleno por ahora (\\\"Categoria X\\\", \\\"Subcategoria Y\\\", \\\"Articulo Z\\\").\\n  8. asunto → preguntar al usuario si no está claro.\\n  9. descripcion_html → genera un diseño bonito con estilo HTML. Ejemplo:\\n     <div style=\\\"font-family:Arial,sans-serif;color:#333;\\\">\\n       <p><strong>Reporte del usuario:</strong> El usuario reporta que </p>\\n     </div>\\n     donde  es lo que el usuario escribió.\\n\\n- Nunca envíes el ticket si falta algún dato obligatorio; primero pregunta al usuario lo que falta.\\n- Después de usar la herramienta, responde al usuario indicando el ID del ticket generado (campo \\\"ID-ITIL\\\").\\n- Si el usuario solo conversa, responde normalmente.\\n\\nUsuario dijo:\\nHola\\nAI: ¡Hola! ¿En qué puedo ayudarte hoy? 😊\\nHuman: Eres un asistente inteligente de ServiceDesk.\\n\\nTu función es ayudar a los usuarios a resolver problemas de TI.\\n\\nDispones de una herramienta llamada crear_ticket.\\n\\nReglas:\\n\\n- Si el usuario reporta un problema, debes usar la herramienta crear_ticket.\\n- Nunca generes JSON manualmente.\\n- No menciones que estás usando herramientas.\\n- Antes de usar crear_ticket, asegúrate de tener toda la información completa:\\n\\n  1. solicitante → se llena automáticamente con \\\"usuario de ia\\\".\\n  2. tipo_solicitud → solo \\\"Requerimiento\\\" o \\\"Incidente\\\". Si no está claro, pregúntalo al usuario.\\n  3. prioridad → \\\"Alta\\\", \\\"Normal\\\" o \\\"Baja\\\". Pregunta si no está claro.\\n  4. estado → por defecto \\\"Abierto\\\". Si el ticket ya tiene responsable, usa \\\"Asignado\\\". Si falta información, usa \\\"En espera\\\".\\n  5. modo → \\\"Chat\\\", \\\"Email\\\", \\\"Mobile App\\\", \\\"Phone Call\\\" o \\\"Web Form\\\". Pregunta si no está claro.\\n  6. sucursal → 9 posibilidades. Para ahora, usa \\\"Sucursal 1\\\" si no se indica.\\n  7. categoria / subcategoria / articulo → usar cualquier valor de relleno por ahora (\\\"Categoria X\\\", \\\"Subcategoria Y\\\", \\\"Articulo Z\\\").\\n  8. asunto → preguntar al usuario si no está claro.\\n  9. descripcion_html → genera un diseño bonito con estilo HTML. Ejemplo:\\n     <div style=\\\"font-family:Arial,sans-serif;color:#333;\\\">\\n       <p><strong>Reporte del usuario:</strong> El usuario reporta que </p>\\n     </div>\\n     donde  es lo que el usuario escribió.\\n\\n- Nunca envíes el ticket si falta algún dato obligatorio; primero pregunta al usuario lo que falta.\\n- Después de usar la herramienta, responde al usuario indicando el ID del ticket generado (campo \\\"ID-ITIL\\\").\\n- Si el usuario solo conversa, responde normalmente.\\n\\nUsuario dijo:\\nHola\\nAI: ¡Hola! ¿En qué puedo ayudarte hoy? 😊\\nHuman: Eres un asistente inteligente de ServiceDesk.\\n\\nTu función es ayudar a los usuarios a resolver problemas de TI.\\n\\nDispones de una herramienta llamada crear_ticket.\\n\\nReglas:\\n\\n- Si el usuario reporta un problema, debes usar la herramienta crear_ticket.\\n- Nunca generes JSON manualmente.\\n- No menciones que estás usando herramientas.\\n- Antes de usar crear_ticket, asegúrate de tener toda la información completa:\\n\\n  1. solicitante → se llena automáticamente con \\\"usuario de ia\\\".\\n  2. tipo_solicitud → solo \\\"Requerimiento\\\" o \\\"Incidente\\\". Si no está claro, pregúntalo al usuario.\\n  3. prioridad → \\\"Alta\\\", \\\"Normal\\\" o \\\"Baja\\\". Pregunta si no está claro.\\n  4. estado → por defecto \\\"Abierto\\\". Si el ticket ya tiene responsable, usa \\\"Asignado\\\". Si falta información, usa \\\"En espera\\\".\\n  5. modo → \\\"Chat\\\", \\\"Email\\\", \\\"Mobile App\\\", \\\"Phone Call\\\" o \\\"Web Form\\\". Pregunta si no está claro.\\n  6. sucursal → 9 posibilidades. Para ahora, usa \\\"Sucursal 1\\\" si no se indica.\\n  7. categoria / subcategoria / articulo → usar cualquier valor de relleno por ahora (\\\"Categoria X\\\", \\\"Subcategoria Y\\\", \\\"Articulo Z\\\").\\n  8. asunto → preguntar al usuario si no está claro.\\n  9. descripcion_html → genera un diseño bonito con estilo HTML. Ejemplo:\\n     <div style=\\\"font-family:Arial,sans-serif;color:#333;\\\">\\n       <p><strong>Reporte del usuario:</strong> El usuario reporta que </p>\\n     </div>\\n     donde  es lo que el usuario escribió.\\n\\n- Nunca envíes el ticket si falta algún dato obligatorio; primero pregunta al usuario lo que falta.\\n- Después de usar la herramienta, responde al usuario indicando el ID del ticket generado (campo \\\"ID-ITIL\\\").\\n- Si el usuario solo conversa, responde normalmente.\\n\\nUsuario dijo:\\nTengo un problema con mi micrófono\\nAI: Entiendo que tienes un problema con tu micrófono. Para crear un ticket y ayudarte, necesito algunos detalles:\\n\\n1. **Tipo de solicitud**: ¿Es un incidente (algo que no funciona) o un requerimiento (algo que necesitas)?\\n2. **Prioridad**: ¿Consideras que es de prioridad alta, normal o baja?\\n3. **Modo de contacto**: ¿Cómo prefieres que te contactemos? (Chat, Email, Mobile App, Phone Call o Web Form).\\n4. **Asunto**: ¿Podrías resumir en una frase el problema? Por ejemplo: \\\"Micrófono no funciona\\\" o \\\"Problema con la conexión del micrófono\\\".\\n\\nCon esta información, podré crear el ticket correctamente.\\nHuman: Eres un asistente inteligente de ServiceDesk.\\n\\nTu función es ayudar a los usuarios a resolver problemas de TI.\\n\\nDispones de una herramienta llamada crear_ticket.\\n\\nReglas:\\n\\n- Si el usuario reporta un problema, debes usar la herramienta crear_ticket.\\n- Nunca generes JSON manualmente.\\n- No menciones que estás usando herramientas.\\n- Antes de usar crear_ticket, asegúrate de tener toda la información completa:\\n\\n  1. solicitante → se llena automáticamente con \\\"usuario de ia\\\".\\n  2. tipo_solicitud → solo \\\"Requerimiento\\\" o \\\"Incidente\\\". Si no está claro, pregúntalo al usuario.\\n  3. prioridad → \\\"Alta\\\", \\\"Normal\\\" o \\\"Baja\\\". Pregunta si no está claro.\\n  4. estado → por defecto \\\"Abierto\\\". Si el ticket ya tiene responsable, usa \\\"Asignado\\\". Si falta información, usa \\\"En espera\\\".\\n  5. modo → \\\"Chat\\\", \\\"Email\\\", \\\"Mobile App\\\", \\\"Phone Call\\\" o \\\"Web Form\\\". Pregunta si no está claro.\\n  6. sucursal → 9 posibilidades. Para ahora, usa \\\"Sucursal 1\\\" si no se indica.\\n  7. categoria / subcategoria / articulo → usar cualquier valor de relleno por ahora (\\\"Categoria X\\\", \\\"Subcategoria Y\\\", \\\"Articulo Z\\\").\\n  8. asunto → preguntar al usuario si no está claro.\\n  9. descripcion_html → genera un diseño bonito con estilo HTML. Ejemplo:\\n     <div style=\\\"font-family:Arial,sans-serif;color:#333;\\\">\\n       <p><strong>Reporte del usuario:</strong> El usuario reporta que </p>\\n     </div>\\n     donde  es lo que el usuario escribió.\\n\\n- Nunca envíes el ticket si falta algún dato obligatorio; primero pregunta al usuario lo que falta.\\n- Después de usar la herramienta, responde al usuario indicando el ID del ticket generado (campo \\\"ID-ITIL\\\").\\n- Si el usuario solo conversa, responde normalmente.\\n\\nUsuario dijo:\\nHola\\nAI: ¡Hola! ¿En qué puedo ayudarte hoy? 😊\\nHuman: Eres un asistente inteligente de ServiceDesk.\\n\\nTu función es ayudar a los usuarios a resolver problemas de TI.\\n\\nDispones de una herramienta llamada crear_ticket.\\n\\nReglas:\\n\\n- Si el usuario reporta un problema, debes usar la herramienta crear_ticket.\\n- Nunca generes JSON manualmente.\\n- No menciones que estás usando herramientas.\\n- Antes de usar crear_ticket, asegúrate de tener toda la información completa:\\n\\n  1. solicitante → se llena automáticamente con \\\"usuario de ia\\\".\\n  2. tipo_solicitud → solo \\\"Requerimiento\\\" o \\\"Incidente\\\". Si no está claro, pregúntalo al usuario.\\n  3. prioridad → \\\"Alta\\\", \\\"Normal\\\" o \\\"Baja\\\". Pregunta si no está claro.\\n  4. estado → por defecto \\\"Abierto\\\". Si el ticket ya tiene responsable, usa \\\"Asignado\\\". Si falta información, usa \\\"En espera\\\".\\n  5. modo → \\\"Chat\\\", \\\"Email\\\", \\\"Mobile App\\\", \\\"Phone Call\\\" o \\\"Web Form\\\". Pregunta si no está claro.\\n  6. sucursal → 9 posibilidades. Para ahora, usa \\\"Sucursal 1\\\" si no se indica.\\n  7. categoria / subcategoria / articulo → usar cualquier valor de relleno por ahora (\\\"Categoria X\\\", \\\"Subcategoria Y\\\", \\\"Articulo Z\\\").\\n  8. asunto → preguntar al usuario si no está claro.\\n  9. descripcion_html → genera un diseño bonito con estilo HTML. Ejemplo:\\n     <div style=\\\"font-family:Arial,sans-serif;color:#333;\\\">\\n       <p><strong>Reporte del usuario:</strong> El usuario reporta que </p>\\n     </div>\\n     donde  es lo que el usuario escribió.\\n\\n- Nunca envíes el ticket si falta algún dato obligatorio; primero pregunta al usuario lo que falta.\\n- Después de usar la herramienta, responde al usuario indicando el ID del ticket generado (campo \\\"ID-ITIL\\\").\\n- Si el usuario solo conversa, responde normalmente.\\n\\nUsuario dijo:\\nTengo un problema con mi micrófono\\nAI: Entiendo que tienes un problema con tu micrófono. Para ayudarte, necesito algunos detalles adicionales:\\n\\n1. **Tipo de solicitud**: ¿Es un incidente (algo que no funciona) o un requerimiento (algo que necesitas)?\\n2. **Prioridad**: ¿Consideras que es de prioridad alta, normal o baja?\\n3. **Modo de contacto**: ¿Cómo prefieres que te contactemos? (Chat, Email, Mobile App, Phone Call o Web Form).\\n4. **Asunto**: ¿Podrías resumir en una frase el problema? Por ejemplo: \\\"Micrófono no funciona\\\" o \\\"Problema con la conexión del micrófono\\\".\\n\\nCon esta información, podré crear el ticket correctamente.\\nHuman: Eres un asistente inteligente de ServiceDesk.\\n\\nTu función es ayudar a los usuarios a resolver problemas de TI.\\n\\nDispones de una herramienta llamada crear_ticket.\\n\\nReglas:\\n\\n- Si el usuario reporta un problema, debes usar la herramienta crear_ticket.\\n- Nunca generes JSON manualmente.\\n- No menciones que estás usando herramientas.\\n- Antes de usar crear_ticket, asegúrate de tener toda la información completa:\\n\\n  1. solicitante → se llena automáticamente con \\\"usuario de ia\\\".\\n  2. tipo_solicitud → solo \\\"Requerimiento\\\" o \\\"Incidente\\\". Si no está claro, pregúntalo al usuario.\\n  3. prioridad → \\\"Alta\\\", \\\"Normal\\\" o \\\"Baja\\\". Pregunta si no está claro.\\n  4. estado → por defecto \\\"Abierto\\\". Si el ticket ya tiene responsable, usa \\\"Asignado\\\". Si falta información, usa \\\"En espera\\\".\\n  5. modo → \\\"Chat\\\", \\\"Email\\\", \\\"Mobile App\\\", \\\"Phone Call\\\" o \\\"Web Form\\\". Pregunta si no está claro.\\n  6. sucursal → 9 posibilidades. Para ahora, usa \\\"Sucursal 1\\\" si no se indica.\\n  7. categoria / subcategoria / articulo → usar cualquier valor de relleno por ahora (\\\"Categoria X\\\", \\\"Subcategoria Y\\\", \\\"Articulo Z\\\").\\n  8. asunto → preguntar al usuario si no está claro.\\n  9. descripcion_html → genera un diseño bonito con estilo HTML. Ejemplo:\\n     <div style=\\\"font-family:Arial,sans-serif;color:#333;\\\">\\n       <p><strong>Reporte del usuario:</strong> El usuario reporta que </p>\\n     </div>\\n     donde  es lo que el usuario escribió.\\n\\n- Nunca envíes el ticket si falta algún dato obligatorio; primero pregunta al usuario lo que falta.\\n- Después de usar la herramienta, responde al usuario indicando el ID del ticket generado (campo \\\"ID-ITIL\\\").\\n- Si el usuario solo conversa, responde normalmente.\\n\\nUsuario dijo:\\nEs un incidente...\"],\"options\":{\"mistral_api_key\":{\"lc\":1,\"type\":\"secret\",\"id\":[\"MISTRAL_API_KEY\"]},\"model\":\"devstral-latest\",\"http_client\":{\"options\":{},\"requestHooks\":[],\"requestErrorHooks\":[],\"responseHooks\":[]},\"metadata\":{\"versions\":{\"@langchain/core\":\"1.1.34\"}}},\"response\":{\"response\":{\"generations\":[[{\"text\":\"Entendido. ¿Podrías indicarme lo siguiente para continuar con el ticket?\\n\\n1. **Prioridad**: ¿Consideras que es de prioridad alta, normal o baja?\\n2. **Modo de contacto**: ¿Cómo prefieres que te contactemos? (Chat, Email, Mobile App, Phone Call o Web Form).\\n3. **Asunto**: ¿Podrías resumir en una frase el problema? Por ejemplo: \\\"Micrófono no funciona\\\" o \\\"Problema con la conexión del micrófono\\\".\\n\\nCon estos datos, podré proceder.\",\"generationInfo\":{\"finishReason\":\"stop\"}}]]},\"tokenUsage\":{\"completionTokens\":119,\"promptTokens\":3240,\"totalTokens\":3359}}}"}}
{"__type":"$$EventMessageConfirm","confirm":"ea6fcb5e-681d-4682-809b-a2b57411bafe","ts":"2026-04-05T13:26:58.678-04:00","source":{"id":"0","name":"eventBus"}}
{"__type":"$$EventMessageNode","id":"fcfd74a3-c62c-44b0-a040-607291b40467","ts":"2026-04-05T13:26:58.679-04:00","eventName":"n8n.node.started","message":"n8n.node.started","payload":{"workflowId":"YIYJI8ZkPUi59kQQ","workflowName":"My workflow","executionId":"66","nodeType":"@n8n/n8n-nodes-langchain.memoryMongoDbChat","nodeName":"MongoDB Chat Memory","nodeId":"754b91b0-51fa-4134-b475-fabea68a7ceb"}}
{"__type":"$$EventMessageConfirm","confirm":"fcfd74a3-c62c-44b0-a040-607291b40467","ts":"2026-04-05T13:26:58.679-04:00","source":{"id":"0","name":"eventBus"}}
{"__type":"$$EventMessageNode","id":"ae0542fa-5e52-452e-a243-6ba1d4eab1ed","ts":"2026-04-05T13:26:58.696-04:00","eventName":"n8n.node.finished","message":"n8n.node.finished","payload":{"workflowId":"YIYJI8ZkPUi59kQQ","workflowName":"My workflow","executionId":"66","nodeType":"@n8n/n8n-nodes-langchain.memoryMongoDbChat","nodeName":"MongoDB Chat Memory","nodeId":"754b91b0-51fa-4134-b475-fabea68a7ceb"}}
{"__type":"$$EventMessageConfirm","confirm":"ae0542fa-5e52-452e-a243-6ba1d4eab1ed","ts":"2026-04-05T13:26:58.697-04:00","source":{"id":"0","name":"eventBus"}}
{"__type":"$$EventMessageNode","id":"0718c0b2-aa41-40d7-9945-6a6b07ef2517","ts":"2026-04-05T13:26:58.703-04:00","eventName":"n8n.node.finished","message":"n8n.node.finished","payload":{"workflowId":"YIYJI8ZkPUi59kQQ","workflowName":"My workflow","executionId":"66","nodeType":"@n8n/n8n-nodes-langchain.agent","nodeName":"AI Agent","nodeId":"9a07d0c0-fee7-4cf3-bf7c-e89cbd9d96c9"}}
{"__type":"$$EventMessageConfirm","confirm":"0718c0b2-aa41-40d7-9945-6a6b07ef2517","ts":"2026-04-05T13:26:58.703-04:00","source":{"id":"0","name":"eventBus"}}
{"__type":"$$EventMessageNode","id":"db516ed2-8113-4db9-8f84-01560f04654b","ts":"2026-04-05T13:26:58.703-04:00","eventName":"n8n.node.started","message":"n8n.node.started","payload":{"workflowId":"YIYJI8ZkPUi59kQQ","workflowName":"My workflow","executionId":"66","nodeType":"n8n-nodes-base.respondToWebhook","nodeName":"Respond to Webhook","nodeId":"4299c8c6-af2f-4b17-be27-4cb1faf7742f"}}
{"__type":"$$EventMessageConfirm","confirm":"db516ed2-8113-4db9-8f84-01560f04654b","ts":"2026-04-05T13:26:58.703-04:00","source":{"id":"0","name":"eventBus"}}
{"__type":"$$EventMessageNode","id":"2ea7125d-154d-4268-8f6a-4132215bb61e","ts":"2026-04-05T13:26:58.705-04:00","eventName":"n8n.node.finished","message":"n8n.node.finished","payload":{"workflowId":"YIYJI8ZkPUi59kQQ","workflowName":"My workflow","executionId":"66","nodeType":"n8n-nodes-base.respondToWebhook","nodeName":"Respond to Webhook","nodeId":"4299c8c6-af2f-4b17-be27-4cb1faf7742f"}}
{"__type":"$$EventMessageConfirm","confirm":"2ea7125d-154d-4268-8f6a-4132215bb61e","ts":"2026-04-05T13:26:58.705-04:00","source":{"id":"0","name":"eventBus"}}
{"__type":"$$EventMessageWorkflow","id":"573019bc-9e83-4f8f-b1b5-1ba9b16864b1","ts":"2026-04-05T13:26:58.705-04:00","eventName":"n8n.workflow.success","message":"n8n.workflow.success","payload":{"executionId":"66","success":true,"isManual":false,"mode":"webhook","workflowId":"YIYJI8ZkPUi59kQQ","workflowName":"My workflow"}}
{"__type":"$$EventMessageConfirm","confirm":"573019bc-9e83-4f8f-b1b5-1ba9b16864b1","ts":"2026-04-05T13:26:58.705-04:00","source":{"id":"0","name":"eventBus"}}
{"__type":"$$EventMessageWorkflow","id":"6bafc3af-2ff0-487c-93d7-df018919a25c","ts":"2026-04-05T13:27:29.513-04:00","eventName":"n8n.workflow.started","message":"n8n.workflow.started","payload":{"executionId":"67","workflowId":"YIYJI8ZkPUi59kQQ","isManual":false,"mode":"webhook","workflowName":"My workflow"}}
{"__type":"$$EventMessageConfirm","confirm":"6bafc3af-2ff0-487c-93d7-df018919a25c","ts":"2026-04-05T13:27:29.513-04:00","source":{"id":"0","name":"eventBus"}}
{"__type":"$$EventMessageAudit","id":"a9f75605-e4ec-4232-ab02-de97ba4aada8","ts":"2026-04-05T13:27:29.513-04:00","eventName":"n8n.audit.workflow.executed","message":"n8n.audit.workflow.executed","payload":{"workflowId":"YIYJI8ZkPUi59kQQ","workflowName":"My workflow","executionId":"67","source":"webhook"}}
{"__type":"$$EventMessageConfirm","confirm":"a9f75605-e4ec-4232-ab02-de97ba4aada8","ts":"2026-04-05T13:27:29.513-04:00","source":{"id":"0","name":"eventBus"}}
{"__type":"$$EventMessageNode","id":"200517da-fffc-4bed-bf82-619de39429f6","ts":"2026-04-05T13:27:29.513-04:00","eventName":"n8n.node.started","message":"n8n.node.started","payload":{"workflowId":"YIYJI8ZkPUi59kQQ","workflowName":"My workflow","executionId":"67","nodeType":"n8n-nodes-base.webhook","nodeName":"Webhook","nodeId":"209ba0bd-158f-46b3-92d3-3e67fbfaeb46"}}
{"__type":"$$EventMessageConfirm","confirm":"200517da-fffc-4bed-bf82-619de39429f6","ts":"2026-04-05T13:27:29.513-04:00","source":{"id":"0","name":"eventBus"}}
{"__type":"$$EventMessageNode","id":"7da6f4f1-9d52-48da-a041-69b26e40e933","ts":"2026-04-05T13:27:29.514-04:00","eventName":"n8n.node.finished","message":"n8n.node.finished","payload":{"workflowId":"YIYJI8ZkPUi59kQQ","workflowName":"My workflow","executionId":"67","nodeType":"n8n-nodes-base.webhook","nodeName":"Webhook","nodeId":"209ba0bd-158f-46b3-92d3-3e67fbfaeb46"}}
{"__type":"$$EventMessageConfirm","confirm":"7da6f4f1-9d52-48da-a041-69b26e40e933","ts":"2026-04-05T13:27:29.514-04:00","source":{"id":"0","name":"eventBus"}}
{"__type":"$$EventMessageNode","id":"1fd0eb68-2f0c-4203-91ca-c07a8025058b","ts":"2026-04-05T13:27:29.514-04:00","eventName":"n8n.node.started","message":"n8n.node.started","payload":{"workflowId":"YIYJI8ZkPUi59kQQ","workflowName":"My workflow","executionId":"67","nodeType":"@n8n/n8n-nodes-langchain.agent","nodeName":"AI Agent","nodeId":"9a07d0c0-fee7-4cf3-bf7c-e89cbd9d96c9"}}
{"__type":"$$EventMessageConfirm","confirm":"1fd0eb68-2f0c-4203-91ca-c07a8025058b","ts":"2026-04-05T13:27:29.514-04:00","source":{"id":"0","name":"eventBus"}}
{"__type":"$$EventMessageNode","id":"87e3bcf7-ff5d-4866-af30-62273f71008d","ts":"2026-04-05T13:27:29.547-04:00","eventName":"n8n.node.started","message":"n8n.node.started","payload":{"workflowId":"YIYJI8ZkPUi59kQQ","workflowName":"My workflow","executionId":"67","nodeType":"@n8n/n8n-nodes-langchain.memoryMongoDbChat","nodeName":"MongoDB Chat Memory","nodeId":"754b91b0-51fa-4134-b475-fabea68a7ceb"}}
{"__type":"$$EventMessageConfirm","confirm":"87e3bcf7-ff5d-4866-af30-62273f71008d","ts":"2026-04-05T13:27:29.547-04:00","source":{"id":"0","name":"eventBus"}}
{"__type":"$$EventMessageNode","id":"aa68190e-9fe0-4ebd-9440-459ffc9ddc72","ts":"2026-04-05T13:27:29.551-04:00","eventName":"n8n.node.finished","message":"n8n.node.finished","payload":{"workflowId":"YIYJI8ZkPUi59kQQ","workflowName":"My workflow","executionId":"67","nodeType":"@n8n/n8n-nodes-langchain.memoryMongoDbChat","nodeName":"MongoDB Chat Memory","nodeId":"754b91b0-51fa-4134-b475-fabea68a7ceb"}}
{"__type":"$$EventMessageConfirm","confirm":"aa68190e-9fe0-4ebd-9440-459ffc9ddc72","ts":"2026-04-05T13:27:29.552-04:00","source":{"id":"0","name":"eventBus"}}
{"__type":"$$EventMessageNode","id":"1d07657c-0a1c-4d66-a38f-216c5b6b0844","ts":"2026-04-05T13:27:29.583-04:00","eventName":"n8n.node.started","message":"n8n.node.started","payload":{"workflowId":"YIYJI8ZkPUi59kQQ","workflowName":"My workflow","executionId":"67","nodeType":"@n8n/n8n-nodes-langchain.lmChatMistralCloud","nodeName":"Mistral Cloud Chat Model","nodeId":"6706a3b2-63a3-45f7-ae3e-bb739a864c95"}}
{"__type":"$$EventMessageConfirm","confirm":"1d07657c-0a1c-4d66-a38f-216c5b6b0844","ts":"2026-04-05T13:27:29.583-04:00","source":{"id":"0","name":"eventBus"}}
{"__type":"$$EventMessageNode","id":"e1d9625e-51f0-4957-aba2-d2fb9e782da5","ts":"2026-04-05T13:27:32.746-04:00","eventName":"n8n.node.finished","message":"n8n.node.finished","payload":{"workflowId":"YIYJI8ZkPUi59kQQ","workflowName":"My workflow","executionId":"67","nodeType":"@n8n/n8n-nodes-langchain.lmChatMistralCloud","nodeName":"Mistral Cloud Chat Model","nodeId":"6706a3b2-63a3-45f7-ae3e-bb739a864c95"}}
{"__type":"$$EventMessageConfirm","confirm":"e1d9625e-51f0-4957-aba2-d2fb9e782da5","ts":"2026-04-05T13:27:32.747-04:00","source":{"id":"0","name":"eventBus"}}
{"__type":"$$EventMessageAiNode","id":"37da4bb8-e92d-43cb-8948-658b5ae161fc","ts":"2026-04-05T13:27:32.747-04:00","eventName":"n8n.ai.llm.generated","message":"n8n.ai.llm.generated","payload":{"executionId":"67","nodeName":"Mistral Cloud Chat Model","workflowName":"My workflow","nodeType":"@n8n/n8n-nodes-langchain.lmChatMistralCloud","workflowId":"YIYJI8ZkPUi59kQQ","msg":"{\"messages\":[\"Human: Eres un asistente inteligente de ServiceDesk.\\n\\nTu función es ayudar a los usuarios a resolver problemas de TI.\\n\\nDispones de una herramienta llamada crear_ticket.\\n\\nReglas:\\n\\n- Si el usuario reporta un problema, debes usar la herramienta crear_ticket.\\n- Nunca generes JSON manualmente.\\n- No menciones que estás usando herramientas.\\n- Antes de usar crear_ticket, asegúrate de tener toda la información completa:\\n\\n  1. solicitante → se llena automáticamente con \\\"usuario de ia\\\".\\n  2. tipo_solicitud → solo \\\"Requerimiento\\\" o \\\"Incidente\\\". Si no está claro, pregúntalo al usuario.\\n  3. prioridad → \\\"Alta\\\", \\\"Normal\\\" o \\\"Baja\\\". Pregunta si no está claro.\\n  4. estado → por defecto \\\"Abierto\\\". Si el ticket ya tiene responsable, usa \\\"Asignado\\\". Si falta información, usa \\\"En espera\\\".\\n  5. modo → \\\"Chat\\\", \\\"Email\\\", \\\"Mobile App\\\", \\\"Phone Call\\\" o \\\"Web Form\\\". Pregunta si no está claro.\\n  6. sucursal → 9 posibilidades. Para ahora, usa \\\"Sucursal 1\\\" si no se indica.\\n  7. categoria / subcategoria / articulo → usar cualquier valor de relleno por ahora (\\\"Categoria X\\\", \\\"Subcategoria Y\\\", \\\"Articulo Z\\\").\\n  8. asunto → preguntar al usuario si no está claro.\\n  9. descripcion_html → genera un diseño bonito con estilo HTML. Ejemplo:\\n     <div style=\\\"font-family:Arial,sans-serif;color:#333;\\\">\\n       <p><strong>Reporte del usuario:</strong> El usuario reporta que </p>\\n     </div>\\n     donde  es lo que el usuario escribió.\\n\\n- Nunca envíes el ticket si falta algún dato obligatorio; primero pregunta al usuario lo que falta.\\n- Después de usar la herramienta, responde al usuario indicando el ID del ticket generado (campo \\\"ID-ITIL\\\").\\n- Si el usuario solo conversa, responde normalmente.\\n\\nUsuario dijo:\\nHola\\nAI: ¡Hola! ¿En qué puedo ayudarte hoy? 😊\\nHuman: Eres un asistente inteligente de ServiceDesk.\\n\\nTu función es ayudar a los usuarios a resolver problemas de TI.\\n\\nDispones de una herramienta llamada crear_ticket.\\n\\nReglas:\\n\\n- Si el usuario reporta un problema, debes usar la herramienta crear_ticket.\\n- Nunca generes JSON manualmente.\\n- No menciones que estás usando herramientas.\\n- Antes de usar crear_ticket, asegúrate de tener toda la información completa:\\n\\n  1. solicitante → se llena automáticamente con \\\"usuario de ia\\\".\\n  2. tipo_solicitud → solo \\\"Requerimiento\\\" o \\\"Incidente\\\". Si no está claro, pregúntalo al usuario.\\n  3. prioridad → \\\"Alta\\\", \\\"Normal\\\" o \\\"Baja\\\". Pregunta si no está claro.\\n  4. estado → por defecto \\\"Abierto\\\". Si el ticket ya tiene responsable, usa \\\"Asignado\\\". Si falta información, usa \\\"En espera\\\".\\n  5. modo → \\\"Chat\\\", \\\"Email\\\", \\\"Mobile App\\\", \\\"Phone Call\\\" o \\\"Web Form\\\". Pregunta si no está claro.\\n  6. sucursal → 9 posibilidades. Para ahora, usa \\\"Sucursal 1\\\" si no se indica.\\n  7. categoria / subcategoria / articulo → usar cualquier valor de relleno por ahora (\\\"Categoria X\\\", \\\"Subcategoria Y\\\", \\\"Articulo Z\\\").\\n  8. asunto → preguntar al usuario si no está claro.\\n  9. descripcion_html → genera un diseño bonito con estilo HTML. Ejemplo:\\n     <div style=\\\"font-family:Arial,sans-serif;color:#333;\\\">\\n       <p><strong>Reporte del usuario:</strong> El usuario reporta que </p>\\n     </div>\\n     donde  es lo que el usuario escribió.\\n\\n- Nunca envíes el ticket si falta algún dato obligatorio; primero pregunta al usuario lo que falta.\\n- Después de usar la herramienta, responde al usuario indicando el ID del ticket generado (campo \\\"ID-ITIL\\\").\\n- Si el usuario solo conversa, responde normalmente.\\n\\nUsuario dijo:\\nTengo un problema con mi micrófono\\nAI: Entiendo que tienes un problema con tu micrófono. Para crear un ticket y ayudarte, necesito algunos detalles:\\n\\n1. **Tipo de solicitud**: ¿Es un incidente (algo que no funciona) o un requerimiento (algo que necesitas)?\\n2. **Prioridad**: ¿Consideras que es de prioridad alta, normal o baja?\\n3. **Modo de contacto**: ¿Cómo prefieres que te contactemos? (Chat, Email, Mobile App, Phone Call o Web Form).\\n4. **Asunto**: ¿Podrías resumir en una frase el problema? Por ejemplo: \\\"Micrófono no funciona\\\" o \\\"Problema con la conexión del micrófono\\\".\\n\\nCon esta información, podré crear el ticket correctamente.\\nHuman: Eres un asistente inteligente de ServiceDesk.\\n\\nTu función es ayudar a los usuarios a resolver problemas de TI.\\n\\nDispones de una herramienta llamada crear_ticket.\\n\\nReglas:\\n\\n- Si el usuario reporta un problema, debes usar la herramienta crear_ticket.\\n- Nunca generes JSON manualmente.\\n- No menciones que estás usando herramientas.\\n- Antes de usar crear_ticket, asegúrate de tener toda la información completa:\\n\\n  1. solicitante → se llena automáticamente con \\\"usuario de ia\\\".\\n  2. tipo_solicitud → solo \\\"Requerimiento\\\" o \\\"Incidente\\\". Si no está claro, pregúntalo al usuario.\\n  3. prioridad → \\\"Alta\\\", \\\"Normal\\\" o \\\"Baja\\\". Pregunta si no está claro.\\n  4. estado → por defecto \\\"Abierto\\\". Si el ticket ya tiene responsable, usa \\\"Asignado\\\". Si falta información, usa \\\"En espera\\\".\\n  5. modo → \\\"Chat\\\", \\\"Email\\\", \\\"Mobile App\\\", \\\"Phone Call\\\" o \\\"Web Form\\\". Pregunta si no está claro.\\n  6. sucursal → 9 posibilidades. Para ahora, usa \\\"Sucursal 1\\\" si no se indica.\\n  7. categoria / subcategoria / articulo → usar cualquier valor de relleno por ahora (\\\"Categoria X\\\", \\\"Subcategoria Y\\\", \\\"Articulo Z\\\").\\n  8. asunto → preguntar al usuario si no está claro.\\n  9. descripcion_html → genera un diseño bonito con estilo HTML. Ejemplo:\\n     <div style=\\\"font-family:Arial,sans-serif;color:#333;\\\">\\n       <p><strong>Reporte del usuario:</strong> El usuario reporta que </p>\\n     </div>\\n     donde  es lo que el usuario escribió.\\n\\n- Nunca envíes el ticket si falta algún dato obligatorio; primero pregunta al usuario lo que falta.\\n- Después de usar la herramienta, responde al usuario indicando el ID del ticket generado (campo \\\"ID-ITIL\\\").\\n- Si el usuario solo conversa, responde normalmente.\\n\\nUsuario dijo:\\nHola\\nAI: ¡Hola! ¿En qué puedo ayudarte hoy? 😊\\nHuman: Eres un asistente inteligente de ServiceDesk.\\n\\nTu función es ayudar a los usuarios a resolver problemas de TI.\\n\\nDispones de una herramienta llamada crear_ticket.\\n\\nReglas:\\n\\n- Si el usuario reporta un problema, debes usar la herramienta crear_ticket.\\n- Nunca generes JSON manualmente.\\n- No menciones que estás usando herramientas.\\n- Antes de usar crear_ticket, asegúrate de tener toda la información completa:\\n\\n  1. solicitante → se llena automáticamente con \\\"usuario de ia\\\".\\n  2. tipo_solicitud → solo \\\"Requerimiento\\\" o \\\"Incidente\\\". Si no está claro, pregúntalo al usuario.\\n  3. prioridad → \\\"Alta\\\", \\\"Normal\\\" o \\\"Baja\\\". Pregunta si no está claro.\\n  4. estado → por defecto \\\"Abierto\\\". Si el ticket ya tiene responsable, usa \\\"Asignado\\\". Si falta información, usa \\\"En espera\\\".\\n  5. modo → \\\"Chat\\\", \\\"Email\\\", \\\"Mobile App\\\", \\\"Phone Call\\\" o \\\"Web Form\\\". Pregunta si no está claro.\\n  6. sucursal → 9 posibilidades. Para ahora, usa \\\"Sucursal 1\\\" si no se indica.\\n  7. categoria / subcategoria / articulo → usar cualquier valor de relleno por ahora (\\\"Categoria X\\\", \\\"Subcategoria Y\\\", \\\"Articulo Z\\\").\\n  8. asunto → preguntar al usuario si no está claro.\\n  9. descripcion_html → genera un diseño bonito con estilo HTML. Ejemplo:\\n     <div style=\\\"font-family:Arial,sans-serif;color:#333;\\\">\\n       <p><strong>Reporte del usuario:</strong> El usuario reporta que </p>\\n     </div>\\n     donde  es lo que el usuario escribió.\\n\\n- Nunca envíes el ticket si falta algún dato obligatorio; primero pregunta al usuario lo que falta.\\n- Después de usar la herramienta, responde al usuario indicando el ID del ticket generado (campo \\\"ID-ITIL\\\").\\n- Si el usuario solo conversa, responde normalmente.\\n\\nUsuario dijo:\\nTengo un problema con mi micrófono\\nAI: Entiendo que tienes un problema con tu micrófono. Para ayudarte, necesito algunos detalles adicionales:\\n\\n1. **Tipo de solicitud**: ¿Es un incidente (algo que no funciona) o un requerimiento (algo que necesitas)?\\n2. **Prioridad**: ¿Consideras que es de prioridad alta, normal o baja?\\n3. **Modo de contacto**: ¿Cómo prefieres que te contactemos? (Chat, Email, Mobile App, Phone Call o Web Form).\\n4. **Asunto**: ¿Podrías resumir en una frase el problema? Por ejemplo: \\\"Micrófono no funciona\\\" o \\\"Problema con la conexión del micrófono\\\".\\n\\nCon esta información, podré crear el ticket correctamente.\\nHuman: Eres un asistente inteligente de ServiceDesk.\\n\\nTu función es ayudar a los usuarios a resolver problemas de TI.\\n\\nDispones de una herramienta llamada crear_ticket.\\n\\nReglas:\\n\\n- Si el usuario reporta un problema, debes usar la herramienta crear_ticket.\\n- Nunca generes JSON manualmente.\\n- No menciones que estás usando herramientas.\\n- Antes de usar crear_ticket, asegúrate de tener toda la información completa:\\n\\n  1. solicitante → se llena automáticamente con \\\"usuario de ia\\\".\\n  2. tipo_solicitud → solo \\\"Requerimiento\\\" o \\\"Incidente\\\". Si no está claro, pregúntalo al usuario.\\n  3. prioridad → \\\"Alta\\\", \\\"Normal\\\" o \\\"Baja\\\". Pregunta si no está claro.\\n  4. estado → por defecto \\\"Abierto\\\". Si el ticket ya tiene responsable, usa \\\"Asignado\\\". Si falta información, usa \\\"En espera\\\".\\n  5. modo → \\\"Chat\\\", \\\"Email\\\", \\\"Mobile App\\\", \\\"Phone Call\\\" o \\\"Web Form\\\". Pregunta si no está claro.\\n  6. sucursal → 9 posibilidades. Para ahora, usa \\\"Sucursal 1\\\" si no se indica.\\n  7. categoria / subcategoria / articulo → usar cualquier valor de relleno por ahora (\\\"Categoria X\\\", \\\"Subcategoria Y\\\", \\\"Articulo Z\\\").\\n  8. asunto → preguntar al usuario si no está claro.\\n  9. descripcion_html → genera un diseño bonito con estilo HTML. Ejemplo:\\n     <div style=\\\"font-family:Arial,sans-serif;color:#333;\\\">\\n       <p><strong>Reporte del usuario:</strong> El usuario reporta que </p>\\n     </div>\\n     donde  es lo que el usuario escribió.\\n\\n- Nunca envíes el ticket si falta algún dato obligatorio; primero pregunta al usuario lo que falta.\\n- Después de usar la herramienta, responde al usuario indicando el ID del ticket generado (campo \\\"ID-ITIL\\\").\\n- Si el usuario solo conversa, responde normalmente.\\n\\nUsuario dijo:\\nEs un incidente...\\nAI: Entendido. ¿Podrías indicarme lo siguiente para continuar con el ticket?\\n\\n1. **Prioridad**: ¿Consideras que es de prioridad alta, normal o baja?\\n2. **Modo de contacto**: ¿Cómo prefieres que te contactemos? (Chat, Email, Mobile App, Phone Call o Web Form).\\n3. **Asunto**: ¿Podrías resumir en una frase el problema? Por ejemplo: \\\"Micrófono no funciona\\\" o \\\"Problema con la conexión del micrófono\\\".\\n\\nCon estos datos, podré proceder.\\nHuman: Eres un asistente inteligente de ServiceDesk.\\n\\nTu función es ayudar a los usuarios a resolver problemas de TI.\\n\\nDispones de una herramienta llamada crear_ticket.\\n\\nReglas:\\n\\n- Si el usuario reporta un problema, debes usar la herramienta crear_ticket.\\n- Nunca generes JSON manualmente.\\n- No menciones que estás usando herramientas.\\n- Antes de usar crear_ticket, asegúrate de tener toda la información completa:\\n\\n  1. solicitante → se llena automáticamente con \\\"usuario de ia\\\".\\n  2. tipo_solicitud → solo \\\"Requerimiento\\\" o \\\"Incidente\\\". Si no está claro, pregúntalo al usuario.\\n  3. prioridad → \\\"Alta\\\", \\\"Normal\\\" o \\\"Baja\\\". Pregunta si no está claro.\\n  4. estado → por defecto \\\"Abierto\\\". Si el ticket ya tiene responsable, usa \\\"Asignado\\\". Si falta información, usa \\\"En espera\\\".\\n  5. modo → \\\"Chat\\\", \\\"Email\\\", \\\"Mobile App\\\", \\\"Phone Call\\\" o \\\"Web Form\\\". Pregunta si no está claro.\\n  6. sucursal → 9 posibilidades. Para ahora, usa \\\"Sucursal 1\\\" si no se indica.\\n  7. categoria / subcategoria / articulo → usar cualquier valor de relleno por ahora (\\\"Categoria X\\\", \\\"Subcategoria Y\\\", \\\"Articulo Z\\\").\\n  8. asunto → preguntar al usuario si no está claro.\\n  9. descripcion_html → genera un diseño bonito con estilo HTML. Ejemplo:\\n     <div style=\\\"font-family:Arial,sans-serif;color:#333;\\\">\\n       <p><strong>Reporte del usuario:</strong> El usuario reporta que </p>\\n     </div>\\n     donde  es lo que el usuario escribió.\\n\\n- Nunca envíes el ticket si falta algún dato obligatorio; primero pregunta al usuario lo que falta.\\n- Después de usar la herramienta, responde al usuario indicando el ID del ticket generado (campo \\\"ID-ITIL\\\").\\n- Si el usuario solo conversa, responde normalmente.\\n\\nUsuario dijo:\\nes de prioridad normal, quiero que vengan acá a mi sitio, estoy en san isidro. Diria que el asunto es \\\"problema con microfono\\\" vengan rápido porfavor.\"],\"options\":{\"mistral_api_key\":{\"lc\":1,\"type\":\"secret\",\"id\":[\"MISTRAL_API_KEY\"]},\"model\":\"devstral-latest\",\"http_client\":{\"options\":{},\"requestHooks\":[],\"requestErrorHooks\":[],\"responseHooks\":[]},\"metadata\":{\"versions\":{\"@langchain/core\":\"1.1.34\"}}},\"response\":{\"response\":{\"generations\":[[{\"text\":\"\",\"generationInfo\":{\"finishReason\":\"tool_calls\"}}]]},\"tokenUsage\":{\"completionTokens\":179,\"promptTokens\":3385,\"totalTokens\":3564}}}"}}
{"__type":"$$EventMessageConfirm","confirm":"37da4bb8-e92d-43cb-8948-658b5ae161fc","ts":"2026-04-05T13:27:32.747-04:00","source":{"id":"0","name":"eventBus"}}
{"__type":"$$EventMessageNode","id":"8efdc40f-7fc4-42e7-ba32-6666018be6f3","ts":"2026-04-05T13:27:32.753-04:00","eventName":"n8n.node.started","message":"n8n.node.started","payload":{"workflowId":"YIYJI8ZkPUi59kQQ","workflowName":"My workflow","executionId":"67","nodeType":"n8n-nodes-base.httpRequestTool","nodeName":"crear_ticket","nodeId":"d652dc57-d83b-43ef-b214-991d6c64acd0"}}
{"__type":"$$EventMessageConfirm","confirm":"8efdc40f-7fc4-42e7-ba32-6666018be6f3","ts":"2026-04-05T13:27:32.753-04:00","source":{"id":"0","name":"eventBus"}}
{"__type":"$$EventMessageNode","id":"64f69862-fe58-4358-b886-12435f190112","ts":"2026-04-05T13:27:33.022-04:00","eventName":"n8n.node.finished","message":"n8n.node.finished","payload":{"workflowId":"YIYJI8ZkPUi59kQQ","workflowName":"My workflow","executionId":"67","nodeType":"n8n-nodes-base.httpRequestTool","nodeName":"crear_ticket","nodeId":"d652dc57-d83b-43ef-b214-991d6c64acd0"}}
{"__type":"$$EventMessageConfirm","confirm":"64f69862-fe58-4358-b886-12435f190112","ts":"2026-04-05T13:27:33.022-04:00","source":{"id":"0","name":"eventBus"}}
{"__type":"$$EventMessageNode","id":"f7aa22d9-4a4a-4dcc-86e6-7a06683fd54b","ts":"2026-04-05T13:27:33.055-04:00","eventName":"n8n.node.started","message":"n8n.node.started","payload":{"workflowId":"YIYJI8ZkPUi59kQQ","workflowName":"My workflow","executionId":"67","nodeType":"@n8n/n8n-nodes-langchain.memoryMongoDbChat","nodeName":"MongoDB Chat Memory","nodeId":"754b91b0-51fa-4134-b475-fabea68a7ceb"}}
{"__type":"$$EventMessageConfirm","confirm":"f7aa22d9-4a4a-4dcc-86e6-7a06683fd54b","ts":"2026-04-05T13:27:33.055-04:00","source":{"id":"0","name":"eventBus"}}
{"__type":"$$EventMessageNode","id":"26f5a47e-be5b-4bae-9c67-f3d308111e7d","ts":"2026-04-05T13:27:33.063-04:00","eventName":"n8n.node.finished","message":"n8n.node.finished","payload":{"workflowId":"YIYJI8ZkPUi59kQQ","workflowName":"My workflow","executionId":"67","nodeType":"@n8n/n8n-nodes-langchain.memoryMongoDbChat","nodeName":"MongoDB Chat Memory","nodeId":"754b91b0-51fa-4134-b475-fabea68a7ceb"}}
{"__type":"$$EventMessageConfirm","confirm":"26f5a47e-be5b-4bae-9c67-f3d308111e7d","ts":"2026-04-05T13:27:33.063-04:00","source":{"id":"0","name":"eventBus"}}
{"__type":"$$EventMessageNode","id":"b71e8c23-a3c2-402d-a958-9336630a3735","ts":"2026-04-05T13:27:33.090-04:00","eventName":"n8n.node.started","message":"n8n.node.started","payload":{"workflowId":"YIYJI8ZkPUi59kQQ","workflowName":"My workflow","executionId":"67","nodeType":"@n8n/n8n-nodes-langchain.lmChatMistralCloud","nodeName":"Mistral Cloud Chat Model","nodeId":"6706a3b2-63a3-45f7-ae3e-bb739a864c95"}}
{"__type":"$$EventMessageConfirm","confirm":"b71e8c23-a3c2-402d-a958-9336630a3735","ts":"2026-04-05T13:27:33.090-04:00","source":{"id":"0","name":"eventBus"}}
{"__type":"$$EventMessageNode","id":"c23d1055-fdcd-407d-b158-e7e35ce12a57","ts":"2026-04-05T13:27:34.946-04:00","eventName":"n8n.node.finished","message":"n8n.node.finished","payload":{"workflowId":"YIYJI8ZkPUi59kQQ","workflowName":"My workflow","executionId":"67","nodeType":"@n8n/n8n-nodes-langchain.lmChatMistralCloud","nodeName":"Mistral Cloud Chat Model","nodeId":"6706a3b2-63a3-45f7-ae3e-bb739a864c95"}}
{"__type":"$$EventMessageConfirm","confirm":"c23d1055-fdcd-407d-b158-e7e35ce12a57","ts":"2026-04-05T13:27:34.947-04:00","source":{"id":"0","name":"eventBus"}}
{"__type":"$$EventMessageAiNode","id":"be9741ff-a2be-49c1-ba76-1ef603506970","ts":"2026-04-05T13:27:34.947-04:00","eventName":"n8n.ai.llm.generated","message":"n8n.ai.llm.generated","payload":{"executionId":"67","nodeName":"Mistral Cloud Chat Model","workflowName":"My workflow","nodeType":"@n8n/n8n-nodes-langchain.lmChatMistralCloud","workflowId":"YIYJI8ZkPUi59kQQ","msg":"{\"messages\":[\"Human: Eres un asistente inteligente de ServiceDesk.\\n\\nTu función es ayudar a los usuarios a resolver problemas de TI.\\n\\nDispones de una herramienta llamada crear_ticket.\\n\\nReglas:\\n\\n- Si el usuario reporta un problema, debes usar la herramienta crear_ticket.\\n- Nunca generes JSON manualmente.\\n- No menciones que estás usando herramientas.\\n- Antes de usar crear_ticket, asegúrate de tener toda la información completa:\\n\\n  1. solicitante → se llena automáticamente con \\\"usuario de ia\\\".\\n  2. tipo_solicitud → solo \\\"Requerimiento\\\" o \\\"Incidente\\\". Si no está claro, pregúntalo al usuario.\\n  3. prioridad → \\\"Alta\\\", \\\"Normal\\\" o \\\"Baja\\\". Pregunta si no está claro.\\n  4. estado → por defecto \\\"Abierto\\\". Si el ticket ya tiene responsable, usa \\\"Asignado\\\". Si falta información, usa \\\"En espera\\\".\\n  5. modo → \\\"Chat\\\", \\\"Email\\\", \\\"Mobile App\\\", \\\"Phone Call\\\" o \\\"Web Form\\\". Pregunta si no está claro.\\n  6. sucursal → 9 posibilidades. Para ahora, usa \\\"Sucursal 1\\\" si no se indica.\\n  7. categoria / subcategoria / articulo → usar cualquier valor de relleno por ahora (\\\"Categoria X\\\", \\\"Subcategoria Y\\\", \\\"Articulo Z\\\").\\n  8. asunto → preguntar al usuario si no está claro.\\n  9. descripcion_html → genera un diseño bonito con estilo HTML. Ejemplo:\\n     <div style=\\\"font-family:Arial,sans-serif;color:#333;\\\">\\n       <p><strong>Reporte del usuario:</strong> El usuario reporta que </p>\\n     </div>\\n     donde  es lo que el usuario escribió.\\n\\n- Nunca envíes el ticket si falta algún dato obligatorio; primero pregunta al usuario lo que falta.\\n- Después de usar la herramienta, responde al usuario indicando el ID del ticket generado (campo \\\"ID-ITIL\\\").\\n- Si el usuario solo conversa, responde normalmente.\\n\\nUsuario dijo:\\nHola\\nAI: ¡Hola! ¿En qué puedo ayudarte hoy? 😊\\nHuman: Eres un asistente inteligente de ServiceDesk.\\n\\nTu función es ayudar a los usuarios a resolver problemas de TI.\\n\\nDispones de una herramienta llamada crear_ticket.\\n\\nReglas:\\n\\n- Si el usuario reporta un problema, debes usar la herramienta crear_ticket.\\n- Nunca generes JSON manualmente.\\n- No menciones que estás usando herramientas.\\n- Antes de usar crear_ticket, asegúrate de tener toda la información completa:\\n\\n  1. solicitante → se llena automáticamente con \\\"usuario de ia\\\".\\n  2. tipo_solicitud → solo \\\"Requerimiento\\\" o \\\"Incidente\\\". Si no está claro, pregúntalo al usuario.\\n  3. prioridad → \\\"Alta\\\", \\\"Normal\\\" o \\\"Baja\\\". Pregunta si no está claro.\\n  4. estado → por defecto \\\"Abierto\\\". Si el ticket ya tiene responsable, usa \\\"Asignado\\\". Si falta información, usa \\\"En espera\\\".\\n  5. modo → \\\"Chat\\\", \\\"Email\\\", \\\"Mobile App\\\", \\\"Phone Call\\\" o \\\"Web Form\\\". Pregunta si no está claro.\\n  6. sucursal → 9 posibilidades. Para ahora, usa \\\"Sucursal 1\\\" si no se indica.\\n  7. categoria / subcategoria / articulo → usar cualquier valor de relleno por ahora (\\\"Categoria X\\\", \\\"Subcategoria Y\\\", \\\"Articulo Z\\\").\\n  8. asunto → preguntar al usuario si no está claro.\\n  9. descripcion_html → genera un diseño bonito con estilo HTML. Ejemplo:\\n     <div style=\\\"font-family:Arial,sans-serif;color:#333;\\\">\\n       <p><strong>Reporte del usuario:</strong> El usuario reporta que </p>\\n     </div>\\n     donde  es lo que el usuario escribió.\\n\\n- Nunca envíes el ticket si falta algún dato obligatorio; primero pregunta al usuario lo que falta.\\n- Después de usar la herramienta, responde al usuario indicando el ID del ticket generado (campo \\\"ID-ITIL\\\").\\n- Si el usuario solo conversa, responde normalmente.\\n\\nUsuario dijo:\\nTengo un problema con mi micrófono\\nAI: Entiendo que tienes un problema con tu micrófono. Para crear un ticket y ayudarte, necesito algunos detalles:\\n\\n1. **Tipo de solicitud**: ¿Es un incidente (algo que no funciona) o un requerimiento (algo que necesitas)?\\n2. **Prioridad**: ¿Consideras que es de prioridad alta, normal o baja?\\n3. **Modo de contacto**: ¿Cómo prefieres que te contactemos? (Chat, Email, Mobile App, Phone Call o Web Form).\\n4. **Asunto**: ¿Podrías resumir en una frase el problema? Por ejemplo: \\\"Micrófono no funciona\\\" o \\\"Problema con la conexión del micrófono\\\".\\n\\nCon esta información, podré crear el ticket correctamente.\\nHuman: Eres un asistente inteligente de ServiceDesk.\\n\\nTu función es ayudar a los usuarios a resolver problemas de TI.\\n\\nDispones de una herramienta llamada crear_ticket.\\n\\nReglas:\\n\\n- Si el usuario reporta un problema, debes usar la herramienta crear_ticket.\\n- Nunca generes JSON manualmente.\\n- No menciones que estás usando herramientas.\\n- Antes de usar crear_ticket, asegúrate de tener toda la información completa:\\n\\n  1. solicitante → se llena automáticamente con \\\"usuario de ia\\\".\\n  2. tipo_solicitud → solo \\\"Requerimiento\\\" o \\\"Incidente\\\". Si no está claro, pregúntalo al usuario.\\n  3. prioridad → \\\"Alta\\\", \\\"Normal\\\" o \\\"Baja\\\". Pregunta si no está claro.\\n  4. estado → por defecto \\\"Abierto\\\". Si el ticket ya tiene responsable, usa \\\"Asignado\\\". Si falta información, usa \\\"En espera\\\".\\n  5. modo → \\\"Chat\\\", \\\"Email\\\", \\\"Mobile App\\\", \\\"Phone Call\\\" o \\\"Web Form\\\". Pregunta si no está claro.\\n  6. sucursal → 9 posibilidades. Para ahora, usa \\\"Sucursal 1\\\" si no se indica.\\n  7. categoria / subcategoria / articulo → usar cualquier valor de relleno por ahora (\\\"Categoria X\\\", \\\"Subcategoria Y\\\", \\\"Articulo Z\\\").\\n  8. asunto → preguntar al usuario si no está claro.\\n  9. descripcion_html → genera un diseño bonito con estilo HTML. Ejemplo:\\n     <div style=\\\"font-family:Arial,sans-serif;color:#333;\\\">\\n       <p><strong>Reporte del usuario:</strong> El usuario reporta que </p>\\n     </div>\\n     donde  es lo que el usuario escribió.\\n\\n- Nunca envíes el ticket si falta algún dato obligatorio; primero pregunta al usuario lo que falta.\\n- Después de usar la herramienta, responde al usuario indicando el ID del ticket generado (campo \\\"ID-ITIL\\\").\\n- Si el usuario solo conversa, responde normalmente.\\n\\nUsuario dijo:\\nHola\\nAI: ¡Hola! ¿En qué puedo ayudarte hoy? 😊\\nHuman: Eres un asistente inteligente de ServiceDesk.\\n\\nTu función es ayudar a los usuarios a resolver problemas de TI.\\n\\nDispones de una herramienta llamada crear_ticket.\\n\\nReglas:\\n\\n- Si el usuario reporta un problema, debes usar la herramienta crear_ticket.\\n- Nunca generes JSON manualmente.\\n- No menciones que estás usando herramientas.\\n- Antes de usar crear_ticket, asegúrate de tener toda la información completa:\\n\\n  1. solicitante → se llena automáticamente con \\\"usuario de ia\\\".\\n  2. tipo_solicitud → solo \\\"Requerimiento\\\" o \\\"Incidente\\\". Si no está claro, pregúntalo al usuario.\\n  3. prioridad → \\\"Alta\\\", \\\"Normal\\\" o \\\"Baja\\\". Pregunta si no está claro.\\n  4. estado → por defecto \\\"Abierto\\\". Si el ticket ya tiene responsable, usa \\\"Asignado\\\". Si falta información, usa \\\"En espera\\\".\\n  5. modo → \\\"Chat\\\", \\\"Email\\\", \\\"Mobile App\\\", \\\"Phone Call\\\" o \\\"Web Form\\\". Pregunta si no está claro.\\n  6. sucursal → 9 posibilidades. Para ahora, usa \\\"Sucursal 1\\\" si no se indica.\\n  7. categoria / subcategoria / articulo → usar cualquier valor de relleno por ahora (\\\"Categoria X\\\", \\\"Subcategoria Y\\\", \\\"Articulo Z\\\").\\n  8. asunto → preguntar al usuario si no está claro.\\n  9. descripcion_html → genera un diseño bonito con estilo HTML. Ejemplo:\\n     <div style=\\\"font-family:Arial,sans-serif;color:#333;\\\">\\n       <p><strong>Reporte del usuario:</strong> El usuario reporta que </p>\\n     </div>\\n     donde  es lo que el usuario escribió.\\n\\n- Nunca envíes el ticket si falta algún dato obligatorio; primero pregunta al usuario lo que falta.\\n- Después de usar la herramienta, responde al usuario indicando el ID del ticket generado (campo \\\"ID-ITIL\\\").\\n- Si el usuario solo conversa, responde normalmente.\\n\\nUsuario dijo:\\nTengo un problema con mi micrófono\\nAI: Entiendo que tienes un problema con tu micrófono. Para ayudarte, necesito algunos detalles adicionales:\\n\\n1. **Tipo de solicitud**: ¿Es un incidente (algo que no funciona) o un requerimiento (algo que necesitas)?\\n2. **Prioridad**: ¿Consideras que es de prioridad alta, normal o baja?\\n3. **Modo de contacto**: ¿Cómo prefieres que te contactemos? (Chat, Email, Mobile App, Phone Call o Web Form).\\n4. **Asunto**: ¿Podrías resumir en una frase el problema? Por ejemplo: \\\"Micrófono no funciona\\\" o \\\"Problema con la conexión del micrófono\\\".\\n\\nCon esta información, podré crear el ticket correctamente.\\nHuman: Eres un asistente inteligente de ServiceDesk.\\n\\nTu función es ayudar a los usuarios a resolver problemas de TI.\\n\\nDispones de una herramienta llamada crear_ticket.\\n\\nReglas:\\n\\n- Si el usuario reporta un problema, debes usar la herramienta crear_ticket.\\n- Nunca generes JSON manualmente.\\n- No menciones que estás usando herramientas.\\n- Antes de usar crear_ticket, asegúrate de tener toda la información completa:\\n\\n  1. solicitante → se llena automáticamente con \\\"usuario de ia\\\".\\n  2. tipo_solicitud → solo \\\"Requerimiento\\\" o \\\"Incidente\\\". Si no está claro, pregúntalo al usuario.\\n  3. prioridad → \\\"Alta\\\", \\\"Normal\\\" o \\\"Baja\\\". Pregunta si no está claro.\\n  4. estado → por defecto \\\"Abierto\\\". Si el ticket ya tiene responsable, usa \\\"Asignado\\\". Si falta información, usa \\\"En espera\\\".\\n  5. modo → \\\"Chat\\\", \\\"Email\\\", \\\"Mobile App\\\", \\\"Phone Call\\\" o \\\"Web Form\\\". Pregunta si no está claro.\\n  6. sucursal → 9 posibilidades. Para ahora, usa \\\"Sucursal 1\\\" si no se indica.\\n  7. categoria / subcategoria / articulo → usar cualquier valor de relleno por ahora (\\\"Categoria X\\\", \\\"Subcategoria Y\\\", \\\"Articulo Z\\\").\\n  8. asunto → preguntar al usuario si no está claro.\\n  9. descripcion_html → genera un diseño bonito con estilo HTML. Ejemplo:\\n     <div style=\\\"font-family:Arial,sans-serif;color:#333;\\\">\\n       <p><strong>Reporte del usuario:</strong> El usuario reporta que </p>\\n     </div>\\n     donde  es lo que el usuario escribió.\\n\\n- Nunca envíes el ticket si falta algún dato obligatorio; primero pregunta al usuario lo que falta.\\n- Después de usar la herramienta, responde al usuario indicando el ID del ticket generado (campo \\\"ID-ITIL\\\").\\n- Si el usuario solo conversa, responde normalmente.\\n\\nUsuario dijo:\\nEs un incidente...\\nAI: Entendido. ¿Podrías indicarme lo siguiente para continuar con el ticket?\\n\\n1. **Prioridad**: ¿Consideras que es de prioridad alta, normal o baja?\\n2. **Modo de contacto**: ¿Cómo prefieres que te contactemos? (Chat, Email, Mobile App, Phone Call o Web Form).\\n3. **Asunto**: ¿Podrías resumir en una frase el problema? Por ejemplo: \\\"Micrófono no funciona\\\" o \\\"Problema con la conexión del micrófono\\\".\\n\\nCon estos datos, podré proceder.\\nHuman: Eres un asistente inteligente de ServiceDesk.\\n\\nTu función es ayudar a los usuarios a resolver problemas de TI.\\n\\nDispones de una herramienta llamada crear_ticket.\\n\\nReglas:\\n\\n- Si el usuario reporta un problema, debes usar la herramienta crear_ticket.\\n- Nunca generes JSON manualmente.\\n- No menciones que estás usando herramientas.\\n- Antes de usar crear_ticket, asegúrate de tener toda la información completa:\\n\\n  1. solicitante → se llena automáticamente con \\\"usuario de ia\\\".\\n  2. tipo_solicitud → solo \\\"Requerimiento\\\" o \\\"Incidente\\\". Si no está claro, pregúntalo al usuario.\\n  3. prioridad → \\\"Alta\\\", \\\"Normal\\\" o \\\"Baja\\\". Pregunta si no está claro.\\n  4. estado → por defecto \\\"Abierto\\\". Si el ticket ya tiene responsable, usa \\\"Asignado\\\". Si falta información, usa \\\"En espera\\\".\\n  5. modo → \\\"Chat\\\", \\\"Email\\\", \\\"Mobile App\\\", \\\"Phone Call\\\" o \\\"Web Form\\\". Pregunta si no está claro.\\n  6. sucursal → 9 posibilidades. Para ahora, usa \\\"Sucursal 1\\\" si no se indica.\\n  7. categoria / subcategoria / articulo → usar cualquier valor de relleno por ahora (\\\"Categoria X\\\", \\\"Subcategoria Y\\\", \\\"Articulo Z\\\").\\n  8. asunto → preguntar al usuario si no está claro.\\n  9. descripcion_html → genera un diseño bonito con estilo HTML. Ejemplo:\\n     <div style=\\\"font-family:Arial,sans-serif;color:#333;\\\">\\n       <p><strong>Reporte del usuario:</strong> El usuario reporta que </p>\\n     </div>\\n     donde  es lo que el usuario escribió.\\n\\n- Nunca envíes el ticket si falta algún dato obligatorio; primero pregunta al usuario lo que falta.\\n- Después de usar la herramienta, responde al usuario indicando el ID del ticket generado (campo \\\"ID-ITIL\\\").\\n- Si el usuario solo conversa, responde normalmente.\\n\\nUsuario dijo:\\nes de prioridad normal, quiero que vengan acá a mi sitio, estoy en san isidro. Diria que el asunto es \\\"problema con microfono\\\" vengan rápido porfavor.\\nAI: Calling crear_ticket with input: {\\\"solicitante\\\":\\\"usuario de ia\\\",\\\"tipo_solicitud\\\":\\\"Incidente\\\",\\\"prioridad\\\":\\\"Normal\\\",\\\"estado\\\":\\\"Abierto\\\",\\\"modo\\\":\\\"Chat\\\",\\\"sucursal\\\":\\\"Sucursal 1\\\",\\\"categoria\\\":\\\"Categoria X\\\",\\\"subcategoria\\\":\\\"Subcategoria Y\\\",\\\"articulo\\\":\\\"Articulo Z\\\",\\\"asunto\\\":\\\"Problema con micrófono\\\",\\\"descripcion_html\\\":\\\"<div style=\\\\\\\"font-family:Arial,sans-serif;color:#333;\\\\\\\">\\\\n  <p><strong>Reporte del usuario:</strong> El usuario reporta que tiene un problema con su micrófono y solicita asistencia en su ubicación en San Isidro. Prioridad normal.</p>\\\\n</div>\\\",\\\"id\\\":\\\"0LTNAHeF7\\\"}[{\\\"id\\\":\\\"0LTNAHeF7\\\",\\\"name\\\":\\\"crear_ticket\\\",\\\"args\\\":{\\\"solicitante\\\":\\\"usuario de ia\\\",\\\"tipo_solicitud\\\":\\\"Incidente\\\",\\\"prioridad\\\":\\\"Normal\\\",\\\"estado\\\":\\\"Abierto\\\",\\\"modo\\\":\\\"Chat\\\",\\\"sucursal\\\":\\\"Sucursal 1\\\",\\\"categoria\\\":\\\"Categoria X\\\",\\\"subcategoria\\\":\\\"Subcategoria Y\\\",\\\"articulo\\\":\\\"Articulo Z\\\",\\\"asunto\\\":\\\"Problema con micrófono\\\",\\\"descripcion_html\\\":\\\"<div style=\\\\\\\"font-family:Arial,sans-serif;color:#333;\\\\\\\">\\\\n  <p><strong>Reporte del usuario:</strong> El usuario reporta que tiene un problema con su micrófono y solicita asistencia en su ubicación en San Isidro. Prioridad normal.</p>\\\\n</div>\\\",\\\"id\\\":\\\"0LTNAHeF7\\\"},\\\"type\\\":\\\"tool_call\\\"}]\\nTool: [{\\\"_id\\\":\\\"69d29b848212b0c3c94c32bf\\\",\\\"solicitante\\\":\\\"usuario de ia\\\",\\\"tipo_solicitud\\\":\\\"Incidente\\\",\\\"prioridad\\\":\\\"Normal\\\",\\\"estado\\\":\\\"Abierto\\\",\\\"modo\\\":\\\"Chat\\\",\\\"sucursal\\\":\\\"Sucursal 1\\\",\\\"categoria\\\":\\\"Categoria X\\\",\\\"subcategoria\\\":\\\"Subcategoria Y\\\",\\\"articulo\\\":\\\"Articulo Z\\\",\\\"asunto\\\":\\\"Problema con micrófono\\\",\\\"descripcion_html\\\":\\\"<div style=\\\\\\\"font-family:Arial,sans-serif;color:#333;\\\\\\\">\\\\n  <p><strong>Reporte del usuario:</strong> El usuario reporta que tiene un problema con su micrófono y solicita asistencia en su ubicación en San Isidro. Prioridad normal.</p>\\\\n</div>\\\",\\\"ID-ITIL\\\":\\\"INC-0000008\\\",\\\"resolucion\\\":null,\\\"fecha_creacion\\\":\\\"2026-04-05T17:27:32.946000\\\"}]\"],\"options\":{\"mistral_api_key\":{\"lc\":1,\"type\":\"secret\",\"id\":[\"MISTRAL_API_KEY\"]},\"model\":\"devstral-latest\",\"http_client\":{\"options\":{},\"requestHooks\":[],\"requestErrorHooks\":[],\"responseHooks\":[]},\"metadata\":{\"versions\":{\"@langchain/core\":\"1.1.34\"}}},\"response\":{\"response\":{\"generations\":[[{\"text\":\"Se ha creado un ticket para tu problema con el micrófono. El ID del ticket es **INC-0000008**. Pronto alguien del equipo técnico se pondrá en contacto contigo para asistirte en San Isidro. ¡Gracias por tu paciencia! 😊\",\"generationInfo\":{\"finishReason\":\"stop\"}}]]},\"tokenUsage\":{\"completionTokens\":63,\"promptTokens\":3811,\"totalTokens\":3874}}}"}}
{"__type":"$$EventMessageConfirm","confirm":"be9741ff-a2be-49c1-ba76-1ef603506970","ts":"2026-04-05T13:27:34.947-04:00","source":{"id":"0","name":"eventBus"}}
{"__type":"$$EventMessageNode","id":"2deb5952-6b95-4cb8-b349-ba4ac8a0483a","ts":"2026-04-05T13:27:34.963-04:00","eventName":"n8n.node.finished","message":"n8n.node.finished","payload":{"workflowId":"YIYJI8ZkPUi59kQQ","workflowName":"My workflow","executionId":"67","nodeType":"@n8n/n8n-nodes-langchain.agent","nodeName":"AI Agent","nodeId":"9a07d0c0-fee7-4cf3-bf7c-e89cbd9d96c9"}}
{"__type":"$$EventMessageConfirm","confirm":"2deb5952-6b95-4cb8-b349-ba4ac8a0483a","ts":"2026-04-05T13:27:34.963-04:00","source":{"id":"0","name":"eventBus"}}
{"__type":"$$EventMessageNode","id":"a7a10e2e-93fb-404c-bccc-00c6404db74c","ts":"2026-04-05T13:27:34.963-04:00","eventName":"n8n.node.started","message":"n8n.node.started","payload":{"workflowId":"YIYJI8ZkPUi59kQQ","workflowName":"My workflow","executionId":"67","nodeType":"n8n-nodes-base.respondToWebhook","nodeName":"Respond to Webhook","nodeId":"4299c8c6-af2f-4b17-be27-4cb1faf7742f"}}
{"__type":"$$EventMessageConfirm","confirm":"a7a10e2e-93fb-404c-bccc-00c6404db74c","ts":"2026-04-05T13:27:34.963-04:00","source":{"id":"0","name":"eventBus"}}
{"__type":"$$EventMessageNode","id":"39926e5d-5f0f-4965-b112-daeb3fbd52f6","ts":"2026-04-05T13:27:34.966-04:00","eventName":"n8n.node.finished","message":"n8n.node.finished","payload":{"workflowId":"YIYJI8ZkPUi59kQQ","workflowName":"My workflow","executionId":"67","nodeType":"n8n-nodes-base.respondToWebhook","nodeName":"Respond to Webhook","nodeId":"4299c8c6-af2f-4b17-be27-4cb1faf7742f"}}
{"__type":"$$EventMessageConfirm","confirm":"39926e5d-5f0f-4965-b112-daeb3fbd52f6","ts":"2026-04-05T13:27:34.966-04:00","source":{"id":"0","name":"eventBus"}}
{"__type":"$$EventMessageWorkflow","id":"e81e260f-b820-4c1c-87a5-efcba69c2024","ts":"2026-04-05T13:27:34.966-04:00","eventName":"n8n.workflow.success","message":"n8n.workflow.success","payload":{"executionId":"67","success":true,"isManual":false,"mode":"webhook","workflowId":"YIYJI8ZkPUi59kQQ","workflowName":"My workflow"}}
{"__type":"$$EventMessageConfirm","confirm":"e81e260f-b820-4c1c-87a5-efcba69c2024","ts":"2026-04-05T13:27:34.967-04:00","source":{"id":"0","name":"eventBus"}}
{"__type":"$$EventMessageAudit","id":"c02c3b1d-2c12-4d17-821b-f916546600cd","ts":"2026-04-05T13:34:37.165-04:00","eventName":"n8n.audit.workflow.updated","message":"n8n.audit.workflow.updated","payload":{"userId":"5dbe17fd-2bf6-4d1e-ad71-13ee612d9454","_email":"joao.basa.18@gmail.com","_firstName":"Joao","_lastName":"Basanta","globalRole":"global:owner","workflowId":"YIYJI8ZkPUi59kQQ","workflowName":"My workflow"}}
{"__type":"$$EventMessageConfirm","confirm":"c02c3b1d-2c12-4d17-821b-f916546600cd","ts":"2026-04-05T13:34:37.165-04:00","source":{"id":"0","name":"eventBus"}}
{"__type":"$$EventMessageAudit","id":"c00e1c34-cfb8-4499-bdce-64fc0abd3d02","ts":"2026-04-05T13:34:42.192-04:00","eventName":"n8n.audit.workflow.updated","message":"n8n.audit.workflow.updated","payload":{"userId":"5dbe17fd-2bf6-4d1e-ad71-13ee612d9454","_email":"joao.basa.18@gmail.com","_firstName":"Joao","_lastName":"Basanta","globalRole":"global:owner","workflowId":"YIYJI8ZkPUi59kQQ","workflowName":"My workflow"}}
{"__type":"$$EventMessageConfirm","confirm":"c00e1c34-cfb8-4499-bdce-64fc0abd3d02","ts":"2026-04-05T13:34:42.192-04:00","source":{"id":"0","name":"eventBus"}}
{"__type":"$$EventMessageAudit","id":"302ae77b-9d7f-44a1-a150-d7120c4da2cd","ts":"2026-04-05T13:34:56.471-04:00","eventName":"n8n.audit.workflow.updated","message":"n8n.audit.workflow.updated","payload":{"userId":"5dbe17fd-2bf6-4d1e-ad71-13ee612d9454","_email":"joao.basa.18@gmail.com","_firstName":"Joao","_lastName":"Basanta","globalRole":"global:owner","workflowId":"YIYJI8ZkPUi59kQQ","workflowName":"My workflow"}}
{"__type":"$$EventMessageConfirm","confirm":"302ae77b-9d7f-44a1-a150-d7120c4da2cd","ts":"2026-04-05T13:34:56.471-04:00","source":{"id":"0","name":"eventBus"}}
{"__type":"$$EventMessageAudit","id":"5443b04a-12c4-45ff-b6e7-464a325e0bf1","ts":"2026-04-05T13:35:22.070-04:00","eventName":"n8n.audit.workflow.deactivated","message":"n8n.audit.workflow.deactivated","payload":{"userId":"5dbe17fd-2bf6-4d1e-ad71-13ee612d9454","_email":"joao.basa.18@gmail.com","_firstName":"Joao","_lastName":"Basanta","globalRole":"global:owner","workflowId":"YIYJI8ZkPUi59kQQ","workflowName":"My workflow","deactivatedVersionId":"afdf2526-7860-491f-a91f-7c7271fce5c0"}}
{"__type":"$$EventMessageConfirm","confirm":"5443b04a-12c4-45ff-b6e7-464a325e0bf1","ts":"2026-04-05T13:35:22.070-04:00","source":{"id":"0","name":"eventBus"}}
{"__type":"$$EventMessageAudit","id":"6f4389ac-aedd-4e2b-adf6-88a0de0f8335","ts":"2026-04-05T13:35:22.138-04:00","eventName":"n8n.audit.workflow.activated","message":"n8n.audit.workflow.activated","payload":{"userId":"5dbe17fd-2bf6-4d1e-ad71-13ee612d9454","_email":"joao.basa.18@gmail.com","_firstName":"Joao","_lastName":"Basanta","globalRole":"global:owner","workflowId":"YIYJI8ZkPUi59kQQ","workflowName":"My workflow","activeVersionId":"1668e745-adc7-4db7-beb7-3e14ed107fc5"}}
{"__type":"$$EventMessageConfirm","confirm":"6f4389ac-aedd-4e2b-adf6-88a0de0f8335","ts":"2026-04-05T13:35:22.138-04:00","source":{"id":"0","name":"eventBus"}}
{"__type":"$$EventMessageAudit","id":"7d26e648-d403-42b0-8271-83d44daa489b","ts":"2026-04-05T13:36:18.855-04:00","eventName":"n8n.audit.workflow.updated","message":"n8n.audit.workflow.updated","payload":{"userId":"5dbe17fd-2bf6-4d1e-ad71-13ee612d9454","_email":"joao.basa.18@gmail.com","_firstName":"Joao","_lastName":"Basanta","globalRole":"global:owner","workflowId":"YIYJI8ZkPUi59kQQ","workflowName":"My workflow"}}
{"__type":"$$EventMessageConfirm","confirm":"7d26e648-d403-42b0-8271-83d44daa489b","ts":"2026-04-05T13:36:18.856-04:00","source":{"id":"0","name":"eventBus"}}
{"__type":"$$EventMessageAudit","id":"30437d45-04a2-4c39-8036-a5451159e720","ts":"2026-04-05T13:36:24.874-04:00","eventName":"n8n.audit.workflow.updated","message":"n8n.audit.workflow.updated","payload":{"userId":"5dbe17fd-2bf6-4d1e-ad71-13ee612d9454","_email":"joao.basa.18@gmail.com","_firstName":"Joao","_lastName":"Basanta","globalRole":"global:owner","workflowId":"YIYJI8ZkPUi59kQQ","workflowName":"My workflow"}}
{"__type":"$$EventMessageConfirm","confirm":"30437d45-04a2-4c39-8036-a5451159e720","ts":"2026-04-05T13:36:24.874-04:00","source":{"id":"0","name":"eventBus"}}
{"__type":"$$EventMessageAudit","id":"7091bbc6-0476-4bd4-8636-930f4392361d","ts":"2026-04-05T13:36:35.509-04:00","eventName":"n8n.audit.workflow.updated","message":"n8n.audit.workflow.updated","payload":{"userId":"5dbe17fd-2bf6-4d1e-ad71-13ee612d9454","_email":"joao.basa.18@gmail.com","_firstName":"Joao","_lastName":"Basanta","globalRole":"global:owner","workflowId":"YIYJI8ZkPUi59kQQ","workflowName":"My workflow"}}
{"__type":"$$EventMessageConfirm","confirm":"7091bbc6-0476-4bd4-8636-930f4392361d","ts":"2026-04-05T13:36:35.509-04:00","source":{"id":"0","name":"eventBus"}}
{"__type":"$$EventMessageAudit","id":"5376ca02-135b-46f2-8dba-df6c2f9cdd64","ts":"2026-04-05T13:36:40.011-04:00","eventName":"n8n.audit.workflow.updated","message":"n8n.audit.workflow.updated","payload":{"userId":"5dbe17fd-2bf6-4d1e-ad71-13ee612d9454","_email":"joao.basa.18@gmail.com","_firstName":"Joao","_lastName":"Basanta","globalRole":"global:owner","workflowId":"YIYJI8ZkPUi59kQQ","workflowName":"My workflow"}}
{"__type":"$$EventMessageConfirm","confirm":"5376ca02-135b-46f2-8dba-df6c2f9cdd64","ts":"2026-04-05T13:36:40.011-04:00","source":{"id":"0","name":"eventBus"}}
{"__type":"$$EventMessageAudit","id":"ca7db2d3-4f32-4bf4-9350-c9781f0d7f2a","ts":"2026-04-05T13:36:49.075-04:00","eventName":"n8n.audit.workflow.updated","message":"n8n.audit.workflow.updated","payload":{"userId":"5dbe17fd-2bf6-4d1e-ad71-13ee612d9454","_email":"joao.basa.18@gmail.com","_firstName":"Joao","_lastName":"Basanta","globalRole":"global:owner","workflowId":"YIYJI8ZkPUi59kQQ","workflowName":"My workflow"}}
{"__type":"$$EventMessageConfirm","confirm":"ca7db2d3-4f32-4bf4-9350-c9781f0d7f2a","ts":"2026-04-05T13:36:49.075-04:00","source":{"id":"0","name":"eventBus"}}
{"__type":"$$EventMessageWorkflow","id":"93f28fa8-31ac-44f1-b4c7-1d1848829809","ts":"2026-04-05T13:37:04.611-04:00","eventName":"n8n.workflow.started","message":"n8n.workflow.started","payload":{"executionId":"68","workflowId":"YIYJI8ZkPUi59kQQ","isManual":false,"mode":"webhook","workflowName":"My workflow"}}
{"__type":"$$EventMessageConfirm","confirm":"93f28fa8-31ac-44f1-b4c7-1d1848829809","ts":"2026-04-05T13:37:04.611-04:00","source":{"id":"0","name":"eventBus"}}
{"__type":"$$EventMessageAudit","id":"362d5351-164a-45e8-a885-80cd6ceeab2f","ts":"2026-04-05T13:37:04.611-04:00","eventName":"n8n.audit.workflow.executed","message":"n8n.audit.workflow.executed","payload":{"workflowId":"YIYJI8ZkPUi59kQQ","workflowName":"My workflow","executionId":"68","source":"webhook"}}
{"__type":"$$EventMessageConfirm","confirm":"362d5351-164a-45e8-a885-80cd6ceeab2f","ts":"2026-04-05T13:37:04.611-04:00","source":{"id":"0","name":"eventBus"}}
{"__type":"$$EventMessageNode","id":"b2030a73-e8fa-4dba-af08-0d510460d019","ts":"2026-04-05T13:37:04.611-04:00","eventName":"n8n.node.started","message":"n8n.node.started","payload":{"workflowId":"YIYJI8ZkPUi59kQQ","workflowName":"My workflow","executionId":"68","nodeType":"n8n-nodes-base.webhook","nodeName":"Webhook","nodeId":"209ba0bd-158f-46b3-92d3-3e67fbfaeb46"}}
{"__type":"$$EventMessageConfirm","confirm":"b2030a73-e8fa-4dba-af08-0d510460d019","ts":"2026-04-05T13:37:04.611-04:00","source":{"id":"0","name":"eventBus"}}
{"__type":"$$EventMessageNode","id":"4a3724b1-c004-4f7d-9c32-bd1beac0f670","ts":"2026-04-05T13:37:04.612-04:00","eventName":"n8n.node.finished","message":"n8n.node.finished","payload":{"workflowId":"YIYJI8ZkPUi59kQQ","workflowName":"My workflow","executionId":"68","nodeType":"n8n-nodes-base.webhook","nodeName":"Webhook","nodeId":"209ba0bd-158f-46b3-92d3-3e67fbfaeb46"}}
{"__type":"$$EventMessageConfirm","confirm":"4a3724b1-c004-4f7d-9c32-bd1beac0f670","ts":"2026-04-05T13:37:04.612-04:00","source":{"id":"0","name":"eventBus"}}
{"__type":"$$EventMessageNode","id":"475163e2-d575-4f68-9b71-7149315d78a4","ts":"2026-04-05T13:37:04.612-04:00","eventName":"n8n.node.started","message":"n8n.node.started","payload":{"workflowId":"YIYJI8ZkPUi59kQQ","workflowName":"My workflow","executionId":"68","nodeType":"@n8n/n8n-nodes-langchain.agent","nodeName":"AI Agent","nodeId":"9a07d0c0-fee7-4cf3-bf7c-e89cbd9d96c9"}}
{"__type":"$$EventMessageConfirm","confirm":"475163e2-d575-4f68-9b71-7149315d78a4","ts":"2026-04-05T13:37:04.612-04:00","source":{"id":"0","name":"eventBus"}}
{"__type":"$$EventMessageNode","id":"8b25164a-c124-47b6-90e1-3a6c471c7bd4","ts":"2026-04-05T13:37:04.666-04:00","eventName":"n8n.node.started","message":"n8n.node.started","payload":{"workflowId":"YIYJI8ZkPUi59kQQ","workflowName":"My workflow","executionId":"68","nodeType":"@n8n/n8n-nodes-langchain.memoryMongoDbChat","nodeName":"MongoDB Chat Memory","nodeId":"754b91b0-51fa-4134-b475-fabea68a7ceb"}}
{"__type":"$$EventMessageConfirm","confirm":"8b25164a-c124-47b6-90e1-3a6c471c7bd4","ts":"2026-04-05T13:37:04.667-04:00","source":{"id":"0","name":"eventBus"}}
{"__type":"$$EventMessageNode","id":"2cb43f36-8566-4806-bfc0-a2f9d890eef4","ts":"2026-04-05T13:37:04.674-04:00","eventName":"n8n.node.finished","message":"n8n.node.finished","payload":{"workflowId":"YIYJI8ZkPUi59kQQ","workflowName":"My workflow","executionId":"68","nodeType":"@n8n/n8n-nodes-langchain.memoryMongoDbChat","nodeName":"MongoDB Chat Memory","nodeId":"754b91b0-51fa-4134-b475-fabea68a7ceb"}}
{"__type":"$$EventMessageConfirm","confirm":"2cb43f36-8566-4806-bfc0-a2f9d890eef4","ts":"2026-04-05T13:37:04.674-04:00","source":{"id":"0","name":"eventBus"}}
{"__type":"$$EventMessageNode","id":"c659b5a0-b269-45e5-b132-a9f5873982c7","ts":"2026-04-05T13:37:04.701-04:00","eventName":"n8n.node.started","message":"n8n.node.started","payload":{"workflowId":"YIYJI8ZkPUi59kQQ","workflowName":"My workflow","executionId":"68","nodeType":"@n8n/n8n-nodes-langchain.lmChatMistralCloud","nodeName":"Mistral Cloud Chat Model","nodeId":"6706a3b2-63a3-45f7-ae3e-bb739a864c95"}}
{"__type":"$$EventMessageConfirm","confirm":"c659b5a0-b269-45e5-b132-a9f5873982c7","ts":"2026-04-05T13:37:04.702-04:00","source":{"id":"0","name":"eventBus"}}
{"__type":"$$EventMessageNode","id":"c23f24e6-e9b9-4d02-a7bb-2d94e13caae4","ts":"2026-04-05T13:37:05.480-04:00","eventName":"n8n.node.finished","message":"n8n.node.finished","payload":{"workflowId":"YIYJI8ZkPUi59kQQ","workflowName":"My workflow","executionId":"68","nodeType":"@n8n/n8n-nodes-langchain.lmChatMistralCloud","nodeName":"Mistral Cloud Chat Model","nodeId":"6706a3b2-63a3-45f7-ae3e-bb739a864c95"}}
{"__type":"$$EventMessageConfirm","confirm":"c23f24e6-e9b9-4d02-a7bb-2d94e13caae4","ts":"2026-04-05T13:37:05.480-04:00","source":{"id":"0","name":"eventBus"}}
{"__type":"$$EventMessageAiNode","id":"b8dae3e2-b5e9-4975-a108-db135b7069f6","ts":"2026-04-05T13:37:05.481-04:00","eventName":"n8n.ai.llm.generated","message":"n8n.ai.llm.generated","payload":{"executionId":"68","nodeName":"Mistral Cloud Chat Model","workflowName":"My workflow","nodeType":"@n8n/n8n-nodes-langchain.lmChatMistralCloud","workflowId":"YIYJI8ZkPUi59kQQ","msg":"{\"messages\":[\"Human: Eres un asistente inteligente de ServiceDesk.\\n\\nTu función es ayudar a los usuarios a resolver problemas de TI.\\n\\nDispones de una herramienta llamada crear_ticket.\\n\\nReglas:\\n\\n- Si el usuario reporta un problema, debes usar la herramienta crear_ticket.\\n- Nunca generes JSON manualmente.\\n- No menciones que estás usando herramientas.\\n- Antes de usar crear_ticket, asegúrate de tener toda la información completa:\\n\\n  1. solicitante → se llena automáticamente con \\\"usuario de ia\\\".\\n  2. tipo_solicitud → solo \\\"Requerimiento\\\" o \\\"Incidente\\\". Si no está claro, pregúntalo al usuario.\\n  3. prioridad → \\\"Alta\\\", \\\"Normal\\\" o \\\"Baja\\\". Pregunta si no está claro.\\n  4. estado → por defecto \\\"Abierto\\\". Si el ticket ya tiene responsable, usa \\\"Asignado\\\". Si falta información, usa \\\"En espera\\\".\\n  5. modo → \\\"Chat\\\", \\\"Email\\\", \\\"Mobile App\\\", \\\"Phone Call\\\" o \\\"Web Form\\\". Pregunta si no está claro.\\n  6. sucursal → 9 posibilidades. Para ahora, usa \\\"Sucursal 1\\\" si no se indica.\\n  7. categoria / subcategoria / articulo → usar cualquier valor de relleno por ahora (\\\"Categoria X\\\", \\\"Subcategoria Y\\\", \\\"Articulo Z\\\").\\n  8. asunto → preguntar al usuario si no está claro.\\n  9. descripcion_html → genera un diseño bonito con estilo HTML. Ejemplo:\\n     <div style=\\\"font-family:Arial,sans-serif;color:#333;\\\">\\n       <p><strong>Reporte del usuario:</strong> El usuario reporta que </p>\\n     </div>\\n     donde  es lo que el usuario escribió.\\n\\n- Nunca envíes el ticket si falta algún dato obligatorio; primero pregunta al usuario lo que falta.\\n- Después de usar la herramienta, responde al usuario indicando el ID del ticket generado (campo \\\"ID-ITIL\\\").\\n- Si el usuario solo conversa, responde normalmente.\\n\\nUsuario dijo:\\nHola\\nAI: ¡Hola! ¿En qué puedo ayudarte hoy? 😊\\nHuman: Eres un asistente inteligente de ServiceDesk.\\n\\nTu función es ayudar a los usuarios a resolver problemas de TI.\\n\\nDispones de una herramienta llamada crear_ticket.\\n\\nReglas:\\n\\n- Si el usuario reporta un problema, debes usar la herramienta crear_ticket.\\n- Nunca generes JSON manualmente.\\n- No menciones que estás usando herramientas.\\n- Antes de usar crear_ticket, asegúrate de tener toda la información completa:\\n\\n  1. solicitante → se llena automáticamente con \\\"usuario de ia\\\".\\n  2. tipo_solicitud → solo \\\"Requerimiento\\\" o \\\"Incidente\\\". Si no está claro, pregúntalo al usuario.\\n  3. prioridad → \\\"Alta\\\", \\\"Normal\\\" o \\\"Baja\\\". Pregunta si no está claro.\\n  4. estado → por defecto \\\"Abierto\\\". Si el ticket ya tiene responsable, usa \\\"Asignado\\\". Si falta información, usa \\\"En espera\\\".\\n  5. modo → \\\"Chat\\\", \\\"Email\\\", \\\"Mobile App\\\", \\\"Phone Call\\\" o \\\"Web Form\\\". Pregunta si no está claro.\\n  6. sucursal → 9 posibilidades. Para ahora, usa \\\"Sucursal 1\\\" si no se indica.\\n  7. categoria / subcategoria / articulo → usar cualquier valor de relleno por ahora (\\\"Categoria X\\\", \\\"Subcategoria Y\\\", \\\"Articulo Z\\\").\\n  8. asunto → preguntar al usuario si no está claro.\\n  9. descripcion_html → genera un diseño bonito con estilo HTML. Ejemplo:\\n     <div style=\\\"font-family:Arial,sans-serif;color:#333;\\\">\\n       <p><strong>Reporte del usuario:</strong> El usuario reporta que </p>\\n     </div>\\n     donde  es lo que el usuario escribió.\\n\\n- Nunca envíes el ticket si falta algún dato obligatorio; primero pregunta al usuario lo que falta.\\n- Después de usar la herramienta, responde al usuario indicando el ID del ticket generado (campo \\\"ID-ITIL\\\").\\n- Si el usuario solo conversa, responde normalmente.\\n\\nUsuario dijo:\\nTengo un problema con mi micrófono\\nAI: Entiendo que tienes un problema con tu micrófono. Para ayudarte, necesito algunos detalles adicionales:\\n\\n1. **Tipo de solicitud**: ¿Es un incidente (algo que no funciona) o un requerimiento (algo que necesitas)?\\n2. **Prioridad**: ¿Consideras que es de prioridad alta, normal o baja?\\n3. **Modo de contacto**: ¿Cómo prefieres que te contactemos? (Chat, Email, Mobile App, Phone Call o Web Form).\\n4. **Asunto**: ¿Podrías resumir en una frase el problema? Por ejemplo: \\\"Micrófono no funciona\\\" o \\\"Problema con la conexión del micrófono\\\".\\n\\nCon esta información, podré crear el ticket correctamente.\\nHuman: Eres un asistente inteligente de ServiceDesk.\\n\\nTu función es ayudar a los usuarios a resolver problemas de TI.\\n\\nDispones de una herramienta llamada crear_ticket.\\n\\nReglas:\\n\\n- Si el usuario reporta un problema, debes usar la herramienta crear_ticket.\\n- Nunca generes JSON manualmente.\\n- No menciones que estás usando herramientas.\\n- Antes de usar crear_ticket, asegúrate de tener toda la información completa:\\n\\n  1. solicitante → se llena automáticamente con \\\"usuario de ia\\\".\\n  2. tipo_solicitud → solo \\\"Requerimiento\\\" o \\\"Incidente\\\". Si no está claro, pregúntalo al usuario.\\n  3. prioridad → \\\"Alta\\\", \\\"Normal\\\" o \\\"Baja\\\". Pregunta si no está claro.\\n  4. estado → por defecto \\\"Abierto\\\". Si el ticket ya tiene responsable, usa \\\"Asignado\\\". Si falta información, usa \\\"En espera\\\".\\n  5. modo → \\\"Chat\\\", \\\"Email\\\", \\\"Mobile App\\\", \\\"Phone Call\\\" o \\\"Web Form\\\". Pregunta si no está claro.\\n  6. sucursal → 9 posibilidades. Para ahora, usa \\\"Sucursal 1\\\" si no se indica.\\n  7. categoria / subcategoria / articulo → usar cualquier valor de relleno por ahora (\\\"Categoria X\\\", \\\"Subcategoria Y\\\", \\\"Articulo Z\\\").\\n  8. asunto → preguntar al usuario si no está claro.\\n  9. descripcion_html → genera un diseño bonito con estilo HTML. Ejemplo:\\n     <div style=\\\"font-family:Arial,sans-serif;color:#333;\\\">\\n       <p><strong>Reporte del usuario:</strong> El usuario reporta que </p>\\n     </div>\\n     donde  es lo que el usuario escribió.\\n\\n- Nunca envíes el ticket si falta algún dato obligatorio; primero pregunta al usuario lo que falta.\\n- Después de usar la herramienta, responde al usuario indicando el ID del ticket generado (campo \\\"ID-ITIL\\\").\\n- Si el usuario solo conversa, responde normalmente.\\n\\nUsuario dijo:\\nEs un incidente...\\nAI: Entendido. ¿Podrías indicarme lo siguiente para continuar con el ticket?\\n\\n1. **Prioridad**: ¿Consideras que es de prioridad alta, normal o baja?\\n2. **Modo de contacto**: ¿Cómo prefieres que te contactemos? (Chat, Email, Mobile App, Phone Call o Web Form).\\n3. **Asunto**: ¿Podrías resumir en una frase el problema? Por ejemplo: \\\"Micrófono no funciona\\\" o \\\"Problema con la conexión del micrófono\\\".\\n\\nCon estos datos, podré proceder.\\nHuman: Eres un asistente inteligente de ServiceDesk.\\n\\nTu función es ayudar a los usuarios a resolver problemas de TI.\\n\\nDispones de una herramienta llamada crear_ticket.\\n\\nReglas:\\n\\n- Si el usuario reporta un problema, debes usar la herramienta crear_ticket.\\n- Nunca generes JSON manualmente.\\n- No menciones que estás usando herramientas.\\n- Antes de usar crear_ticket, asegúrate de tener toda la información completa:\\n\\n  1. solicitante → se llena automáticamente con \\\"usuario de ia\\\".\\n  2. tipo_solicitud → solo \\\"Requerimiento\\\" o \\\"Incidente\\\". Si no está claro, pregúntalo al usuario.\\n  3. prioridad → \\\"Alta\\\", \\\"Normal\\\" o \\\"Baja\\\". Pregunta si no está claro.\\n  4. estado → por defecto \\\"Abierto\\\". Si el ticket ya tiene responsable, usa \\\"Asignado\\\". Si falta información, usa \\\"En espera\\\".\\n  5. modo → \\\"Chat\\\", \\\"Email\\\", \\\"Mobile App\\\", \\\"Phone Call\\\" o \\\"Web Form\\\". Pregunta si no está claro.\\n  6. sucursal → 9 posibilidades. Para ahora, usa \\\"Sucursal 1\\\" si no se indica.\\n  7. categoria / subcategoria / articulo → usar cualquier valor de relleno por ahora (\\\"Categoria X\\\", \\\"Subcategoria Y\\\", \\\"Articulo Z\\\").\\n  8. asunto → preguntar al usuario si no está claro.\\n  9. descripcion_html → genera un diseño bonito con estilo HTML. Ejemplo:\\n     <div style=\\\"font-family:Arial,sans-serif;color:#333;\\\">\\n       <p><strong>Reporte del usuario:</strong> El usuario reporta que </p>\\n     </div>\\n     donde  es lo que el usuario escribió.\\n\\n- Nunca envíes el ticket si falta algún dato obligatorio; primero pregunta al usuario lo que falta.\\n- Después de usar la herramienta, responde al usuario indicando el ID del ticket generado (campo \\\"ID-ITIL\\\").\\n- Si el usuario solo conversa, responde normalmente.\\n\\nUsuario dijo:\\nes de prioridad normal, quiero que vengan acá a mi sitio, estoy en san isidro. Diria que el asunto es \\\"problema con microfono\\\" vengan rápido porfavor.\\nAI: Calling crear_ticket with input: {\\\"solicitante\\\":\\\"usuario de ia\\\",\\\"tipo_solicitud\\\":\\\"Incidente\\\",\\\"prioridad\\\":\\\"Normal\\\",\\\"estado\\\":\\\"Abierto\\\",\\\"modo\\\":\\\"Chat\\\",\\\"sucursal\\\":\\\"Sucursal 1\\\",\\\"categoria\\\":\\\"Categoria X\\\",\\\"subcategoria\\\":\\\"Subcategoria Y\\\",\\\"articulo\\\":\\\"Articulo Z\\\",\\\"asunto\\\":\\\"Problema con micrófono\\\",\\\"descripcion_html\\\":\\\"<div style=\\\\\\\"font-family:Arial,sans-serif;color:#333;\\\\\\\">\\\\n  <p><strong>Reporte del usuario:</strong> El usuario reporta que tiene un problema con su micrófono y solicita asistencia en su ubicación en San Isidro. Prioridad normal.</p>\\\\n</div>\\\",\\\"id\\\":\\\"0LTNAHeF7\\\"}[{\\\"id\\\":\\\"0LTNAHeF7\\\",\\\"name\\\":\\\"crear_ticket\\\",\\\"args\\\":{\\\"solicitante\\\":\\\"usuario de ia\\\",\\\"tipo_solicitud\\\":\\\"Incidente\\\",\\\"prioridad\\\":\\\"Normal\\\",\\\"estado\\\":\\\"Abierto\\\",\\\"modo\\\":\\\"Chat\\\",\\\"sucursal\\\":\\\"Sucursal 1\\\",\\\"categoria\\\":\\\"Categoria X\\\",\\\"subcategoria\\\":\\\"Subcategoria Y\\\",\\\"articulo\\\":\\\"Articulo Z\\\",\\\"asunto\\\":\\\"Problema con micrófono\\\",\\\"descripcion_html\\\":\\\"<div style=\\\\\\\"font-family:Arial,sans-serif;color:#333;\\\\\\\">\\\\n  <p><strong>Reporte del usuario:</strong> El usuario reporta que tiene un problema con su micrófono y solicita asistencia en su ubicación en San Isidro. Prioridad normal.</p>\\\\n</div>\\\",\\\"id\\\":\\\"0LTNAHeF7\\\"},\\\"type\\\":\\\"tool_call\\\"}]\\nTool: crear_ticket, [{\\\"_id\\\":\\\"69d29b848212b0c3c94c32bf\\\",\\\"solicitante\\\":\\\"usuario de ia\\\",\\\"tipo_solicitud\\\":\\\"Incidente\\\",\\\"prioridad\\\":\\\"Normal\\\",\\\"estado\\\":\\\"Abierto\\\",\\\"modo\\\":\\\"Chat\\\",\\\"sucursal\\\":\\\"Sucursal 1\\\",\\\"categoria\\\":\\\"Categoria X\\\",\\\"subcategoria\\\":\\\"Subcategoria Y\\\",\\\"articulo\\\":\\\"Articulo Z\\\",\\\"asunto\\\":\\\"Problema con micrófono\\\",\\\"descripcion_html\\\":\\\"<div style=\\\\\\\"font-family:Arial,sans-serif;color:#333;\\\\\\\">\\\\n  <p><strong>Reporte del usuario:</strong> El usuario reporta que tiene un problema con su micrófono y solicita asistencia en su ubicación en San Isidro. Prioridad normal.</p>\\\\n</div>\\\",\\\"ID-ITIL\\\":\\\"INC-0000008\\\",\\\"resolucion\\\":null,\\\"fecha_creacion\\\":\\\"2026-04-05T17:27:32.946000\\\"}]\\nAI: Se ha creado un ticket para tu problema con el micrófono. El ID del ticket es **INC-0000008**. Pronto alguien del equipo técnico se pondrá en contacto contigo para asistirte en San Isidro. ¡Gracias por tu paciencia! 😊\\nHuman: Eres un asistente inteligente de ServiceDesk.\\n\\nTu función es ayudar a los usuarios a resolver problemas de TI.\\n\\nDispones de una herramienta llamada crear_ticket.\\n\\nReglas:\\n\\n- Si el usuario reporta un problema, debes usar la herramienta crear_ticket.\\n- Nunca generes JSON manualmente.\\n- No menciones que estás usando herramientas.\\n- Antes de usar crear_ticket, asegúrate de tener toda la información completa:\\n\\n1. solicitante → se llena automáticamente con \\\"usuario de ia\\\".\\n2. tipo_solicitud → solo \\\"Requerimiento\\\" o \\\"Incidente\\\". Si no está claro, usa \\\"Incidente\\\" por defecto; solo pregunta si es realmente ambiguo.\\n3. prioridad → \\\"Alta\\\", \\\"Normal\\\" o \\\"Baja\\\". Usa \\\"Normal\\\" por defecto; pregunta solo si el usuario lo especifica diferente.\\n4. estado → por defecto \\\"Abierto\\\". Si el ticket ya tiene responsable, usa \\\"Asignado\\\". Si falta información, usa \\\"En espera\\\".\\n5. modo → \\\"Chat\\\", \\\"Email\\\", \\\"Mobile App\\\", \\\"Phone Call\\\" o \\\"Web Form\\\". Asume \\\"Chat\\\" si no está claro.\\n6. sucursal → 9 posibilidades. Para ahora, usa \\\"Sucursal 1\\\" si no se indica.\\n7. categoria / subcategoria / articulo → usar cualquier valor de relleno por ahora (\\\"Categoria X\\\", \\\"Subcategoria Y\\\", \\\"Articulo Z\\\").\\n8. asunto → si el mensaje del usuario tiene sentido como resumen, úsalo; pregunta solo si no se puede deducir.\\n9. descripcion_html → genera un diseño bonito con estilo HTML. Ejemplo:\\n   <div style=\\\"font-family:Arial,sans-serif;color:#333;\\\">\\n     <p><strong>Reporte del usuario:</strong> El usuario reporta que </p>\\n   </div>\\n   donde  es lo que el usuario escribió.\\n\\n- Nunca envíes el ticket si falta algún dato obligatorio; primero pregunta al usuario lo que falta, pero evita repetir información ya deducida.\\n- Después de usar la herramienta, responde al usuario indicando el ID del ticket generado (campo \\\"ID-ITIL\\\").\\n- Si el usuario solo conversa, responde normalmente.\\n\\nUsuario dijo:\\nHola qué tal?\"],\"options\":{\"mistral_api_key\":{\"lc\":1,\"type\":\"secret\",\"id\":[\"MISTRAL_API_KEY\"]},\"model\":\"devstral-latest\",\"http_client\":{\"options\":{},\"requestHooks\":[],\"requestErrorHooks\":[],\"responseHooks\":[]},\"metadata\":{\"versions\":{\"@langchain/core\":\"1.1.34\"}}},\"response\":{\"response\":{\"generations\":[[{\"text\":\"¡Hola! 😊 ¿En qué puedo ayudarte hoy?\",\"generationInfo\":{\"finishReason\":\"stop\"}}]]},\"tokenUsage\":{\"completionTokens\":16,\"promptTokens\":3272,\"totalTokens\":3288}}}"}}
{"__type":"$$EventMessageConfirm","confirm":"b8dae3e2-b5e9-4975-a108-db135b7069f6","ts":"2026-04-05T13:37:05.481-04:00","source":{"id":"0","name":"eventBus"}}
{"__type":"$$EventMessageNode","id":"c87d5266-6ef2-4468-830a-fa63d0d11c4e","ts":"2026-04-05T13:37:05.482-04:00","eventName":"n8n.node.started","message":"n8n.node.started","payload":{"workflowId":"YIYJI8ZkPUi59kQQ","workflowName":"My workflow","executionId":"68","nodeType":"@n8n/n8n-nodes-langchain.memoryMongoDbChat","nodeName":"MongoDB Chat Memory","nodeId":"754b91b0-51fa-4134-b475-fabea68a7ceb"}}
{"__type":"$$EventMessageConfirm","confirm":"c87d5266-6ef2-4468-830a-fa63d0d11c4e","ts":"2026-04-05T13:37:05.482-04:00","source":{"id":"0","name":"eventBus"}}
{"__type":"$$EventMessageNode","id":"68d4fb55-b041-41d3-9987-44ca2f937a3e","ts":"2026-04-05T13:37:05.492-04:00","eventName":"n8n.node.finished","message":"n8n.node.finished","payload":{"workflowId":"YIYJI8ZkPUi59kQQ","workflowName":"My workflow","executionId":"68","nodeType":"@n8n/n8n-nodes-langchain.memoryMongoDbChat","nodeName":"MongoDB Chat Memory","nodeId":"754b91b0-51fa-4134-b475-fabea68a7ceb"}}
{"__type":"$$EventMessageConfirm","confirm":"68d4fb55-b041-41d3-9987-44ca2f937a3e","ts":"2026-04-05T13:37:05.492-04:00","source":{"id":"0","name":"eventBus"}}
{"__type":"$$EventMessageNode","id":"60f6d0ec-487e-4c0e-9ba0-35b2926f55fc","ts":"2026-04-05T13:37:05.497-04:00","eventName":"n8n.node.finished","message":"n8n.node.finished","payload":{"workflowId":"YIYJI8ZkPUi59kQQ","workflowName":"My workflow","executionId":"68","nodeType":"@n8n/n8n-nodes-langchain.agent","nodeName":"AI Agent","nodeId":"9a07d0c0-fee7-4cf3-bf7c-e89cbd9d96c9"}}
{"__type":"$$EventMessageConfirm","confirm":"60f6d0ec-487e-4c0e-9ba0-35b2926f55fc","ts":"2026-04-05T13:37:05.497-04:00","source":{"id":"0","name":"eventBus"}}
{"__type":"$$EventMessageNode","id":"dd71c51c-5427-48da-9761-91e720b877d0","ts":"2026-04-05T13:37:05.497-04:00","eventName":"n8n.node.started","message":"n8n.node.started","payload":{"workflowId":"YIYJI8ZkPUi59kQQ","workflowName":"My workflow","executionId":"68","nodeType":"n8n-nodes-base.respondToWebhook","nodeName":"Respond to Webhook","nodeId":"4299c8c6-af2f-4b17-be27-4cb1faf7742f"}}
{"__type":"$$EventMessageConfirm","confirm":"dd71c51c-5427-48da-9761-91e720b877d0","ts":"2026-04-05T13:37:05.497-04:00","source":{"id":"0","name":"eventBus"}}
{"__type":"$$EventMessageNode","id":"6e711b7c-8173-4ba1-9839-e5dfe35c6b18","ts":"2026-04-05T13:37:05.499-04:00","eventName":"n8n.node.finished","message":"n8n.node.finished","payload":{"workflowId":"YIYJI8ZkPUi59kQQ","workflowName":"My workflow","executionId":"68","nodeType":"n8n-nodes-base.respondToWebhook","nodeName":"Respond to Webhook","nodeId":"4299c8c6-af2f-4b17-be27-4cb1faf7742f"}}
{"__type":"$$EventMessageConfirm","confirm":"6e711b7c-8173-4ba1-9839-e5dfe35c6b18","ts":"2026-04-05T13:37:05.500-04:00","source":{"id":"0","name":"eventBus"}}
{"__type":"$$EventMessageWorkflow","id":"b8dc81f6-282f-4157-92df-b2b5a43bd0a8","ts":"2026-04-05T13:37:05.500-04:00","eventName":"n8n.workflow.success","message":"n8n.workflow.success","payload":{"executionId":"68","success":true,"isManual":false,"mode":"webhook","workflowId":"YIYJI8ZkPUi59kQQ","workflowName":"My workflow"}}
{"__type":"$$EventMessageConfirm","confirm":"b8dc81f6-282f-4157-92df-b2b5a43bd0a8","ts":"2026-04-05T13:37:05.500-04:00","source":{"id":"0","name":"eventBus"}}
{"__type":"$$EventMessageWorkflow","id":"f18bf8e8-0664-44d6-9008-7ef397f35a39","ts":"2026-04-05T13:37:24.118-04:00","eventName":"n8n.workflow.started","message":"n8n.workflow.started","payload":{"executionId":"69","workflowId":"YIYJI8ZkPUi59kQQ","isManual":false,"mode":"webhook","workflowName":"My workflow"}}
{"__type":"$$EventMessageConfirm","confirm":"f18bf8e8-0664-44d6-9008-7ef397f35a39","ts":"2026-04-05T13:37:24.118-04:00","source":{"id":"0","name":"eventBus"}}
{"__type":"$$EventMessageAudit","id":"feb3be78-e584-4435-b00e-a9dc15cd6e0e","ts":"2026-04-05T13:37:24.118-04:00","eventName":"n8n.audit.workflow.executed","message":"n8n.audit.workflow.executed","payload":{"workflowId":"YIYJI8ZkPUi59kQQ","workflowName":"My workflow","executionId":"69","source":"webhook"}}
{"__type":"$$EventMessageConfirm","confirm":"feb3be78-e584-4435-b00e-a9dc15cd6e0e","ts":"2026-04-05T13:37:24.118-04:00","source":{"id":"0","name":"eventBus"}}
{"__type":"$$EventMessageNode","id":"4ff17b88-a167-4feb-afec-d95c217507fe","ts":"2026-04-05T13:37:24.118-04:00","eventName":"n8n.node.started","message":"n8n.node.started","payload":{"workflowId":"YIYJI8ZkPUi59kQQ","workflowName":"My workflow","executionId":"69","nodeType":"n8n-nodes-base.webhook","nodeName":"Webhook","nodeId":"209ba0bd-158f-46b3-92d3-3e67fbfaeb46"}}
{"__type":"$$EventMessageConfirm","confirm":"4ff17b88-a167-4feb-afec-d95c217507fe","ts":"2026-04-05T13:37:24.119-04:00","source":{"id":"0","name":"eventBus"}}
{"__type":"$$EventMessageNode","id":"60821d24-5ae9-474d-a797-b564f449bc6c","ts":"2026-04-05T13:37:24.119-04:00","eventName":"n8n.node.finished","message":"n8n.node.finished","payload":{"workflowId":"YIYJI8ZkPUi59kQQ","workflowName":"My workflow","executionId":"69","nodeType":"n8n-nodes-base.webhook","nodeName":"Webhook","nodeId":"209ba0bd-158f-46b3-92d3-3e67fbfaeb46"}}
{"__type":"$$EventMessageConfirm","confirm":"60821d24-5ae9-474d-a797-b564f449bc6c","ts":"2026-04-05T13:37:24.119-04:00","source":{"id":"0","name":"eventBus"}}
{"__type":"$$EventMessageNode","id":"0c0daea2-7c81-4502-9562-496d5167aa6a","ts":"2026-04-05T13:37:24.119-04:00","eventName":"n8n.node.started","message":"n8n.node.started","payload":{"workflowId":"YIYJI8ZkPUi59kQQ","workflowName":"My workflow","executionId":"69","nodeType":"@n8n/n8n-nodes-langchain.agent","nodeName":"AI Agent","nodeId":"9a07d0c0-fee7-4cf3-bf7c-e89cbd9d96c9"}}
{"__type":"$$EventMessageConfirm","confirm":"0c0daea2-7c81-4502-9562-496d5167aa6a","ts":"2026-04-05T13:37:24.119-04:00","source":{"id":"0","name":"eventBus"}}
{"__type":"$$EventMessageNode","id":"00e141f4-3dcd-455d-90a9-d11939657a7b","ts":"2026-04-05T13:37:24.151-04:00","eventName":"n8n.node.started","message":"n8n.node.started","payload":{"workflowId":"YIYJI8ZkPUi59kQQ","workflowName":"My workflow","executionId":"69","nodeType":"@n8n/n8n-nodes-langchain.memoryMongoDbChat","nodeName":"MongoDB Chat Memory","nodeId":"754b91b0-51fa-4134-b475-fabea68a7ceb"}}
{"__type":"$$EventMessageConfirm","confirm":"00e141f4-3dcd-455d-90a9-d11939657a7b","ts":"2026-04-05T13:37:24.151-04:00","source":{"id":"0","name":"eventBus"}}
{"__type":"$$EventMessageNode","id":"fc561275-f584-4aca-9ffa-40d55846efe4","ts":"2026-04-05T13:37:24.156-04:00","eventName":"n8n.node.finished","message":"n8n.node.finished","payload":{"workflowId":"YIYJI8ZkPUi59kQQ","workflowName":"My workflow","executionId":"69","nodeType":"@n8n/n8n-nodes-langchain.memoryMongoDbChat","nodeName":"MongoDB Chat Memory","nodeId":"754b91b0-51fa-4134-b475-fabea68a7ceb"}}
{"__type":"$$EventMessageConfirm","confirm":"fc561275-f584-4aca-9ffa-40d55846efe4","ts":"2026-04-05T13:37:24.156-04:00","source":{"id":"0","name":"eventBus"}}
{"__type":"$$EventMessageNode","id":"73cd83a8-ef3e-4f03-9f0c-b32a90590436","ts":"2026-04-05T13:37:24.181-04:00","eventName":"n8n.node.started","message":"n8n.node.started","payload":{"workflowId":"YIYJI8ZkPUi59kQQ","workflowName":"My workflow","executionId":"69","nodeType":"@n8n/n8n-nodes-langchain.lmChatMistralCloud","nodeName":"Mistral Cloud Chat Model","nodeId":"6706a3b2-63a3-45f7-ae3e-bb739a864c95"}}
{"__type":"$$EventMessageConfirm","confirm":"73cd83a8-ef3e-4f03-9f0c-b32a90590436","ts":"2026-04-05T13:37:24.181-04:00","source":{"id":"0","name":"eventBus"}}
{"__type":"$$EventMessageNode","id":"6ae89a46-b1f4-4bf3-a353-2835c89a52ae","ts":"2026-04-05T13:37:28.494-04:00","eventName":"n8n.node.finished","message":"n8n.node.finished","payload":{"workflowId":"YIYJI8ZkPUi59kQQ","workflowName":"My workflow","executionId":"69","nodeType":"@n8n/n8n-nodes-langchain.lmChatMistralCloud","nodeName":"Mistral Cloud Chat Model","nodeId":"6706a3b2-63a3-45f7-ae3e-bb739a864c95"}}
{"__type":"$$EventMessageConfirm","confirm":"6ae89a46-b1f4-4bf3-a353-2835c89a52ae","ts":"2026-04-05T13:37:28.494-04:00","source":{"id":"0","name":"eventBus"}}
{"__type":"$$EventMessageAiNode","id":"15630cff-56dc-453a-a53b-b41ab23d17a6","ts":"2026-04-05T13:37:28.495-04:00","eventName":"n8n.ai.llm.generated","message":"n8n.ai.llm.generated","payload":{"executionId":"69","nodeName":"Mistral Cloud Chat Model","workflowName":"My workflow","nodeType":"@n8n/n8n-nodes-langchain.lmChatMistralCloud","workflowId":"YIYJI8ZkPUi59kQQ","msg":"{\"messages\":[\"Human: Eres un asistente inteligente de ServiceDesk.\\n\\nTu función es ayudar a los usuarios a resolver problemas de TI.\\n\\nDispones de una herramienta llamada crear_ticket.\\n\\nReglas:\\n\\n- Si el usuario reporta un problema, debes usar la herramienta crear_ticket.\\n- Nunca generes JSON manualmente.\\n- No menciones que estás usando herramientas.\\n- Antes de usar crear_ticket, asegúrate de tener toda la información completa:\\n\\n  1. solicitante → se llena automáticamente con \\\"usuario de ia\\\".\\n  2. tipo_solicitud → solo \\\"Requerimiento\\\" o \\\"Incidente\\\". Si no está claro, pregúntalo al usuario.\\n  3. prioridad → \\\"Alta\\\", \\\"Normal\\\" o \\\"Baja\\\". Pregunta si no está claro.\\n  4. estado → por defecto \\\"Abierto\\\". Si el ticket ya tiene responsable, usa \\\"Asignado\\\". Si falta información, usa \\\"En espera\\\".\\n  5. modo → \\\"Chat\\\", \\\"Email\\\", \\\"Mobile App\\\", \\\"Phone Call\\\" o \\\"Web Form\\\". Pregunta si no está claro.\\n  6. sucursal → 9 posibilidades. Para ahora, usa \\\"Sucursal 1\\\" si no se indica.\\n  7. categoria / subcategoria / articulo → usar cualquier valor de relleno por ahora (\\\"Categoria X\\\", \\\"Subcategoria Y\\\", \\\"Articulo Z\\\").\\n  8. asunto → preguntar al usuario si no está claro.\\n  9. descripcion_html → genera un diseño bonito con estilo HTML. Ejemplo:\\n     <div style=\\\"font-family:Arial,sans-serif;color:#333;\\\">\\n       <p><strong>Reporte del usuario:</strong> El usuario reporta que </p>\\n     </div>\\n     donde  es lo que el usuario escribió.\\n\\n- Nunca envíes el ticket si falta algún dato obligatorio; primero pregunta al usuario lo que falta.\\n- Después de usar la herramienta, responde al usuario indicando el ID del ticket generado (campo \\\"ID-ITIL\\\").\\n- Si el usuario solo conversa, responde normalmente.\\n\\nUsuario dijo:\\nTengo un problema con mi micrófono\\nAI: Entiendo que tienes un problema con tu micrófono. Para ayudarte, necesito algunos detalles adicionales:\\n\\n1. **Tipo de solicitud**: ¿Es un incidente (algo que no funciona) o un requerimiento (algo que necesitas)?\\n2. **Prioridad**: ¿Consideras que es de prioridad alta, normal o baja?\\n3. **Modo de contacto**: ¿Cómo prefieres que te contactemos? (Chat, Email, Mobile App, Phone Call o Web Form).\\n4. **Asunto**: ¿Podrías resumir en una frase el problema? Por ejemplo: \\\"Micrófono no funciona\\\" o \\\"Problema con la conexión del micrófono\\\".\\n\\nCon esta información, podré crear el ticket correctamente.\\nHuman: Eres un asistente inteligente de ServiceDesk.\\n\\nTu función es ayudar a los usuarios a resolver problemas de TI.\\n\\nDispones de una herramienta llamada crear_ticket.\\n\\nReglas:\\n\\n- Si el usuario reporta un problema, debes usar la herramienta crear_ticket.\\n- Nunca generes JSON manualmente.\\n- No menciones que estás usando herramientas.\\n- Antes de usar crear_ticket, asegúrate de tener toda la información completa:\\n\\n  1. solicitante → se llena automáticamente con \\\"usuario de ia\\\".\\n  2. tipo_solicitud → solo \\\"Requerimiento\\\" o \\\"Incidente\\\". Si no está claro, pregúntalo al usuario.\\n  3. prioridad → \\\"Alta\\\", \\\"Normal\\\" o \\\"Baja\\\". Pregunta si no está claro.\\n  4. estado → por defecto \\\"Abierto\\\". Si el ticket ya tiene responsable, usa \\\"Asignado\\\". Si falta información, usa \\\"En espera\\\".\\n  5. modo → \\\"Chat\\\", \\\"Email\\\", \\\"Mobile App\\\", \\\"Phone Call\\\" o \\\"Web Form\\\". Pregunta si no está claro.\\n  6. sucursal → 9 posibilidades. Para ahora, usa \\\"Sucursal 1\\\" si no se indica.\\n  7. categoria / subcategoria / articulo → usar cualquier valor de relleno por ahora (\\\"Categoria X\\\", \\\"Subcategoria Y\\\", \\\"Articulo Z\\\").\\n  8. asunto → preguntar al usuario si no está claro.\\n  9. descripcion_html → genera un diseño bonito con estilo HTML. Ejemplo:\\n     <div style=\\\"font-family:Arial,sans-serif;color:#333;\\\">\\n       <p><strong>Reporte del usuario:</strong> El usuario reporta que </p>\\n     </div>\\n     donde  es lo que el usuario escribió.\\n\\n- Nunca envíes el ticket si falta algún dato obligatorio; primero pregunta al usuario lo que falta.\\n- Después de usar la herramienta, responde al usuario indicando el ID del ticket generado (campo \\\"ID-ITIL\\\").\\n- Si el usuario solo conversa, responde normalmente.\\n\\nUsuario dijo:\\nEs un incidente...\\nAI: Entendido. ¿Podrías indicarme lo siguiente para continuar con el ticket?\\n\\n1. **Prioridad**: ¿Consideras que es de prioridad alta, normal o baja?\\n2. **Modo de contacto**: ¿Cómo prefieres que te contactemos? (Chat, Email, Mobile App, Phone Call o Web Form).\\n3. **Asunto**: ¿Podrías resumir en una frase el problema? Por ejemplo: \\\"Micrófono no funciona\\\" o \\\"Problema con la conexión del micrófono\\\".\\n\\nCon estos datos, podré proceder.\\nHuman: Eres un asistente inteligente de ServiceDesk.\\n\\nTu función es ayudar a los usuarios a resolver problemas de TI.\\n\\nDispones de una herramienta llamada crear_ticket.\\n\\nReglas:\\n\\n- Si el usuario reporta un problema, debes usar la herramienta crear_ticket.\\n- Nunca generes JSON manualmente.\\n- No menciones que estás usando herramientas.\\n- Antes de usar crear_ticket, asegúrate de tener toda la información completa:\\n\\n  1. solicitante → se llena automáticamente con \\\"usuario de ia\\\".\\n  2. tipo_solicitud → solo \\\"Requerimiento\\\" o \\\"Incidente\\\". Si no está claro, pregúntalo al usuario.\\n  3. prioridad → \\\"Alta\\\", \\\"Normal\\\" o \\\"Baja\\\". Pregunta si no está claro.\\n  4. estado → por defecto \\\"Abierto\\\". Si el ticket ya tiene responsable, usa \\\"Asignado\\\". Si falta información, usa \\\"En espera\\\".\\n  5. modo → \\\"Chat\\\", \\\"Email\\\", \\\"Mobile App\\\", \\\"Phone Call\\\" o \\\"Web Form\\\". Pregunta si no está claro.\\n  6. sucursal → 9 posibilidades. Para ahora, usa \\\"Sucursal 1\\\" si no se indica.\\n  7. categoria / subcategoria / articulo → usar cualquier valor de relleno por ahora (\\\"Categoria X\\\", \\\"Subcategoria Y\\\", \\\"Articulo Z\\\").\\n  8. asunto → preguntar al usuario si no está claro.\\n  9. descripcion_html → genera un diseño bonito con estilo HTML. Ejemplo:\\n     <div style=\\\"font-family:Arial,sans-serif;color:#333;\\\">\\n       <p><strong>Reporte del usuario:</strong> El usuario reporta que </p>\\n     </div>\\n     donde  es lo que el usuario escribió.\\n\\n- Nunca envíes el ticket si falta algún dato obligatorio; primero pregunta al usuario lo que falta.\\n- Después de usar la herramienta, responde al usuario indicando el ID del ticket generado (campo \\\"ID-ITIL\\\").\\n- Si el usuario solo conversa, responde normalmente.\\n\\nUsuario dijo:\\nes de prioridad normal, quiero que vengan acá a mi sitio, estoy en san isidro. Diria que el asunto es \\\"problema con microfono\\\" vengan rápido porfavor.\\nAI: Calling crear_ticket with input: {\\\"solicitante\\\":\\\"usuario de ia\\\",\\\"tipo_solicitud\\\":\\\"Incidente\\\",\\\"prioridad\\\":\\\"Normal\\\",\\\"estado\\\":\\\"Abierto\\\",\\\"modo\\\":\\\"Chat\\\",\\\"sucursal\\\":\\\"Sucursal 1\\\",\\\"categoria\\\":\\\"Categoria X\\\",\\\"subcategoria\\\":\\\"Subcategoria Y\\\",\\\"articulo\\\":\\\"Articulo Z\\\",\\\"asunto\\\":\\\"Problema con micrófono\\\",\\\"descripcion_html\\\":\\\"<div style=\\\\\\\"font-family:Arial,sans-serif;color:#333;\\\\\\\">\\\\n  <p><strong>Reporte del usuario:</strong> El usuario reporta que tiene un problema con su micrófono y solicita asistencia en su ubicación en San Isidro. Prioridad normal.</p>\\\\n</div>\\\",\\\"id\\\":\\\"0LTNAHeF7\\\"}[{\\\"id\\\":\\\"0LTNAHeF7\\\",\\\"name\\\":\\\"crear_ticket\\\",\\\"args\\\":{\\\"solicitante\\\":\\\"usuario de ia\\\",\\\"tipo_solicitud\\\":\\\"Incidente\\\",\\\"prioridad\\\":\\\"Normal\\\",\\\"estado\\\":\\\"Abierto\\\",\\\"modo\\\":\\\"Chat\\\",\\\"sucursal\\\":\\\"Sucursal 1\\\",\\\"categoria\\\":\\\"Categoria X\\\",\\\"subcategoria\\\":\\\"Subcategoria Y\\\",\\\"articulo\\\":\\\"Articulo Z\\\",\\\"asunto\\\":\\\"Problema con micrófono\\\",\\\"descripcion_html\\\":\\\"<div style=\\\\\\\"font-family:Arial,sans-serif;color:#333;\\\\\\\">\\\\n  <p><strong>Reporte del usuario:</strong> El usuario reporta que tiene un problema con su micrófono y solicita asistencia en su ubicación en San Isidro. Prioridad normal.</p>\\\\n</div>\\\",\\\"id\\\":\\\"0LTNAHeF7\\\"},\\\"type\\\":\\\"tool_call\\\"}]\\nTool: crear_ticket, [{\\\"_id\\\":\\\"69d29b848212b0c3c94c32bf\\\",\\\"solicitante\\\":\\\"usuario de ia\\\",\\\"tipo_solicitud\\\":\\\"Incidente\\\",\\\"prioridad\\\":\\\"Normal\\\",\\\"estado\\\":\\\"Abierto\\\",\\\"modo\\\":\\\"Chat\\\",\\\"sucursal\\\":\\\"Sucursal 1\\\",\\\"categoria\\\":\\\"Categoria X\\\",\\\"subcategoria\\\":\\\"Subcategoria Y\\\",\\\"articulo\\\":\\\"Articulo Z\\\",\\\"asunto\\\":\\\"Problema con micrófono\\\",\\\"descripcion_html\\\":\\\"<div style=\\\\\\\"font-family:Arial,sans-serif;color:#333;\\\\\\\">\\\\n  <p><strong>Reporte del usuario:</strong> El usuario reporta que tiene un problema con su micrófono y solicita asistencia en su ubicación en San Isidro. Prioridad normal.</p>\\\\n</div>\\\",\\\"ID-ITIL\\\":\\\"INC-0000008\\\",\\\"resolucion\\\":null,\\\"fecha_creacion\\\":\\\"2026-04-05T17:27:32.946000\\\"}]\\nAI: Se ha creado un ticket para tu problema con el micrófono. El ID del ticket es **INC-0000008**. Pronto alguien del equipo técnico se pondrá en contacto contigo para asistirte en San Isidro. ¡Gracias por tu paciencia! 😊\\nHuman: Eres un asistente inteligente de ServiceDesk.\\n\\nTu función es ayudar a los usuarios a resolver problemas de TI.\\n\\nDispones de una herramienta llamada crear_ticket.\\n\\nReglas:\\n\\n- Si el usuario reporta un problema, debes usar la herramienta crear_ticket.\\n- Nunca generes JSON manualmente.\\n- No menciones que estás usando herramientas.\\n- Antes de usar crear_ticket, asegúrate de tener toda la información completa:\\n\\n1. solicitante → se llena automáticamente con \\\"usuario de ia\\\".\\n2. tipo_solicitud → solo \\\"Requerimiento\\\" o \\\"Incidente\\\". Si no está claro, usa \\\"Incidente\\\" por defecto; solo pregunta si es realmente ambiguo.\\n3. prioridad → \\\"Alta\\\", \\\"Normal\\\" o \\\"Baja\\\". Usa \\\"Normal\\\" por defecto; pregunta solo si el usuario lo especifica diferente.\\n4. estado → por defecto \\\"Abierto\\\". Si el ticket ya tiene responsable, usa \\\"Asignado\\\". Si falta información, usa \\\"En espera\\\".\\n5. modo → \\\"Chat\\\", \\\"Email\\\", \\\"Mobile App\\\", \\\"Phone Call\\\" o \\\"Web Form\\\". Asume \\\"Chat\\\" si no está claro.\\n6. sucursal → 9 posibilidades. Para ahora, usa \\\"Sucursal 1\\\" si no se indica.\\n7. categoria / subcategoria / articulo → usar cualquier valor de relleno por ahora (\\\"Categoria X\\\", \\\"Subcategoria Y\\\", \\\"Articulo Z\\\").\\n8. asunto → si el mensaje del usuario tiene sentido como resumen, úsalo; pregunta solo si no se puede deducir.\\n9. descripcion_html → genera un diseño bonito con estilo HTML. Ejemplo:\\n   <div style=\\\"font-family:Arial,sans-serif;color:#333;\\\">\\n     <p><strong>Reporte del usuario:</strong> El usuario reporta que </p>\\n   </div>\\n   donde  es lo que el usuario escribió.\\n\\n- Nunca envíes el ticket si falta algún dato obligatorio; primero pregunta al usuario lo que falta, pero evita repetir información ya deducida.\\n- Después de usar la herramienta, responde al usuario indicando el ID del ticket generado (campo \\\"ID-ITIL\\\").\\n- Si el usuario solo conversa, responde normalmente.\\n\\nUsuario dijo:\\nHola qué tal?\\nAI: ¡Hola! 😊 ¿En qué puedo ayudarte hoy?\\nHuman: Eres un asistente inteligente de ServiceDesk.\\n\\nTu función es ayudar a los usuarios a resolver problemas de TI.\\n\\nDispones de una herramienta llamada crear_ticket.\\n\\nReglas:\\n\\n- Si el usuario reporta un problema, debes usar la herramienta crear_ticket.\\n- Nunca generes JSON manualmente.\\n- No menciones que estás usando herramientas.\\n- Antes de usar crear_ticket, asegúrate de tener toda la información completa:\\n\\n1. solicitante → se llena automáticamente con \\\"usuario de ia\\\".\\n2. tipo_solicitud → solo \\\"Requerimiento\\\" o \\\"Incidente\\\". Si no está claro, usa \\\"Incidente\\\" por defecto; solo pregunta si es realmente ambiguo.\\n3. prioridad → \\\"Alta\\\", \\\"Normal\\\" o \\\"Baja\\\". Usa \\\"Normal\\\" por defecto; pregunta solo si el usuario lo especifica diferente.\\n4. estado → por defecto \\\"Abierto\\\". Si el ticket ya tiene responsable, usa \\\"Asignado\\\". Si falta información, usa \\\"En espera\\\".\\n5. modo → \\\"Chat\\\", \\\"Email\\\", \\\"Mobile App\\\", \\\"Phone Call\\\" o \\\"Web Form\\\". Asume \\\"Chat\\\" si no está claro.\\n6. sucursal → 9 posibilidades. Para ahora, usa \\\"Sucursal 1\\\" si no se indica.\\n7. categoria / subcategoria / articulo → usar cualquier valor de relleno por ahora (\\\"Categoria X\\\", \\\"Subcategoria Y\\\", \\\"Articulo Z\\\").\\n8. asunto → si el mensaje del usuario tiene sentido como resumen, úsalo; pregunta solo si no se puede deducir.\\n9. descripcion_html → genera un diseño bonito con estilo HTML. Ejemplo:\\n   <div style=\\\"font-family:Arial,sans-serif;color:#333;\\\">\\n     <p><strong>Reporte del usuario:</strong> El usuario reporta que </p>\\n   </div>\\n   donde  es lo que el usuario escribió.\\n\\n- Nunca envíes el ticket si falta algún dato obligatorio; primero pregunta al usuario lo que falta, pero evita repetir información ya deducida.\\n- Después de usar la herramienta, responde al usuario indicando el ID del ticket generado (campo \\\"ID-ITIL\\\").\\n- Si el usuario solo conversa, responde normalmente.\\n\\nUsuario dijo:\\nLo que pasa es que no tengo internet en mi laptop, sale un mundito, estoy escribiéndote desde mi celular.\"],\"options\":{\"mistral_api_key\":{\"lc\":1,\"type\":\"secret\",\"id\":[\"MISTRAL_API_KEY\"]},\"model\":\"devstral-latest\",\"http_client\":{\"options\":{},\"requestHooks\":[],\"requestErrorHooks\":[],\"responseHooks\":[]},\"metadata\":{\"versions\":{\"@langchain/core\":\"1.1.34\"}}},\"response\":{\"response\":{\"generations\":[[{\"text\":\"Entiendo que tienes un problema con la conexión a internet en tu laptop. Para ayudarte, necesito confirmar lo siguiente:\\n\\n1. **Prioridad**: ¿Consideras que este problema es de prioridad alta, normal o baja? (Por defecto, lo marcaré como \\\"Normal\\\").\\n2. **Asunto**: ¿Podrías confirmar si el asunto es \\\"Problema de conexión a internet en laptop\\\"?\\n\\nCon esto, podré proceder a crear el ticket.\",\"generationInfo\":{\"finishReason\":\"stop\"}}]]},\"tokenUsage\":{\"completionTokens\":100,\"promptTokens\":3330,\"totalTokens\":3430}}}"}}
{"__type":"$$EventMessageConfirm","confirm":"15630cff-56dc-453a-a53b-b41ab23d17a6","ts":"2026-04-05T13:37:28.495-04:00","source":{"id":"0","name":"eventBus"}}
{"__type":"$$EventMessageNode","id":"78a4ad6c-1fb9-4689-8f19-f171fa622167","ts":"2026-04-05T13:37:28.496-04:00","eventName":"n8n.node.started","message":"n8n.node.started","payload":{"workflowId":"YIYJI8ZkPUi59kQQ","workflowName":"My workflow","executionId":"69","nodeType":"@n8n/n8n-nodes-langchain.memoryMongoDbChat","nodeName":"MongoDB Chat Memory","nodeId":"754b91b0-51fa-4134-b475-fabea68a7ceb"}}
{"__type":"$$EventMessageConfirm","confirm":"78a4ad6c-1fb9-4689-8f19-f171fa622167","ts":"2026-04-05T13:37:28.496-04:00","source":{"id":"0","name":"eventBus"}}
{"__type":"$$EventMessageNode","id":"4ce054db-c2aa-4d6d-8b80-ac59c370b172","ts":"2026-04-05T13:37:28.542-04:00","eventName":"n8n.node.finished","message":"n8n.node.finished","payload":{"workflowId":"YIYJI8ZkPUi59kQQ","workflowName":"My workflow","executionId":"69","nodeType":"@n8n/n8n-nodes-langchain.memoryMongoDbChat","nodeName":"MongoDB Chat Memory","nodeId":"754b91b0-51fa-4134-b475-fabea68a7ceb"}}
{"__type":"$$EventMessageConfirm","confirm":"4ce054db-c2aa-4d6d-8b80-ac59c370b172","ts":"2026-04-05T13:37:28.542-04:00","source":{"id":"0","name":"eventBus"}}
{"__type":"$$EventMessageNode","id":"7e91de1c-2cbd-4362-9dd6-6b47f483d719","ts":"2026-04-05T13:37:28.545-04:00","eventName":"n8n.node.finished","message":"n8n.node.finished","payload":{"workflowId":"YIYJI8ZkPUi59kQQ","workflowName":"My workflow","executionId":"69","nodeType":"@n8n/n8n-nodes-langchain.agent","nodeName":"AI Agent","nodeId":"9a07d0c0-fee7-4cf3-bf7c-e89cbd9d96c9"}}
{"__type":"$$EventMessageConfirm","confirm":"7e91de1c-2cbd-4362-9dd6-6b47f483d719","ts":"2026-04-05T13:37:28.545-04:00","source":{"id":"0","name":"eventBus"}}
{"__type":"$$EventMessageNode","id":"15f663b2-417f-4896-a54f-4791c7ffa213","ts":"2026-04-05T13:37:28.545-04:00","eventName":"n8n.node.started","message":"n8n.node.started","payload":{"workflowId":"YIYJI8ZkPUi59kQQ","workflowName":"My workflow","executionId":"69","nodeType":"n8n-nodes-base.respondToWebhook","nodeName":"Respond to Webhook","nodeId":"4299c8c6-af2f-4b17-be27-4cb1faf7742f"}}
{"__type":"$$EventMessageConfirm","confirm":"15f663b2-417f-4896-a54f-4791c7ffa213","ts":"2026-04-05T13:37:28.545-04:00","source":{"id":"0","name":"eventBus"}}
{"__type":"$$EventMessageNode","id":"4481db83-e643-458e-adaa-9eb12bf60895","ts":"2026-04-05T13:37:28.548-04:00","eventName":"n8n.node.finished","message":"n8n.node.finished","payload":{"workflowId":"YIYJI8ZkPUi59kQQ","workflowName":"My workflow","executionId":"69","nodeType":"n8n-nodes-base.respondToWebhook","nodeName":"Respond to Webhook","nodeId":"4299c8c6-af2f-4b17-be27-4cb1faf7742f"}}
{"__type":"$$EventMessageConfirm","confirm":"4481db83-e643-458e-adaa-9eb12bf60895","ts":"2026-04-05T13:37:28.548-04:00","source":{"id":"0","name":"eventBus"}}
{"__type":"$$EventMessageWorkflow","id":"46c4f351-434e-4eef-868a-c37931f930b4","ts":"2026-04-05T13:37:28.549-04:00","eventName":"n8n.workflow.success","message":"n8n.workflow.success","payload":{"executionId":"69","success":true,"isManual":false,"mode":"webhook","workflowId":"YIYJI8ZkPUi59kQQ","workflowName":"My workflow"}}
{"__type":"$$EventMessageConfirm","confirm":"46c4f351-434e-4eef-868a-c37931f930b4","ts":"2026-04-05T13:37:28.549-04:00","source":{"id":"0","name":"eventBus"}}
{"__type":"$$EventMessageWorkflow","id":"9c6bd7b7-4432-4f3e-bd98-d73e8929b1c9","ts":"2026-04-05T13:37:42.355-04:00","eventName":"n8n.workflow.started","message":"n8n.workflow.started","payload":{"executionId":"70","workflowId":"YIYJI8ZkPUi59kQQ","isManual":false,"mode":"webhook","workflowName":"My workflow"}}
{"__type":"$$EventMessageConfirm","confirm":"9c6bd7b7-4432-4f3e-bd98-d73e8929b1c9","ts":"2026-04-05T13:37:42.355-04:00","source":{"id":"0","name":"eventBus"}}
{"__type":"$$EventMessageAudit","id":"6aa1577e-b426-4f94-ad05-92dc0a72c0d3","ts":"2026-04-05T13:37:42.355-04:00","eventName":"n8n.audit.workflow.executed","message":"n8n.audit.workflow.executed","payload":{"workflowId":"YIYJI8ZkPUi59kQQ","workflowName":"My workflow","executionId":"70","source":"webhook"}}
{"__type":"$$EventMessageConfirm","confirm":"6aa1577e-b426-4f94-ad05-92dc0a72c0d3","ts":"2026-04-05T13:37:42.355-04:00","source":{"id":"0","name":"eventBus"}}
{"__type":"$$EventMessageNode","id":"56fe598f-cfa9-4bf6-9a38-ece800cf5af0","ts":"2026-04-05T13:37:42.355-04:00","eventName":"n8n.node.started","message":"n8n.node.started","payload":{"workflowId":"YIYJI8ZkPUi59kQQ","workflowName":"My workflow","executionId":"70","nodeType":"n8n-nodes-base.webhook","nodeName":"Webhook","nodeId":"209ba0bd-158f-46b3-92d3-3e67fbfaeb46"}}
{"__type":"$$EventMessageConfirm","confirm":"56fe598f-cfa9-4bf6-9a38-ece800cf5af0","ts":"2026-04-05T13:37:42.355-04:00","source":{"id":"0","name":"eventBus"}}
{"__type":"$$EventMessageNode","id":"da2ccda9-1b5f-4a02-a894-8583ffe5e6b5","ts":"2026-04-05T13:37:42.355-04:00","eventName":"n8n.node.finished","message":"n8n.node.finished","payload":{"workflowId":"YIYJI8ZkPUi59kQQ","workflowName":"My workflow","executionId":"70","nodeType":"n8n-nodes-base.webhook","nodeName":"Webhook","nodeId":"209ba0bd-158f-46b3-92d3-3e67fbfaeb46"}}
{"__type":"$$EventMessageConfirm","confirm":"da2ccda9-1b5f-4a02-a894-8583ffe5e6b5","ts":"2026-04-05T13:37:42.355-04:00","source":{"id":"0","name":"eventBus"}}
{"__type":"$$EventMessageNode","id":"48d0aa8d-4f13-4578-8e89-f29ef2888283","ts":"2026-04-05T13:37:42.355-04:00","eventName":"n8n.node.started","message":"n8n.node.started","payload":{"workflowId":"YIYJI8ZkPUi59kQQ","workflowName":"My workflow","executionId":"70","nodeType":"@n8n/n8n-nodes-langchain.agent","nodeName":"AI Agent","nodeId":"9a07d0c0-fee7-4cf3-bf7c-e89cbd9d96c9"}}
{"__type":"$$EventMessageConfirm","confirm":"48d0aa8d-4f13-4578-8e89-f29ef2888283","ts":"2026-04-05T13:37:42.356-04:00","source":{"id":"0","name":"eventBus"}}
{"__type":"$$EventMessageNode","id":"1fe3ed8d-849f-4ff0-8c9d-18bfc5dd591d","ts":"2026-04-05T13:37:42.399-04:00","eventName":"n8n.node.started","message":"n8n.node.started","payload":{"workflowId":"YIYJI8ZkPUi59kQQ","workflowName":"My workflow","executionId":"70","nodeType":"@n8n/n8n-nodes-langchain.memoryMongoDbChat","nodeName":"MongoDB Chat Memory","nodeId":"754b91b0-51fa-4134-b475-fabea68a7ceb"}}
{"__type":"$$EventMessageConfirm","confirm":"1fe3ed8d-849f-4ff0-8c9d-18bfc5dd591d","ts":"2026-04-05T13:37:42.399-04:00","source":{"id":"0","name":"eventBus"}}
{"__type":"$$EventMessageNode","id":"2e46c323-68bc-4a84-b807-53594788a3db","ts":"2026-04-05T13:37:42.406-04:00","eventName":"n8n.node.finished","message":"n8n.node.finished","payload":{"workflowId":"YIYJI8ZkPUi59kQQ","workflowName":"My workflow","executionId":"70","nodeType":"@n8n/n8n-nodes-langchain.memoryMongoDbChat","nodeName":"MongoDB Chat Memory","nodeId":"754b91b0-51fa-4134-b475-fabea68a7ceb"}}
{"__type":"$$EventMessageConfirm","confirm":"2e46c323-68bc-4a84-b807-53594788a3db","ts":"2026-04-05T13:37:42.406-04:00","source":{"id":"0","name":"eventBus"}}
{"__type":"$$EventMessageNode","id":"aff6fadd-db3a-4ed3-b5a4-238823a92d0d","ts":"2026-04-05T13:37:42.436-04:00","eventName":"n8n.node.started","message":"n8n.node.started","payload":{"workflowId":"YIYJI8ZkPUi59kQQ","workflowName":"My workflow","executionId":"70","nodeType":"@n8n/n8n-nodes-langchain.lmChatMistralCloud","nodeName":"Mistral Cloud Chat Model","nodeId":"6706a3b2-63a3-45f7-ae3e-bb739a864c95"}}
{"__type":"$$EventMessageConfirm","confirm":"aff6fadd-db3a-4ed3-b5a4-238823a92d0d","ts":"2026-04-05T13:37:42.437-04:00","source":{"id":"0","name":"eventBus"}}
{"__type":"$$EventMessageNode","id":"126d397c-e22a-4c9a-9faa-56c8269a0031","ts":"2026-04-05T13:37:43.790-04:00","eventName":"n8n.node.finished","message":"n8n.node.finished","payload":{"workflowId":"YIYJI8ZkPUi59kQQ","workflowName":"My workflow","executionId":"70","nodeType":"@n8n/n8n-nodes-langchain.lmChatMistralCloud","nodeName":"Mistral Cloud Chat Model","nodeId":"6706a3b2-63a3-45f7-ae3e-bb739a864c95"}}
{"__type":"$$EventMessageConfirm","confirm":"126d397c-e22a-4c9a-9faa-56c8269a0031","ts":"2026-04-05T13:37:43.790-04:00","source":{"id":"0","name":"eventBus"}}
{"__type":"$$EventMessageAiNode","id":"50bef9d7-06da-499a-8675-557b2e938063","ts":"2026-04-05T13:37:43.791-04:00","eventName":"n8n.ai.llm.generated","message":"n8n.ai.llm.generated","payload":{"executionId":"70","nodeName":"Mistral Cloud Chat Model","workflowName":"My workflow","nodeType":"@n8n/n8n-nodes-langchain.lmChatMistralCloud","workflowId":"YIYJI8ZkPUi59kQQ","msg":"{\"messages\":[\"Human: Eres un asistente inteligente de ServiceDesk.\\n\\nTu función es ayudar a los usuarios a resolver problemas de TI.\\n\\nDispones de una herramienta llamada crear_ticket.\\n\\nReglas:\\n\\n- Si el usuario reporta un problema, debes usar la herramienta crear_ticket.\\n- Nunca generes JSON manualmente.\\n- No menciones que estás usando herramientas.\\n- Antes de usar crear_ticket, asegúrate de tener toda la información completa:\\n\\n  1. solicitante → se llena automáticamente con \\\"usuario de ia\\\".\\n  2. tipo_solicitud → solo \\\"Requerimiento\\\" o \\\"Incidente\\\". Si no está claro, pregúntalo al usuario.\\n  3. prioridad → \\\"Alta\\\", \\\"Normal\\\" o \\\"Baja\\\". Pregunta si no está claro.\\n  4. estado → por defecto \\\"Abierto\\\". Si el ticket ya tiene responsable, usa \\\"Asignado\\\". Si falta información, usa \\\"En espera\\\".\\n  5. modo → \\\"Chat\\\", \\\"Email\\\", \\\"Mobile App\\\", \\\"Phone Call\\\" o \\\"Web Form\\\". Pregunta si no está claro.\\n  6. sucursal → 9 posibilidades. Para ahora, usa \\\"Sucursal 1\\\" si no se indica.\\n  7. categoria / subcategoria / articulo → usar cualquier valor de relleno por ahora (\\\"Categoria X\\\", \\\"Subcategoria Y\\\", \\\"Articulo Z\\\").\\n  8. asunto → preguntar al usuario si no está claro.\\n  9. descripcion_html → genera un diseño bonito con estilo HTML. Ejemplo:\\n     <div style=\\\"font-family:Arial,sans-serif;color:#333;\\\">\\n       <p><strong>Reporte del usuario:</strong> El usuario reporta que </p>\\n     </div>\\n     donde  es lo que el usuario escribió.\\n\\n- Nunca envíes el ticket si falta algún dato obligatorio; primero pregunta al usuario lo que falta.\\n- Después de usar la herramienta, responde al usuario indicando el ID del ticket generado (campo \\\"ID-ITIL\\\").\\n- Si el usuario solo conversa, responde normalmente.\\n\\nUsuario dijo:\\nEs un incidente...\\nAI: Entendido. ¿Podrías indicarme lo siguiente para continuar con el ticket?\\n\\n1. **Prioridad**: ¿Consideras que es de prioridad alta, normal o baja?\\n2. **Modo de contacto**: ¿Cómo prefieres que te contactemos? (Chat, Email, Mobile App, Phone Call o Web Form).\\n3. **Asunto**: ¿Podrías resumir en una frase el problema? Por ejemplo: \\\"Micrófono no funciona\\\" o \\\"Problema con la conexión del micrófono\\\".\\n\\nCon estos datos, podré proceder.\\nHuman: Eres un asistente inteligente de ServiceDesk.\\n\\nTu función es ayudar a los usuarios a resolver problemas de TI.\\n\\nDispones de una herramienta llamada crear_ticket.\\n\\nReglas:\\n\\n- Si el usuario reporta un problema, debes usar la herramienta crear_ticket.\\n- Nunca generes JSON manualmente.\\n- No menciones que estás usando herramientas.\\n- Antes de usar crear_ticket, asegúrate de tener toda la información completa:\\n\\n  1. solicitante → se llena automáticamente con \\\"usuario de ia\\\".\\n  2. tipo_solicitud → solo \\\"Requerimiento\\\" o \\\"Incidente\\\". Si no está claro, pregúntalo al usuario.\\n  3. prioridad → \\\"Alta\\\", \\\"Normal\\\" o \\\"Baja\\\". Pregunta si no está claro.\\n  4. estado → por defecto \\\"Abierto\\\". Si el ticket ya tiene responsable, usa \\\"Asignado\\\". Si falta información, usa \\\"En espera\\\".\\n  5. modo → \\\"Chat\\\", \\\"Email\\\", \\\"Mobile App\\\", \\\"Phone Call\\\" o \\\"Web Form\\\". Pregunta si no está claro.\\n  6. sucursal → 9 posibilidades. Para ahora, usa \\\"Sucursal 1\\\" si no se indica.\\n  7. categoria / subcategoria / articulo → usar cualquier valor de relleno por ahora (\\\"Categoria X\\\", \\\"Subcategoria Y\\\", \\\"Articulo Z\\\").\\n  8. asunto → preguntar al usuario si no está claro.\\n  9. descripcion_html → genera un diseño bonito con estilo HTML. Ejemplo:\\n     <div style=\\\"font-family:Arial,sans-serif;color:#333;\\\">\\n       <p><strong>Reporte del usuario:</strong> El usuario reporta que </p>\\n     </div>\\n     donde  es lo que el usuario escribió.\\n\\n- Nunca envíes el ticket si falta algún dato obligatorio; primero pregunta al usuario lo que falta.\\n- Después de usar la herramienta, responde al usuario indicando el ID del ticket generado (campo \\\"ID-ITIL\\\").\\n- Si el usuario solo conversa, responde normalmente.\\n\\nUsuario dijo:\\nes de prioridad normal, quiero que vengan acá a mi sitio, estoy en san isidro. Diria que el asunto es \\\"problema con microfono\\\" vengan rápido porfavor.\\nAI: Calling crear_ticket with input: {\\\"solicitante\\\":\\\"usuario de ia\\\",\\\"tipo_solicitud\\\":\\\"Incidente\\\",\\\"prioridad\\\":\\\"Normal\\\",\\\"estado\\\":\\\"Abierto\\\",\\\"modo\\\":\\\"Chat\\\",\\\"sucursal\\\":\\\"Sucursal 1\\\",\\\"categoria\\\":\\\"Categoria X\\\",\\\"subcategoria\\\":\\\"Subcategoria Y\\\",\\\"articulo\\\":\\\"Articulo Z\\\",\\\"asunto\\\":\\\"Problema con micrófono\\\",\\\"descripcion_html\\\":\\\"<div style=\\\\\\\"font-family:Arial,sans-serif;color:#333;\\\\\\\">\\\\n  <p><strong>Reporte del usuario:</strong> El usuario reporta que tiene un problema con su micrófono y solicita asistencia en su ubicación en San Isidro. Prioridad normal.</p>\\\\n</div>\\\",\\\"id\\\":\\\"0LTNAHeF7\\\"}[{\\\"id\\\":\\\"0LTNAHeF7\\\",\\\"name\\\":\\\"crear_ticket\\\",\\\"args\\\":{\\\"solicitante\\\":\\\"usuario de ia\\\",\\\"tipo_solicitud\\\":\\\"Incidente\\\",\\\"prioridad\\\":\\\"Normal\\\",\\\"estado\\\":\\\"Abierto\\\",\\\"modo\\\":\\\"Chat\\\",\\\"sucursal\\\":\\\"Sucursal 1\\\",\\\"categoria\\\":\\\"Categoria X\\\",\\\"subcategoria\\\":\\\"Subcategoria Y\\\",\\\"articulo\\\":\\\"Articulo Z\\\",\\\"asunto\\\":\\\"Problema con micrófono\\\",\\\"descripcion_html\\\":\\\"<div style=\\\\\\\"font-family:Arial,sans-serif;color:#333;\\\\\\\">\\\\n  <p><strong>Reporte del usuario:</strong> El usuario reporta que tiene un problema con su micrófono y solicita asistencia en su ubicación en San Isidro. Prioridad normal.</p>\\\\n</div>\\\",\\\"id\\\":\\\"0LTNAHeF7\\\"},\\\"type\\\":\\\"tool_call\\\"}]\\nTool: crear_ticket, [{\\\"_id\\\":\\\"69d29b848212b0c3c94c32bf\\\",\\\"solicitante\\\":\\\"usuario de ia\\\",\\\"tipo_solicitud\\\":\\\"Incidente\\\",\\\"prioridad\\\":\\\"Normal\\\",\\\"estado\\\":\\\"Abierto\\\",\\\"modo\\\":\\\"Chat\\\",\\\"sucursal\\\":\\\"Sucursal 1\\\",\\\"categoria\\\":\\\"Categoria X\\\",\\\"subcategoria\\\":\\\"Subcategoria Y\\\",\\\"articulo\\\":\\\"Articulo Z\\\",\\\"asunto\\\":\\\"Problema con micrófono\\\",\\\"descripcion_html\\\":\\\"<div style=\\\\\\\"font-family:Arial,sans-serif;color:#333;\\\\\\\">\\\\n  <p><strong>Reporte del usuario:</strong> El usuario reporta que tiene un problema con su micrófono y solicita asistencia en su ubicación en San Isidro. Prioridad normal.</p>\\\\n</div>\\\",\\\"ID-ITIL\\\":\\\"INC-0000008\\\",\\\"resolucion\\\":null,\\\"fecha_creacion\\\":\\\"2026-04-05T17:27:32.946000\\\"}]\\nAI: Se ha creado un ticket para tu problema con el micrófono. El ID del ticket es **INC-0000008**. Pronto alguien del equipo técnico se pondrá en contacto contigo para asistirte en San Isidro. ¡Gracias por tu paciencia! 😊\\nHuman: Eres un asistente inteligente de ServiceDesk.\\n\\nTu función es ayudar a los usuarios a resolver problemas de TI.\\n\\nDispones de una herramienta llamada crear_ticket.\\n\\nReglas:\\n\\n- Si el usuario reporta un problema, debes usar la herramienta crear_ticket.\\n- Nunca generes JSON manualmente.\\n- No menciones que estás usando herramientas.\\n- Antes de usar crear_ticket, asegúrate de tener toda la información completa:\\n\\n1. solicitante → se llena automáticamente con \\\"usuario de ia\\\".\\n2. tipo_solicitud → solo \\\"Requerimiento\\\" o \\\"Incidente\\\". Si no está claro, usa \\\"Incidente\\\" por defecto; solo pregunta si es realmente ambiguo.\\n3. prioridad → \\\"Alta\\\", \\\"Normal\\\" o \\\"Baja\\\". Usa \\\"Normal\\\" por defecto; pregunta solo si el usuario lo especifica diferente.\\n4. estado → por defecto \\\"Abierto\\\". Si el ticket ya tiene responsable, usa \\\"Asignado\\\". Si falta información, usa \\\"En espera\\\".\\n5. modo → \\\"Chat\\\", \\\"Email\\\", \\\"Mobile App\\\", \\\"Phone Call\\\" o \\\"Web Form\\\". Asume \\\"Chat\\\" si no está claro.\\n6. sucursal → 9 posibilidades. Para ahora, usa \\\"Sucursal 1\\\" si no se indica.\\n7. categoria / subcategoria / articulo → usar cualquier valor de relleno por ahora (\\\"Categoria X\\\", \\\"Subcategoria Y\\\", \\\"Articulo Z\\\").\\n8. asunto → si el mensaje del usuario tiene sentido como resumen, úsalo; pregunta solo si no se puede deducir.\\n9. descripcion_html → genera un diseño bonito con estilo HTML. Ejemplo:\\n   <div style=\\\"font-family:Arial,sans-serif;color:#333;\\\">\\n     <p><strong>Reporte del usuario:</strong> El usuario reporta que </p>\\n   </div>\\n   donde  es lo que el usuario escribió.\\n\\n- Nunca envíes el ticket si falta algún dato obligatorio; primero pregunta al usuario lo que falta, pero evita repetir información ya deducida.\\n- Después de usar la herramienta, responde al usuario indicando el ID del ticket generado (campo \\\"ID-ITIL\\\").\\n- Si el usuario solo conversa, responde normalmente.\\n\\nUsuario dijo:\\nHola qué tal?\\nAI: ¡Hola! 😊 ¿En qué puedo ayudarte hoy?\\nHuman: Eres un asistente inteligente de ServiceDesk.\\n\\nTu función es ayudar a los usuarios a resolver problemas de TI.\\n\\nDispones de una herramienta llamada crear_ticket.\\n\\nReglas:\\n\\n- Si el usuario reporta un problema, debes usar la herramienta crear_ticket.\\n- Nunca generes JSON manualmente.\\n- No menciones que estás usando herramientas.\\n- Antes de usar crear_ticket, asegúrate de tener toda la información completa:\\n\\n1. solicitante → se llena automáticamente con \\\"usuario de ia\\\".\\n2. tipo_solicitud → solo \\\"Requerimiento\\\" o \\\"Incidente\\\". Si no está claro, usa \\\"Incidente\\\" por defecto; solo pregunta si es realmente ambiguo.\\n3. prioridad → \\\"Alta\\\", \\\"Normal\\\" o \\\"Baja\\\". Usa \\\"Normal\\\" por defecto; pregunta solo si el usuario lo especifica diferente.\\n4. estado → por defecto \\\"Abierto\\\". Si el ticket ya tiene responsable, usa \\\"Asignado\\\". Si falta información, usa \\\"En espera\\\".\\n5. modo → \\\"Chat\\\", \\\"Email\\\", \\\"Mobile App\\\", \\\"Phone Call\\\" o \\\"Web Form\\\". Asume \\\"Chat\\\" si no está claro.\\n6. sucursal → 9 posibilidades. Para ahora, usa \\\"Sucursal 1\\\" si no se indica.\\n7. categoria / subcategoria / articulo → usar cualquier valor de relleno por ahora (\\\"Categoria X\\\", \\\"Subcategoria Y\\\", \\\"Articulo Z\\\").\\n8. asunto → si el mensaje del usuario tiene sentido como resumen, úsalo; pregunta solo si no se puede deducir.\\n9. descripcion_html → genera un diseño bonito con estilo HTML. Ejemplo:\\n   <div style=\\\"font-family:Arial,sans-serif;color:#333;\\\">\\n     <p><strong>Reporte del usuario:</strong> El usuario reporta que </p>\\n   </div>\\n   donde  es lo que el usuario escribió.\\n\\n- Nunca envíes el ticket si falta algún dato obligatorio; primero pregunta al usuario lo que falta, pero evita repetir información ya deducida.\\n- Después de usar la herramienta, responde al usuario indicando el ID del ticket generado (campo \\\"ID-ITIL\\\").\\n- Si el usuario solo conversa, responde normalmente.\\n\\nUsuario dijo:\\nLo que pasa es que no tengo internet en mi laptop, sale un mundito, estoy escribiéndote desde mi celular.\\nAI: Entiendo que tienes un problema con la conexión a internet en tu laptop. Para ayudarte, necesito confirmar lo siguiente:\\n\\n1. **Prioridad**: ¿Consideras que este problema es de prioridad alta, normal o baja? (Por defecto, lo marcaré como \\\"Normal\\\").\\n2. **Asunto**: ¿Podrías confirmar si el asunto es \\\"Problema de conexión a internet en laptop\\\"?\\n\\nCon esto, podré proceder a crear el ticket.\\nHuman: Eres un asistente inteligente de ServiceDesk.\\n\\nTu función es ayudar a los usuarios a resolver problemas de TI.\\n\\nDispones de una herramienta llamada crear_ticket.\\n\\nReglas:\\n\\n- Si el usuario reporta un problema, debes usar la herramienta crear_ticket.\\n- Nunca generes JSON manualmente.\\n- No menciones que estás usando herramientas.\\n- Antes de usar crear_ticket, asegúrate de tener toda la información completa:\\n\\n1. solicitante → se llena automáticamente con \\\"usuario de ia\\\".\\n2. tipo_solicitud → solo \\\"Requerimiento\\\" o \\\"Incidente\\\". Si no está claro, usa \\\"Incidente\\\" por defecto; solo pregunta si es realmente ambiguo.\\n3. prioridad → \\\"Alta\\\", \\\"Normal\\\" o \\\"Baja\\\". Usa \\\"Normal\\\" por defecto; pregunta solo si el usuario lo especifica diferente.\\n4. estado → por defecto \\\"Abierto\\\". Si el ticket ya tiene responsable, usa \\\"Asignado\\\". Si falta información, usa \\\"En espera\\\".\\n5. modo → \\\"Chat\\\", \\\"Email\\\", \\\"Mobile App\\\", \\\"Phone Call\\\" o \\\"Web Form\\\". Asume \\\"Chat\\\" si no está claro.\\n6. sucursal → 9 posibilidades. Para ahora, usa \\\"Sucursal 1\\\" si no se indica.\\n7. categoria / subcategoria / articulo → usar cualquier valor de relleno por ahora (\\\"Categoria X\\\", \\\"Subcategoria Y\\\", \\\"Articulo Z\\\").\\n8. asunto → si el mensaje del usuario tiene sentido como resumen, úsalo; pregunta solo si no se puede deducir.\\n9. descripcion_html → genera un diseño bonito con estilo HTML. Ejemplo:\\n   <div style=\\\"font-family:Arial,sans-serif;color:#333;\\\">\\n     <p><strong>Reporte del usuario:</strong> El usuario reporta que </p>\\n   </div>\\n   donde  es lo que el usuario escribió.\\n\\n- Nunca envíes el ticket si falta algún dato obligatorio; primero pregunta al usuario lo que falta, pero evita repetir información ya deducida.\\n- Después de usar la herramienta, responde al usuario indicando el ID del ticket generado (campo \\\"ID-ITIL\\\").\\n- Si el usuario solo conversa, responde normalmente.\\n\\nUsuario dijo:\\nSí, está bien\"],\"options\":{\"mistral_api_key\":{\"lc\":1,\"type\":\"secret\",\"id\":[\"MISTRAL_API_KEY\"]},\"model\":\"devstral-latest\",\"http_client\":{\"options\":{},\"requestHooks\":[],\"requestErrorHooks\":[],\"responseHooks\":[]},\"metadata\":{\"versions\":{\"@langchain/core\":\"1.1.34\"}}},\"response\":{\"response\":{\"generations\":[[{\"text\":\"\",\"generationInfo\":{\"finishReason\":\"tool_calls\"}}]]},\"tokenUsage\":{\"completionTokens\":180,\"promptTokens\":3302,\"totalTokens\":3482}}}"}}
{"__type":"$$EventMessageConfirm","confirm":"50bef9d7-06da-499a-8675-557b2e938063","ts":"2026-04-05T13:37:43.791-04:00","source":{"id":"0","name":"eventBus"}}
{"__type":"$$EventMessageNode","id":"28255bb6-a5d4-4df9-b1fc-d5d4c104843d","ts":"2026-04-05T13:37:43.792-04:00","eventName":"n8n.node.started","message":"n8n.node.started","payload":{"workflowId":"YIYJI8ZkPUi59kQQ","workflowName":"My workflow","executionId":"70","nodeType":"n8n-nodes-base.httpRequestTool","nodeName":"crear_ticket","nodeId":"d652dc57-d83b-43ef-b214-991d6c64acd0"}}
{"__type":"$$EventMessageConfirm","confirm":"28255bb6-a5d4-4df9-b1fc-d5d4c104843d","ts":"2026-04-05T13:37:43.792-04:00","source":{"id":"0","name":"eventBus"}}
{"__type":"$$EventMessageNode","id":"a4f70470-9e92-4433-a27d-7188314785d1","ts":"2026-04-05T13:37:43.828-04:00","eventName":"n8n.node.finished","message":"n8n.node.finished","payload":{"workflowId":"YIYJI8ZkPUi59kQQ","workflowName":"My workflow","executionId":"70","nodeType":"n8n-nodes-base.httpRequestTool","nodeName":"crear_ticket","nodeId":"d652dc57-d83b-43ef-b214-991d6c64acd0"}}
{"__type":"$$EventMessageConfirm","confirm":"a4f70470-9e92-4433-a27d-7188314785d1","ts":"2026-04-05T13:37:43.828-04:00","source":{"id":"0","name":"eventBus"}}
{"__type":"$$EventMessageNode","id":"927fa30f-d345-436b-976c-544ece53471b","ts":"2026-04-05T13:37:43.869-04:00","eventName":"n8n.node.started","message":"n8n.node.started","payload":{"workflowId":"YIYJI8ZkPUi59kQQ","workflowName":"My workflow","executionId":"70","nodeType":"@n8n/n8n-nodes-langchain.memoryMongoDbChat","nodeName":"MongoDB Chat Memory","nodeId":"754b91b0-51fa-4134-b475-fabea68a7ceb"}}
{"__type":"$$EventMessageConfirm","confirm":"927fa30f-d345-436b-976c-544ece53471b","ts":"2026-04-05T13:37:43.869-04:00","source":{"id":"0","name":"eventBus"}}
{"__type":"$$EventMessageNode","id":"42548b6e-5b7c-4eb8-b5eb-24cd75df151d","ts":"2026-04-05T13:37:43.873-04:00","eventName":"n8n.node.finished","message":"n8n.node.finished","payload":{"workflowId":"YIYJI8ZkPUi59kQQ","workflowName":"My workflow","executionId":"70","nodeType":"@n8n/n8n-nodes-langchain.memoryMongoDbChat","nodeName":"MongoDB Chat Memory","nodeId":"754b91b0-51fa-4134-b475-fabea68a7ceb"}}
{"__type":"$$EventMessageConfirm","confirm":"42548b6e-5b7c-4eb8-b5eb-24cd75df151d","ts":"2026-04-05T13:37:43.873-04:00","source":{"id":"0","name":"eventBus"}}
{"__type":"$$EventMessageNode","id":"b1275ce8-1add-4bbf-b875-5afdbe554388","ts":"2026-04-05T13:37:43.903-04:00","eventName":"n8n.node.started","message":"n8n.node.started","payload":{"workflowId":"YIYJI8ZkPUi59kQQ","workflowName":"My workflow","executionId":"70","nodeType":"@n8n/n8n-nodes-langchain.lmChatMistralCloud","nodeName":"Mistral Cloud Chat Model","nodeId":"6706a3b2-63a3-45f7-ae3e-bb739a864c95"}}
{"__type":"$$EventMessageConfirm","confirm":"b1275ce8-1add-4bbf-b875-5afdbe554388","ts":"2026-04-05T13:37:43.904-04:00","source":{"id":"0","name":"eventBus"}}
{"__type":"$$EventMessageNode","id":"1e9b5e26-5bef-4fba-873d-dd11480e6ac9","ts":"2026-04-05T13:37:45.219-04:00","eventName":"n8n.node.finished","message":"n8n.node.finished","payload":{"workflowId":"YIYJI8ZkPUi59kQQ","workflowName":"My workflow","executionId":"70","nodeType":"@n8n/n8n-nodes-langchain.lmChatMistralCloud","nodeName":"Mistral Cloud Chat Model","nodeId":"6706a3b2-63a3-45f7-ae3e-bb739a864c95"}}
{"__type":"$$EventMessageConfirm","confirm":"1e9b5e26-5bef-4fba-873d-dd11480e6ac9","ts":"2026-04-05T13:37:45.219-04:00","source":{"id":"0","name":"eventBus"}}
{"__type":"$$EventMessageAiNode","id":"4b295233-7f9c-4313-8b9e-4d766075f191","ts":"2026-04-05T13:37:45.219-04:00","eventName":"n8n.ai.llm.generated","message":"n8n.ai.llm.generated","payload":{"executionId":"70","nodeName":"Mistral Cloud Chat Model","workflowName":"My workflow","nodeType":"@n8n/n8n-nodes-langchain.lmChatMistralCloud","workflowId":"YIYJI8ZkPUi59kQQ","msg":"{\"messages\":[\"Human: Eres un asistente inteligente de ServiceDesk.\\n\\nTu función es ayudar a los usuarios a resolver problemas de TI.\\n\\nDispones de una herramienta llamada crear_ticket.\\n\\nReglas:\\n\\n- Si el usuario reporta un problema, debes usar la herramienta crear_ticket.\\n- Nunca generes JSON manualmente.\\n- No menciones que estás usando herramientas.\\n- Antes de usar crear_ticket, asegúrate de tener toda la información completa:\\n\\n  1. solicitante → se llena automáticamente con \\\"usuario de ia\\\".\\n  2. tipo_solicitud → solo \\\"Requerimiento\\\" o \\\"Incidente\\\". Si no está claro, pregúntalo al usuario.\\n  3. prioridad → \\\"Alta\\\", \\\"Normal\\\" o \\\"Baja\\\". Pregunta si no está claro.\\n  4. estado → por defecto \\\"Abierto\\\". Si el ticket ya tiene responsable, usa \\\"Asignado\\\". Si falta información, usa \\\"En espera\\\".\\n  5. modo → \\\"Chat\\\", \\\"Email\\\", \\\"Mobile App\\\", \\\"Phone Call\\\" o \\\"Web Form\\\". Pregunta si no está claro.\\n  6. sucursal → 9 posibilidades. Para ahora, usa \\\"Sucursal 1\\\" si no se indica.\\n  7. categoria / subcategoria / articulo → usar cualquier valor de relleno por ahora (\\\"Categoria X\\\", \\\"Subcategoria Y\\\", \\\"Articulo Z\\\").\\n  8. asunto → preguntar al usuario si no está claro.\\n  9. descripcion_html → genera un diseño bonito con estilo HTML. Ejemplo:\\n     <div style=\\\"font-family:Arial,sans-serif;color:#333;\\\">\\n       <p><strong>Reporte del usuario:</strong> El usuario reporta que </p>\\n     </div>\\n     donde  es lo que el usuario escribió.\\n\\n- Nunca envíes el ticket si falta algún dato obligatorio; primero pregunta al usuario lo que falta.\\n- Después de usar la herramienta, responde al usuario indicando el ID del ticket generado (campo \\\"ID-ITIL\\\").\\n- Si el usuario solo conversa, responde normalmente.\\n\\nUsuario dijo:\\nEs un incidente...\\nAI: Entendido. ¿Podrías indicarme lo siguiente para continuar con el ticket?\\n\\n1. **Prioridad**: ¿Consideras que es de prioridad alta, normal o baja?\\n2. **Modo de contacto**: ¿Cómo prefieres que te contactemos? (Chat, Email, Mobile App, Phone Call o Web Form).\\n3. **Asunto**: ¿Podrías resumir en una frase el problema? Por ejemplo: \\\"Micrófono no funciona\\\" o \\\"Problema con la conexión del micrófono\\\".\\n\\nCon estos datos, podré proceder.\\nHuman: Eres un asistente inteligente de ServiceDesk.\\n\\nTu función es ayudar a los usuarios a resolver problemas de TI.\\n\\nDispones de una herramienta llamada crear_ticket.\\n\\nReglas:\\n\\n- Si el usuario reporta un problema, debes usar la herramienta crear_ticket.\\n- Nunca generes JSON manualmente.\\n- No menciones que estás usando herramientas.\\n- Antes de usar crear_ticket, asegúrate de tener toda la información completa:\\n\\n  1. solicitante → se llena automáticamente con \\\"usuario de ia\\\".\\n  2. tipo_solicitud → solo \\\"Requerimiento\\\" o \\\"Incidente\\\". Si no está claro, pregúntalo al usuario.\\n  3. prioridad → \\\"Alta\\\", \\\"Normal\\\" o \\\"Baja\\\". Pregunta si no está claro.\\n  4. estado → por defecto \\\"Abierto\\\". Si el ticket ya tiene responsable, usa \\\"Asignado\\\". Si falta información, usa \\\"En espera\\\".\\n  5. modo → \\\"Chat\\\", \\\"Email\\\", \\\"Mobile App\\\", \\\"Phone Call\\\" o \\\"Web Form\\\". Pregunta si no está claro.\\n  6. sucursal → 9 posibilidades. Para ahora, usa \\\"Sucursal 1\\\" si no se indica.\\n  7. categoria / subcategoria / articulo → usar cualquier valor de relleno por ahora (\\\"Categoria X\\\", \\\"Subcategoria Y\\\", \\\"Articulo Z\\\").\\n  8. asunto → preguntar al usuario si no está claro.\\n  9. descripcion_html → genera un diseño bonito con estilo HTML. Ejemplo:\\n     <div style=\\\"font-family:Arial,sans-serif;color:#333;\\\">\\n       <p><strong>Reporte del usuario:</strong> El usuario reporta que </p>\\n     </div>\\n     donde  es lo que el usuario escribió.\\n\\n- Nunca envíes el ticket si falta algún dato obligatorio; primero pregunta al usuario lo que falta.\\n- Después de usar la herramienta, responde al usuario indicando el ID del ticket generado (campo \\\"ID-ITIL\\\").\\n- Si el usuario solo conversa, responde normalmente.\\n\\nUsuario dijo:\\nes de prioridad normal, quiero que vengan acá a mi sitio, estoy en san isidro. Diria que el asunto es \\\"problema con microfono\\\" vengan rápido porfavor.\\nAI: Calling crear_ticket with input: {\\\"solicitante\\\":\\\"usuario de ia\\\",\\\"tipo_solicitud\\\":\\\"Incidente\\\",\\\"prioridad\\\":\\\"Normal\\\",\\\"estado\\\":\\\"Abierto\\\",\\\"modo\\\":\\\"Chat\\\",\\\"sucursal\\\":\\\"Sucursal 1\\\",\\\"categoria\\\":\\\"Categoria X\\\",\\\"subcategoria\\\":\\\"Subcategoria Y\\\",\\\"articulo\\\":\\\"Articulo Z\\\",\\\"asunto\\\":\\\"Problema con micrófono\\\",\\\"descripcion_html\\\":\\\"<div style=\\\\\\\"font-family:Arial,sans-serif;color:#333;\\\\\\\">\\\\n  <p><strong>Reporte del usuario:</strong> El usuario reporta que tiene un problema con su micrófono y solicita asistencia en su ubicación en San Isidro. Prioridad normal.</p>\\\\n</div>\\\",\\\"id\\\":\\\"0LTNAHeF7\\\"}[{\\\"id\\\":\\\"0LTNAHeF7\\\",\\\"name\\\":\\\"crear_ticket\\\",\\\"args\\\":{\\\"solicitante\\\":\\\"usuario de ia\\\",\\\"tipo_solicitud\\\":\\\"Incidente\\\",\\\"prioridad\\\":\\\"Normal\\\",\\\"estado\\\":\\\"Abierto\\\",\\\"modo\\\":\\\"Chat\\\",\\\"sucursal\\\":\\\"Sucursal 1\\\",\\\"categoria\\\":\\\"Categoria X\\\",\\\"subcategoria\\\":\\\"Subcategoria Y\\\",\\\"articulo\\\":\\\"Articulo Z\\\",\\\"asunto\\\":\\\"Problema con micrófono\\\",\\\"descripcion_html\\\":\\\"<div style=\\\\\\\"font-family:Arial,sans-serif;color:#333;\\\\\\\">\\\\n  <p><strong>Reporte del usuario:</strong> El usuario reporta que tiene un problema con su micrófono y solicita asistencia en su ubicación en San Isidro. Prioridad normal.</p>\\\\n</div>\\\",\\\"id\\\":\\\"0LTNAHeF7\\\"},\\\"type\\\":\\\"tool_call\\\"}]\\nTool: crear_ticket, [{\\\"_id\\\":\\\"69d29b848212b0c3c94c32bf\\\",\\\"solicitante\\\":\\\"usuario de ia\\\",\\\"tipo_solicitud\\\":\\\"Incidente\\\",\\\"prioridad\\\":\\\"Normal\\\",\\\"estado\\\":\\\"Abierto\\\",\\\"modo\\\":\\\"Chat\\\",\\\"sucursal\\\":\\\"Sucursal 1\\\",\\\"categoria\\\":\\\"Categoria X\\\",\\\"subcategoria\\\":\\\"Subcategoria Y\\\",\\\"articulo\\\":\\\"Articulo Z\\\",\\\"asunto\\\":\\\"Problema con micrófono\\\",\\\"descripcion_html\\\":\\\"<div style=\\\\\\\"font-family:Arial,sans-serif;color:#333;\\\\\\\">\\\\n  <p><strong>Reporte del usuario:</strong> El usuario reporta que tiene un problema con su micrófono y solicita asistencia en su ubicación en San Isidro. Prioridad normal.</p>\\\\n</div>\\\",\\\"ID-ITIL\\\":\\\"INC-0000008\\\",\\\"resolucion\\\":null,\\\"fecha_creacion\\\":\\\"2026-04-05T17:27:32.946000\\\"}]\\nAI: Se ha creado un ticket para tu problema con el micrófono. El ID del ticket es **INC-0000008**. Pronto alguien del equipo técnico se pondrá en contacto contigo para asistirte en San Isidro. ¡Gracias por tu paciencia! 😊\\nHuman: Eres un asistente inteligente de ServiceDesk.\\n\\nTu función es ayudar a los usuarios a resolver problemas de TI.\\n\\nDispones de una herramienta llamada crear_ticket.\\n\\nReglas:\\n\\n- Si el usuario reporta un problema, debes usar la herramienta crear_ticket.\\n- Nunca generes JSON manualmente.\\n- No menciones que estás usando herramientas.\\n- Antes de usar crear_ticket, asegúrate de tener toda la información completa:\\n\\n1. solicitante → se llena automáticamente con \\\"usuario de ia\\\".\\n2. tipo_solicitud → solo \\\"Requerimiento\\\" o \\\"Incidente\\\". Si no está claro, usa \\\"Incidente\\\" por defecto; solo pregunta si es realmente ambiguo.\\n3. prioridad → \\\"Alta\\\", \\\"Normal\\\" o \\\"Baja\\\". Usa \\\"Normal\\\" por defecto; pregunta solo si el usuario lo especifica diferente.\\n4. estado → por defecto \\\"Abierto\\\". Si el ticket ya tiene responsable, usa \\\"Asignado\\\". Si falta información, usa \\\"En espera\\\".\\n5. modo → \\\"Chat\\\", \\\"Email\\\", \\\"Mobile App\\\", \\\"Phone Call\\\" o \\\"Web Form\\\". Asume \\\"Chat\\\" si no está claro.\\n6. sucursal → 9 posibilidades. Para ahora, usa \\\"Sucursal 1\\\" si no se indica.\\n7. categoria / subcategoria / articulo → usar cualquier valor de relleno por ahora (\\\"Categoria X\\\", \\\"Subcategoria Y\\\", \\\"Articulo Z\\\").\\n8. asunto → si el mensaje del usuario tiene sentido como resumen, úsalo; pregunta solo si no se puede deducir.\\n9. descripcion_html → genera un diseño bonito con estilo HTML. Ejemplo:\\n   <div style=\\\"font-family:Arial,sans-serif;color:#333;\\\">\\n     <p><strong>Reporte del usuario:</strong> El usuario reporta que </p>\\n   </div>\\n   donde  es lo que el usuario escribió.\\n\\n- Nunca envíes el ticket si falta algún dato obligatorio; primero pregunta al usuario lo que falta, pero evita repetir información ya deducida.\\n- Después de usar la herramienta, responde al usuario indicando el ID del ticket generado (campo \\\"ID-ITIL\\\").\\n- Si el usuario solo conversa, responde normalmente.\\n\\nUsuario dijo:\\nHola qué tal?\\nAI: ¡Hola! 😊 ¿En qué puedo ayudarte hoy?\\nHuman: Eres un asistente inteligente de ServiceDesk.\\n\\nTu función es ayudar a los usuarios a resolver problemas de TI.\\n\\nDispones de una herramienta llamada crear_ticket.\\n\\nReglas:\\n\\n- Si el usuario reporta un problema, debes usar la herramienta crear_ticket.\\n- Nunca generes JSON manualmente.\\n- No menciones que estás usando herramientas.\\n- Antes de usar crear_ticket, asegúrate de tener toda la información completa:\\n\\n1. solicitante → se llena automáticamente con \\\"usuario de ia\\\".\\n2. tipo_solicitud → solo \\\"Requerimiento\\\" o \\\"Incidente\\\". Si no está claro, usa \\\"Incidente\\\" por defecto; solo pregunta si es realmente ambiguo.\\n3. prioridad → \\\"Alta\\\", \\\"Normal\\\" o \\\"Baja\\\". Usa \\\"Normal\\\" por defecto; pregunta solo si el usuario lo especifica diferente.\\n4. estado → por defecto \\\"Abierto\\\". Si el ticket ya tiene responsable, usa \\\"Asignado\\\". Si falta información, usa \\\"En espera\\\".\\n5. modo → \\\"Chat\\\", \\\"Email\\\", \\\"Mobile App\\\", \\\"Phone Call\\\" o \\\"Web Form\\\". Asume \\\"Chat\\\" si no está claro.\\n6. sucursal → 9 posibilidades. Para ahora, usa \\\"Sucursal 1\\\" si no se indica.\\n7. categoria / subcategoria / articulo → usar cualquier valor de relleno por ahora (\\\"Categoria X\\\", \\\"Subcategoria Y\\\", \\\"Articulo Z\\\").\\n8. asunto → si el mensaje del usuario tiene sentido como resumen, úsalo; pregunta solo si no se puede deducir.\\n9. descripcion_html → genera un diseño bonito con estilo HTML. Ejemplo:\\n   <div style=\\\"font-family:Arial,sans-serif;color:#333;\\\">\\n     <p><strong>Reporte del usuario:</strong> El usuario reporta que </p>\\n   </div>\\n   donde  es lo que el usuario escribió.\\n\\n- Nunca envíes el ticket si falta algún dato obligatorio; primero pregunta al usuario lo que falta, pero evita repetir información ya deducida.\\n- Después de usar la herramienta, responde al usuario indicando el ID del ticket generado (campo \\\"ID-ITIL\\\").\\n- Si el usuario solo conversa, responde normalmente.\\n\\nUsuario dijo:\\nLo que pasa es que no tengo internet en mi laptop, sale un mundito, estoy escribiéndote desde mi celular.\\nAI: Entiendo que tienes un problema con la conexión a internet en tu laptop. Para ayudarte, necesito confirmar lo siguiente:\\n\\n1. **Prioridad**: ¿Consideras que este problema es de prioridad alta, normal o baja? (Por defecto, lo marcaré como \\\"Normal\\\").\\n2. **Asunto**: ¿Podrías confirmar si el asunto es \\\"Problema de conexión a internet en laptop\\\"?\\n\\nCon esto, podré proceder a crear el ticket.\\nHuman: Eres un asistente inteligente de ServiceDesk.\\n\\nTu función es ayudar a los usuarios a resolver problemas de TI.\\n\\nDispones de una herramienta llamada crear_ticket.\\n\\nReglas:\\n\\n- Si el usuario reporta un problema, debes usar la herramienta crear_ticket.\\n- Nunca generes JSON manualmente.\\n- No menciones que estás usando herramientas.\\n- Antes de usar crear_ticket, asegúrate de tener toda la información completa:\\n\\n1. solicitante → se llena automáticamente con \\\"usuario de ia\\\".\\n2. tipo_solicitud → solo \\\"Requerimiento\\\" o \\\"Incidente\\\". Si no está claro, usa \\\"Incidente\\\" por defecto; solo pregunta si es realmente ambiguo.\\n3. prioridad → \\\"Alta\\\", \\\"Normal\\\" o \\\"Baja\\\". Usa \\\"Normal\\\" por defecto; pregunta solo si el usuario lo especifica diferente.\\n4. estado → por defecto \\\"Abierto\\\". Si el ticket ya tiene responsable, usa \\\"Asignado\\\". Si falta información, usa \\\"En espera\\\".\\n5. modo → \\\"Chat\\\", \\\"Email\\\", \\\"Mobile App\\\", \\\"Phone Call\\\" o \\\"Web Form\\\". Asume \\\"Chat\\\" si no está claro.\\n6. sucursal → 9 posibilidades. Para ahora, usa \\\"Sucursal 1\\\" si no se indica.\\n7. categoria / subcategoria / articulo → usar cualquier valor de relleno por ahora (\\\"Categoria X\\\", \\\"Subcategoria Y\\\", \\\"Articulo Z\\\").\\n8. asunto → si el mensaje del usuario tiene sentido como resumen, úsalo; pregunta solo si no se puede deducir.\\n9. descripcion_html → genera un diseño bonito con estilo HTML. Ejemplo:\\n   <div style=\\\"font-family:Arial,sans-serif;color:#333;\\\">\\n     <p><strong>Reporte del usuario:</strong> El usuario reporta que </p>\\n   </div>\\n   donde  es lo que el usuario escribió.\\n\\n- Nunca envíes el ticket si falta algún dato obligatorio; primero pregunta al usuario lo que falta, pero evita repetir información ya deducida.\\n- Después de usar la herramienta, responde al usuario indicando el ID del ticket generado (campo \\\"ID-ITIL\\\").\\n- Si el usuario solo conversa, responde normalmente.\\n\\nUsuario dijo:\\nSí, está bien\\nAI: Calling crear_ticket with input: {\\\"solicitante\\\":\\\"usuario de ia\\\",\\\"tipo_solicitud\\\":\\\"Incidente\\\",\\\"prioridad\\\":\\\"Normal\\\",\\\"estado\\\":\\\"Abierto\\\",\\\"modo\\\":\\\"Chat\\\",\\\"sucursal\\\":\\\"Sucursal 1\\\",\\\"categoria\\\":\\\"Categoria X\\\",\\\"subcategoria\\\":\\\"Subcategoria Y\\\",\\\"articulo\\\":\\\"Articulo Z\\\",\\\"asunto\\\":\\\"Problema de conexión a internet en laptop\\\",\\\"descripcion_html\\\":\\\"<div style=\\\\\\\"font-family:Arial,sans-serif;color:#333;\\\\\\\">\\\\n  <p><strong>Reporte del usuario:</strong> El usuario reporta que no tiene internet en su laptop y aparece un icono de un mundo. Está contactando desde su celular.</p>\\\\n</div>\\\",\\\"id\\\":\\\"33dSLCCMA\\\"}[{\\\"id\\\":\\\"33dSLCCMA\\\",\\\"name\\\":\\\"crear_ticket\\\",\\\"args\\\":{\\\"solicitante\\\":\\\"usuario de ia\\\",\\\"tipo_solicitud\\\":\\\"Incidente\\\",\\\"prioridad\\\":\\\"Normal\\\",\\\"estado\\\":\\\"Abierto\\\",\\\"modo\\\":\\\"Chat\\\",\\\"sucursal\\\":\\\"Sucursal 1\\\",\\\"categoria\\\":\\\"Categoria X\\\",\\\"subcategoria\\\":\\\"Subcategoria Y\\\",\\\"articulo\\\":\\\"Articulo Z\\\",\\\"asunto\\\":\\\"Problema de conexión a internet en laptop\\\",\\\"descripcion_html\\\":\\\"<div style=\\\\\\\"font-family:Arial,sans-serif;color:#333;\\\\\\\">\\\\n  <p><strong>Reporte del usuario:</strong> El usuario reporta que no tiene internet en su laptop y aparece un icono de un mundo. Está contactando desde su celular.</p>\\\\n</div>\\\",\\\"id\\\":\\\"33dSLCCMA\\\"},\\\"type\\\":\\\"tool_call\\\"}]\\nTool: [{\\\"_id\\\":\\\"69d29de78212b0c3c94c32c0\\\",\\\"solicitante\\\":\\\"usuario de ia\\\",\\\"tipo_solicitud\\\":\\\"Incidente\\\",\\\"prioridad\\\":\\\"Normal\\\",\\\"estado\\\":\\\"Abierto\\\",\\\"modo\\\":\\\"Chat\\\",\\\"sucursal\\\":\\\"Sucursal 1\\\",\\\"categoria\\\":\\\"Categoria X\\\",\\\"subcategoria\\\":\\\"Subcategoria Y\\\",\\\"articulo\\\":\\\"Articulo Z\\\",\\\"asunto\\\":\\\"Problema de conexión a internet en laptop\\\",\\\"descripcion_html\\\":\\\"<div style=\\\\\\\"font-family:Arial,sans-serif;color:#333;\\\\\\\">\\\\n  <p><strong>Reporte del usuario:</strong> El usuario reporta que no tiene internet en su laptop y aparece un icono de un mundo. Está contactando desde su celular.</p>\\\\n</div>\\\",\\\"ID-ITIL\\\":\\\"INC-0000009\\\",\\\"resolucion\\\":null,\\\"fecha_creacion\\\":\\\"2026-04-05T17:37:43.806000\\\"}]\"],\"options\":{\"mistral_api_key\":{\"lc\":1,\"type\":\"secret\",\"id\":[\"MISTRAL_API_KEY\"]},\"model\":\"devstral-latest\",\"http_client\":{\"options\":{},\"requestHooks\":[],\"requestErrorHooks\":[],\"responseHooks\":[]},\"metadata\":{\"versions\":{\"@langchain/core\":\"1.1.34\"}}},\"response\":{\"response\":{\"generations\":[[{\"text\":\"Se ha creado un ticket para tu problema de conexión a internet en la laptop. El ID del ticket es **INC-0000009**. Pronto alguien del equipo técnico se pondrá en contacto contigo para ayudarte. ¡Gracias por tu paciencia! 😊\",\"generationInfo\":{\"finishReason\":\"stop\"}}]]},\"tokenUsage\":{\"completionTokens\":61,\"promptTokens\":3730,\"totalTokens\":3791}}}"}}
{"__type":"$$EventMessageConfirm","confirm":"4b295233-7f9c-4313-8b9e-4d766075f191","ts":"2026-04-05T13:37:45.219-04:00","source":{"id":"0","name":"eventBus"}}
{"__type":"$$EventMessageNode","id":"2c541999-b6c6-4e02-987c-9b67a4d751f0","ts":"2026-04-05T13:37:45.344-04:00","eventName":"n8n.node.finished","message":"n8n.node.finished","payload":{"workflowId":"YIYJI8ZkPUi59kQQ","workflowName":"My workflow","executionId":"70","nodeType":"@n8n/n8n-nodes-langchain.agent","nodeName":"AI Agent","nodeId":"9a07d0c0-fee7-4cf3-bf7c-e89cbd9d96c9"}}
{"__type":"$$EventMessageConfirm","confirm":"2c541999-b6c6-4e02-987c-9b67a4d751f0","ts":"2026-04-05T13:37:45.345-04:00","source":{"id":"0","name":"eventBus"}}
{"__type":"$$EventMessageNode","id":"a29e2f1f-e501-459f-9d5a-072f853e7bdf","ts":"2026-04-05T13:37:45.345-04:00","eventName":"n8n.node.started","message":"n8n.node.started","payload":{"workflowId":"YIYJI8ZkPUi59kQQ","workflowName":"My workflow","executionId":"70","nodeType":"n8n-nodes-base.respondToWebhook","nodeName":"Respond to Webhook","nodeId":"4299c8c6-af2f-4b17-be27-4cb1faf7742f"}}
{"__type":"$$EventMessageConfirm","confirm":"a29e2f1f-e501-459f-9d5a-072f853e7bdf","ts":"2026-04-05T13:37:45.345-04:00","source":{"id":"0","name":"eventBus"}}
{"__type":"$$EventMessageNode","id":"e0dac73e-96d4-46e0-ac18-c54896e41834","ts":"2026-04-05T13:37:45.347-04:00","eventName":"n8n.node.finished","message":"n8n.node.finished","payload":{"workflowId":"YIYJI8ZkPUi59kQQ","workflowName":"My workflow","executionId":"70","nodeType":"n8n-nodes-base.respondToWebhook","nodeName":"Respond to Webhook","nodeId":"4299c8c6-af2f-4b17-be27-4cb1faf7742f"}}
{"__type":"$$EventMessageConfirm","confirm":"e0dac73e-96d4-46e0-ac18-c54896e41834","ts":"2026-04-05T13:37:45.347-04:00","source":{"id":"0","name":"eventBus"}}
{"__type":"$$EventMessageWorkflow","id":"79a72bec-f5ad-45ee-a51c-541b5130afe6","ts":"2026-04-05T13:37:45.348-04:00","eventName":"n8n.workflow.success","message":"n8n.workflow.success","payload":{"executionId":"70","success":true,"isManual":false,"mode":"webhook","workflowId":"YIYJI8ZkPUi59kQQ","workflowName":"My workflow"}}
{"__type":"$$EventMessageConfirm","confirm":"79a72bec-f5ad-45ee-a51c-541b5130afe6","ts":"2026-04-05T13:37:45.348-04:00","source":{"id":"0","name":"eventBus"}}
